Wed May 13 00:18:25 +0000 2015,RT @Echo_Empire: THIS THURSDAY 5/14*Bringing you BANKRUPT!FREE show @ #TheVaultLIVE DJS!CHEAP DRINKS!#TXST #BOBCATS #PARTYTIME http://‚Ä¶
Wed May 13 00:10:04 +0000 2015,#TrackTuesday the team cheering on jav beneath the underpass #lit #barbaric #Bobcats #D2 http://t.co/WeHruQUVl6
Tue May 12 23:29:58 +0000 2015,Come out Thursday May 21 at 7pm Let's get it!!! #Bobcats http://t.co/qTSmRdR5wh
Tue May 12 23:02:03 +0000 2015,#TXST #Bobcats üêæ https://t.co/coVnYXyKKm
Tue May 12 22:58:38 +0000 2015,RT @SleeperAthletes: #Frisco HS (TX) 2017 OL Jack Anderson (@JackAnderson_53) receives offer from the #TexasState #Bobcats
Tue May 12 22:53:45 +0000 2015,Huge win for @dlindy11 and his #Bobcats over #Perrysburg 6-5 #BobcatProud #Coachsmomma
Tue May 12 22:45:53 +0000 2015,@Echo_Empire Top #bobcats influencer! Want to declutter you inbox quickly? Unroll.Me can help: http://t.co/QS03eeF40m
Tue May 12 22:20:11 +0000 2015,RT @FollowbackImage: #Bobcats „ÄêRETWEET„Äë #Followback #Follow #TFB #TFBJP #F4F #FF #Me #Love #TF #Like #MGWV @FollowbackImage http://t.co/2RX‚Ä¶
Tue May 12 22:15:19 +0000 2015,#Bobcats „ÄêRETWEET„Äë #Followback #Follow #TFB #TFBJP #F4F #FF #Me #Love #TF #Like #MGWV @FollowbackImage http://t.co/2RXNIzXzn2
Tue May 12 22:04:26 +0000 2015,#Bobcats Commitment Capsule: Austin Andrews - Michigan State adds a commitment from Columbus (Ohio) St. Fra... http://t.co/duKu9tUJig
Tue May 12 21:40:10 +0000 2015,http://t.co/EEkB0NdMH9: BIG IS ON! http://t.co/zTeTZd6SWw #bobcats #charlotte
Tue May 12 21:12:53 +0000 2015,Not even a Ohio State fan but @DLozer0 is gonna ball out in The League #NBADraft #Bobcats
Tue May 12 20:51:05 +0000 2015,http://t.co/EEkB0NdMH9:... http://t.co/jF6K6RcQrb #blake #bobcats #charlotte #clippers #crawford #february #finds #griffin #jamal #jazz
Tue May 12 20:37:59 +0000 2015,#USDA #WildlifeServices killed 796 #Bobcats. Please speak up for our USA #wildlife: http://t.co/NQpwKVY8fZ #BigCats http://t.co/bNby9M8RIZ
Tue May 12 19:38:29 +0000 2015,http://t.co/EEkB0NdMH9: Kris... http://t.co/8Qjk1Vwg6Y #bobcats #celtics #charlotte #denies #humphries #january #jeremy #kris #rockets
Tue May 12 19:35:41 +0000 2015,RT @ucmercedlib: @UCMerced the library #SummerIntersession hours start May 18 and end May 22 8am-5pm. Good Luck on #Finals #Bobcats http:‚Ä¶
Tue May 12 19:29:33 +0000 2015,RT @Echo_Empire: THIS THURSDAY 5/14*Bringing you BANKRUPT!FREE show @ #TheVaultLIVE DJS!CHEAP DRINKS!#TXST #BOBCATS #PARTYTIME http://‚Ä¶
Tue May 12 19:21:05 +0000 2015,@UCMerced the library #SummerIntersession hours start May 18 and end May 22 8am-5pm. Good Luck on #Finals #Bobcats http://t.co/bExUqseAgv
Tue May 12 19:08:08 +0000 2015,@_AlexSarmiento Leading the way in #bobcats! Tired of unwanted subscription emails? Try Unroll.Me: http://t.co/QS03eeF40m
Tue May 12 18:42:41 +0000 2015,Air Jordan Barcelona Days/Bobcats | http://t.co/YB7KusFo03 via @Kixify #barcelona10s #bobcats #jordan10 #bobcat10s #bobcat10 #BarcelonaDay
Tue May 12 17:52:48 +0000 2015,RT @SweetcloverBCM: #Montana State #Bobcats Toddler Girl Dress Sz 2 Blue #MSU http://t.co/whs1Lrg0Wq via @eBay http://t.co/OGU6Kgsup5
Tue May 12 17:47:28 +0000 2015,Big week starts now! Let's get it boys!! #RoadToIdaho #STU #Bobcats ‚öæÔ∏è‚öæÔ∏è @ Georgia Gwinnett College https://t.co/zJzzYRzu32
Tue May 12 17:27:23 +0000 2015,RT @Echo_Empire: THIS THURSDAY 5/14*Bringing you BANKRUPT!FREE show @ #TheVaultLIVE DJS!CHEAP DRINKS!#TXST #BOBCATS #PARTYTIME http://‚Ä¶
Tue May 12 16:56:03 +0000 2015,THIS THURSDAY 5/14*Bringing you BANKRUPT!FREE show @ #TheVaultLIVE DJS!CHEAP DRINKS!#TXST #BOBCATS #PARTYTIME http://t.co/2U6mhdYupv
Tue May 12 16:43:56 +0000 2015,@sweetdd93 Top of #bobcats leaderboard! Need to clean up your inbox? Unroll.Me can help: http://t.co/QS03eeF40m
Tue May 12 16:24:39 +0000 2015,http://t.co/EEkB0NdMH9: Brooklyn Nets vs Charlotte... http://t.co/h7MwUQyrLx #bobcats #brooklyn #charlotte #highlights #march #nets
Tue May 12 15:42:42 +0000 2015,Five more days!!!!!!!! #UCM2015 #AlmostDone  #CrossTheFinishLine #Bobcats #BitterSweet #Excited‚Ä¶ https://t.co/nL0qo63fSg
Tue May 12 15:27:12 +0000 2015,@GundersonNathan GO #Bobcats! Show your team spirit with a set of our custom sports plates! Check them out here:  http://t.co/6hNw99Io0Q
Tue May 12 15:05:58 +0000 2015,#Bobcats Midwest Regional Recruiting Roundup - All the news and notes from the Midwest in Scout's weekly Re... http://t.co/ZjTZC4kxJy
Tue May 12 14:59:29 +0000 2015,@StThomasUniv Congrats top of #bobcats! Unroll.Me can simplify your email's inbox. http://t.co/QS03eeF40m
Tue May 12 13:41:27 +0000 2015,@carolineadamski we love your attitude. #Bobcats #stthomasuniversitymiami
Tue May 12 13:31:55 +0000 2015,@RickVK Top of #bobcats today! Tired of unwanted subscription emails? Try Unroll.Me: http://t.co/QS03eeF40m
Tue May 12 13:00:55 +0000 2015,#Bobcats The Opening: Charlotte Top Underclassmen - CHARLOTTE N.C. -- There was a lot of talent on hand at... http://t.co/acUOqdkd5O
Tue May 12 12:40:31 +0000 2015,Check out this item in my Etsy shop https://t.co/NC9MixHQzq #Texas #BobcatFamily #bobcats #texasstate #Babyshower
Tue May 12 12:24:35 +0000 2015,#Bobcats „ÄêRETWEET„Äë #Followback #Follow #TFB #TFBJP #F4F #FF #Me #Love #TF #Like #MGWV @FollowbackImage http://t.co/2uFuptWQft
Tue May 12 12:22:16 +0000 2015,http://t.co/EEkB0NdMH9: ‚òõTV!‚òõ Charlotte Bobcats vs Chicago Bulls... http://t.co/oZsjqdf6wK #bobcats #bulls #charlotte #chicago #online
Tue May 12 11:09:15 +0000 2015,http://t.co/EEkB0NdMH9: Cheap NBA super star Chicago... http://t.co/oycBGwTMwi #bobcats #bulls #charlotte #cheap #chicago #jordan #michael
Tue May 12 09:06:30 +0000 2015,‚ñà‚ñÄ‚ñà‚ïó‚ïî‚ñÄ‚ïî‚ïó‚ñÄ‚ñà‚ñÄ‚ñà‚ïî‚ïó‚ï¶‚ïó‚ïî‚ïó‚ïî‚ïó‚ïî‚ï¶‚ïó‚ïî‚ïó ‚ñà‚ñë‚ñà‚ï†‚ï£‚ïë‚ïë‚ïë‚ñë‚ñà‚ñÄ‚ñà‚ïë‚ïë‚ï†‚ï£‚ïë‚ñë‚ï†‚ï£‚ñë‚ïë‚ñë‚ïö‚ïó ‚ñà‚ñÑ‚ñà‚ïù‚ïö‚ï©‚ïö‚ïù‚ñÑ‚ñà‚ñÑ‚ñà‚ïö‚ïù‚ï©‚ïù‚ïö‚ïù‚ïù‚ïö‚ñë‚ï©‚ñë‚ïö‚ïù#Ohio #Bobcats #CollegeFootball http://t.co/uXMD9GDy6z
Tue May 12 08:13:40 +0000 2015,Would love to run for them... #Bobcats http://t.co/plZMeyS4p2
Tue May 12 08:04:50 +0000 2015,#Bobcats Early Interest Picking Up For Ethan Bradds - One prospect Scout is watching in the 2017 class is O... http://t.co/nm1cgSLNzg
Tue May 12 06:38:33 +0000 2015,@MJ_L_97 happy birthday bro! Hope you enjoyed your day! #Bobcats
Tue May 12 03:20:05 +0000 2015,#Bobcats #gerald wallace 2010-11 panini season update all-star game-worn #jersey LINK:http://t.co/la0TkQB9Zd http://t.co/iklQDoHRie
Tue May 12 03:01:58 +0000 2015,RT BingeTube: http://t.co/60YSYUY2QA: Josh McRoberts... http://t.co/9EHR5I7fjK #bobcats #detroit #four #january‚Ä¶ http://t.co/OYOzoLfH8R
Tue May 12 03:01:31 +0000 2015,RT @bbob17: @BentonCSD Benton Community 6th graders loving the annual mud hike at Camp Wapsie! #Bobcats http://t.co/XtG1URJyhE
Tue May 12 02:59:38 +0000 2015,http://t.co/EEkB0NdMH9: Josh McRoberts... http://t.co/30YAjWY1Cp #bobcats #detroit #four #january #josh #long-range #mcroberts #pistons
Tue May 12 02:52:29 +0000 2015,RT @bbob17: @BentonCSD Benton Community 6th graders loving the annual mud hike at Camp Wapsie! #Bobcats http://t.co/XtG1URJyhE
Tue May 12 02:33:18 +0000 2015,Congratulations to @TXSTUniversity alumn #ThomasField on his 1st Major League HR! @Rangers #TxState #Bobcats #RangersBaseball #TexasNative
Tue May 12 02:05:45 +0000 2015,RT @satscribe: #TxSt lacrosse loses in MCLA national tourney. Damn. Good season #Bobcats.
Tue May 12 01:52:51 +0000 2015,#TxSt lacrosse loses in MCLA national tourney. Damn. Good season #Bobcats.
Tue May 12 01:45:33 +0000 2015,I'm ready for another amazing season!! #ibk #bobcats #cubs #icecats!!! Bring it on 2015-2016 season! üíô‚úäüèº
Tue May 12 01:34:16 +0000 2015,RT @comebackkidjoe: Come on out tomorrow after school ladies and see some hot guys play volleyball! #bobcats #co2016
Tue May 12 01:32:26 +0000 2015,RT @comebackkidjoe: Come on out tomorrow after school ladies and see some hot guys play volleyball! #bobcats #co2016
Tue May 12 01:28:01 +0000 2015,Come on out tomorrow after school ladies and see some hot guys play volleyball! #bobcats #co2016
Tue May 12 01:18:52 +0000 2015,RT @marcjames: I'm Not Trolling #Charlotte but I still CAN'T believe #Bobcats in 2012 picked Michael Kidd-Gilchrist OVER Bradley Beal &amp Da‚Ä¶
Tue May 12 01:16:27 +0000 2015,RT @marcjames: I'm Not Trolling #Charlotte but I still CAN'T believe #Bobcats in 2012 picked Michael Kidd-Gilchrist OVER Bradley Beal &amp Da‚Ä¶
Tue May 12 01:15:14 +0000 2015,RT @marcjames: I'm Not Trolling #Charlotte but I still CAN'T believe #Bobcats in 2012 picked Michael Kidd-Gilchrist OVER Bradley Beal &amp Da‚Ä¶
Tue May 12 01:13:37 +0000 2015,That's what it feels like to give it everything you have. #Bobcats #Sprinkles
Tue May 12 01:12:53 +0000 2015,RT @marcjames: I'm Not Trolling #Charlotte but I still CAN'T believe #Bobcats in 2012 picked Michael Kidd-Gilchrist OVER Bradley Beal &amp Da‚Ä¶
Tue May 12 01:11:29 +0000 2015,I'm Not Trolling #Charlotte but I still CAN'T believe #Bobcats in 2012 picked Michael Kidd-Gilchrist OVER Bradley Beal &amp Damian Lillard.
Tue May 12 01:06:34 +0000 2015,RT @Krstec11: Homie got athlete of the year @BillyCastrovin1 hard work pays off bill!! #Bobcats
Tue May 12 01:03:44 +0000 2015,Homie got athlete of the year @BillyCastrovin1 hard work pays off bill!! #Bobcats
Tue May 12 00:50:04 +0000 2015,@TxStateLacrosse nice job by coach #kylesaunders vs #coloradolacrosse tonight go #bobcats !
Tue May 12 00:33:32 +0000 2015,http://t.co/EEkB0NdMH9: Leading Off: Pictures of the Week http://t.co/UmLHbnRe6e #bobcats #charlotte #leading #pictures
Tue May 12 00:18:47 +0000 2015,RT @daknotestine: 2015 Ohio Summer Football workouts have started. Here we come #ohiofootball #ohiou #bobcats #ohiostrong https://t.co/wUnT‚Ä¶
Tue May 12 00:15:45 +0000 2015,Former Kentucky Wildcat Michael Kidd-Gilchrist to Represent Charlotte Hornets at Lottery: ... http://t.co/m1BmCDRrAR #Charlotte #Bobcats
Tue May 12 00:09:06 +0000 2015,http://t.co/EEkB0NdMH9: Watch Los Angeles Clippers v... http://t.co/jsasv08woe #angeles #basketball #bobcats #charlotte #clippers
Tue May 12 00:00:17 +0000 2015,"Do what you can where you can with what you have." - Teddy Roosevelt#InspirationMonday #bobcats #ohiouniversity #athensohio #visitathens
Mon May 11 22:45:21 +0000 2015,@daknotestine Top of #bobcats leaderboard! Need to clean up your inbox? Unroll.Me can help: http://t.co/QS03eeF40m
Mon May 11 22:32:42 +0000 2015,http://t.co/EEkB0NdMH9: NBA: Detroit Pistons #squander 20-point lead lose... http://t.co/t0o3Z0KwpM #bobcats #charlotte #detroit #pistons
Mon May 11 22:10:12 +0000 2015,#BaconAcademy #Bobcats #Colchester #Connecticut #softball #rayshawphotography https://t.co/YGmRL1g66D
Mon May 11 21:44:21 +0000 2015,http://t.co/EEkB0NdMH9: Charlotte Bobcats vs Houston... http://t.co/7OD5AwRHMw #bobcats #charlotte #highlights #houston #october #rockets
Mon May 11 21:43:05 +0000 2015,#Bobcats @KaylaChapman11  https://t.co/4ZwJsZPOZ3
Mon May 11 21:41:43 +0000 2015,@BentonCSD Benton Community 6th graders loving the annual mud hike at Camp Wapsie! #Bobcats http://t.co/XtG1URJyhE
Mon May 11 21:20:59 +0000 2015,RT @daknotestine: 2015 Ohio Summer Football workouts have started. Here we come #ohiofootball #ohiou #bobcats #ohiostrong https://t.co/wUnT‚Ä¶
Mon May 11 21:06:42 +0000 2015,@jpptpa @SI_PeterKing I value his opinion as well ... Of course I'm bias! I like #Bobcats
Mon May 11 20:56:56 +0000 2015,Trey Phills son of late Charlotte Hornets star Bobby to play for Yale next season: Later... http://t.co/InH61Itva7 #Charlotte #Bobcats
Mon May 11 20:56:17 +0000 2015,http://t.co/EEkB0NdMH9: New Orleans Pelicans vs... http://t.co/oqveVrA2AE #bobcats #charlotte #highlights #orleans #pelicans #recap
Mon May 11 20:21:11 +0000 2015,2015 Ohio Summer Football workouts have started. Here we come #ohiofootball #ohiou #bobcats #ohiostrong https://t.co/wUnToQ6Aj7
Mon May 11 19:09:01 +0000 2015,@OhioOnScout Top #bobcats influencer! Want to declutter you inbox quickly? Unroll.Me can help: http://t.co/QS03eeF40m
Mon May 11 18:29:40 +0000 2015,http://t.co/EEkB0NdMH9: Charlotte... http://t.co/2408Ysc2Z8 #atlanta #bobcats #charlotte #december #hawks #prediction #preview #saturday
Mon May 11 17:16:43 +0000 2015,http://t.co/EEkB0NdMH9: Charlotte Bobcats Reveal Night http://t.co/4Aym55I48W #bobcats #charlotte #reveal
Mon May 11 16:43:58 +0000 2015,@beachcat71 Leading the way in #bobcats! Tired of unwanted subscription emails? Try Unroll.Me: http://t.co/QS03eeF40m
Mon May 11 16:43:42 +0000 2015,RT @Ebattle_8: Blessed To Say I Have Received my First Offer From Ohio University üôåüèΩüèàüèà#Bobcats http://t.co/TBWlNEK7Cx
Mon May 11 16:19:55 +0000 2015,@JasonMcEndoo Gotta love them #Bobcats right coach? Hehe
Mon May 11 16:04:10 +0000 2015,http://t.co/EEkB0NdMH9: Serge... http://t.co/5AKGrRKRyC #bobcats #december #ibaka #kemba #phoenix #rejects #serge #suns #thunder #walker
Mon May 11 15:51:27 +0000 2015,Air Jordan Barcelona Days/Bobcats | http://t.co/c2mfVQ24F2 via @Kixify #barcelona10s #bobcats #jordan10 #bobcat10s #bobcat10 #nike #soles
Mon May 11 15:42:08 +0000 2015,Check out our Facebook page for pictures from the student worker party last week!#Bobcats #TXST #CompSci
Mon May 11 15:29:12 +0000 2015,#Repost from petekotses -- Hey! I know that cat! -- #OhioUniversity #Rufus #Bobcats #OUOhYeah https://t.co/xm91n6uWSW
Mon May 11 15:24:35 +0000 2015,#Repost from petekotses -- Hey! I know that cat! -- #OhioUniversity #Rufus #Bobcats #OUOhYeah https://t.co/gJKZdaZepL
Mon May 11 14:59:51 +0000 2015,@Melissa_Lockets Top of #bobcats leaderboard! Need to clean up your inbox? Unroll.Me can help: http://t.co/QS03eeF40m
Mon May 11 14:51:20 +0000 2015,http://t.co/EEkB0NdMH9: Special Michael Jordan... http://t.co/4gqtcShdGs #arena #bobcats #charlotte #frightening #jordan #michael
Mon May 11 14:36:38 +0000 2015,#origamiowl #congrats #quinnipiac #quinnipiacuniversity #blueandgold #bobcats #grad #congratulations‚Ä¶ https://t.co/7ioYV97ru9
Mon May 11 13:56:40 +0000 2015,#SouthWindsor #Connecticut ##Bobcats #Golf #rayshawphotography https://t.co/ua0wkDf454
Mon May 11 13:37:16 +0000 2015,Trying To Get In Touch With Texas State Coaching Staff.... #Bobcats
Mon May 11 13:31:11 +0000 2015,@Kaycelavio91 Top of #bobcats today! Organize your emails: quickly and easily! Try Unroll.Me http://t.co/QS03eeF40m
Mon May 11 12:54:25 +0000 2015,I'll be making this face again when I finish finals! #almostdone #finals #txstate #bobcats https://t.co/Mhlmlgcd6d
Mon May 11 10:00:03 +0000 2015,http://t.co/EEkB0NdMH9: Ramon Sessions Bullet... http://t.co/CMSQlCUoZM #bobcats #bullet #charlotte #january #ramon #raptors #sessions
Mon May 11 08:47:15 +0000 2015,http://t.co/EEkB0NdMH9: John Wall Dimes Nene!... http://t.co/Lzee1Br7iS #bobcats #charlotte #dimes #john #nene #pacers #playoffs #wizards
Mon May 11 07:33:39 +0000 2015,http://t.co/EEkB0NdMH9: 2014 Air Jordan Retro 10 X Bobcats http://t.co/hoAWyOVri2 #bobcats #charlotte #jordan #retro
Mon May 11 02:04:44 +0000 2015,And just like that freshman year came to an end.  I had an amazing freshman year.  #txstate #bobcats @vivicavazos http://t.co/3nyskP5eUa
