Wed May 13 01:08:16 +0000 2015,RT @paugasol: Tonight we have a difficult game against the #Bucks. Protect our home floor! #SeeRed @UnitedCenter
Wed May 13 01:06:41 +0000 2015,I love Mirotic's game and hate his persona. As a #Bucks fan that's not going to be an enjoyable combination the next few years.
Wed May 13 01:05:31 +0000 2015,Go #Bucks http://t.co/jq0lypL4ZT #follow #NBA #Milwaukee Bucks
Wed May 13 00:50:03 +0000 2015,Atlantic Notes :Anderson Iverson Knicks http://t.co/tn32UMsbVy #Bucks #NBA
Wed May 13 00:28:08 +0000 2015,Philly's Shyamalan hits TV with the twisted 'Wayward Pin  http://t.co/HQqqRSj1AH  #bucks #philly #tv #waywardpines
Wed May 13 00:23:41 +0000 2015,RT @SleeperAthletes: #DeerfieldBeach #Bucks showing major love to #SleeperAthletes rolling out the #JohnDeere &amp @Gatorade for my visit http…
Wed May 13 00:23:35 +0000 2015,#Bucks Tweets: The @BucksProShop at Mayfair Mall is now open!! Stop by tonight for brand new items!!… #NBA http://t.co/K0C0hznlTW
Wed May 13 00:20:06 +0000 2015,#Bucks Tweets: Join us for the Bucks Summer Block Party and the unveiling of our NEW… http://t.co/bTOHOO4vjL #NBA http://t.co/K0C0hznlTW
Wed May 13 00:18:46 +0000 2015,RT @jeremykuta: New Bucks gear looks DOPE! @Bucks #Bucks #MKE
Wed May 13 00:18:32 +0000 2015,RT @SleeperAthletes: #DeerfieldBeach #Bucks showing major love to #SleeperAthletes rolling out the #JohnDeere &amp @Gatorade for my visit http…
Tue May 12 23:58:01 +0000 2015,RT @AmershamRT: Another beer festival/ Carnival meeting tonight between @AmershamRT all is progressing watch this space for the band line…
Tue May 12 23:41:36 +0000 2015,http://t.co/JDe7w4y50X [NBA] - Giannis Plays Pick Up Basketball In Greece  #Bucks http://t.co/3kKZx5HgBl
Tue May 12 23:41:24 +0000 2015,#Bucks Tweets: The Top Performances Of 14-15 » http://t.co/JxmuNDpR8I http://t.co/NOXyotqDdN #NBA http://t.co/K0C0hznlTW
Tue May 12 23:39:39 +0000 2015,#Bucks: Giannis Plays Pick Up Basketball In Greece @G_ante34 @Bucks This is awesome! #FearTheDeer #OwnTheFuture
Tue May 12 23:32:48 +0000 2015,RT @HunterdonTalk: Spring 2015 Girls on the Run 5K - May 31st #Hunterdon #Bucks &amp #Warren Counties http://t.co/T1CtraD9PN
Tue May 12 23:30:09 +0000 2015,DeMarre Carroll Believed To Have Injured Hip Pointer On Nene Screen http://t.co/cvZj6IvJTu #Bucks #NBA
Tue May 12 23:25:07 +0000 2015,RT @jeremykuta: New Bucks gear looks DOPE! @Bucks #Bucks #MKE
Tue May 12 23:15:07 +0000 2015,RT @DonWalkerJS: .#Bucks holding summer block party on June 6 at Schlitz Park. New unis will be unveiled.
Tue May 12 23:12:13 +0000 2015,RT @DonWalkerJS: .#Bucks holding summer block party on June 6 at Schlitz Park. New unis will be unveiled.
Tue May 12 23:08:14 +0000 2015,RT @DonWalkerJS: Union activists community leaders press for good jobs with arena deal: http://t.co/pMcHwVPAX2 #Bucks
Tue May 12 23:08:09 +0000 2015,#milwaukee #bucks #MIL Bucks Arena Talks Center on Use of Public Money http://t.co/IjRM75EJE4
Tue May 12 23:07:54 +0000 2015,RT @DonWalkerJS: .#Bucks holding summer block party on June 6 at Schlitz Park. New unis will be unveiled.
Tue May 12 23:05:52 +0000 2015,RT @DonWalkerJS: .#Bucks holding summer block party on June 6 at Schlitz Park. New unis will be unveiled.
Tue May 12 23:05:08 +0000 2015,#MilwaukeeBucks Union leaders activists press for good jobs with arena deal: "The (Milwaukee Bucks) ow... http://t.co/fUcMqRG1YW #Bucks
Tue May 12 23:00:27 +0000 2015,#NBA #Bucks - Milwaukee Bucks 2 7/8" Vintage Retro Alternate Logo 1978-1993 Patch Baske... http://t.co/9vzWZb7mkz http://t.co/k33Sm3HFUt
Tue May 12 23:00:26 +0000 2015,#NBA #Bucks - Milwaukee -BUCKS Sport Apparel shirt-NBA-Size 10-12:  $9.95End Date: Thur... http://t.co/RCeXhMsG1T http://t.co/k33Sm3HFUt
Tue May 12 22:56:54 +0000 2015,http://t.co/JDe7w4y50X Mitchell and Ness NBA Media Day Wool Milwaukee Bucks NG78Z Red S #Bucks http://t.co/PRTg0cEdh2
Tue May 12 22:53:23 +0000 2015,... http://t.co/DpwJg2otsw #bucks #gasol #golden #grizzlies #monster #october #pondexter #preseason #steal #warriors
Tue May 12 22:51:06 +0000 2015,RT @SleeperAthletes: #DeerfieldBeach #Bucks showing major love to #SleeperAthletes rolling out the #JohnDeere &amp @Gatorade for my visit http…
Tue May 12 22:51:00 +0000 2015,Giannis Plays Pick Up Basketball In Greece http://t.co/vWnmnmU6ug #Bucks
Tue May 12 22:49:21 +0000 2015,Positively Philadelphia:   The Michener Art Museum   http://t.co/ocD5NxwyQi  #artmuseum #bucks
Tue May 12 22:42:29 +0000 2015,4YRS. FULLY LACED. #BMB #BUCKS #100Trilly https://t.co/hRR1EaNPd2
Tue May 12 22:42:10 +0000 2015,33 [M4F] #Bucks county/Philadelphia- Eat Your Peach #reddit #muffdivehttp://t.co/gEy93pN694
Tue May 12 22:40:42 +0000 2015,http://t.co/JDe7w4y50X Giannis Plays Pick Up Basketball In Greece  #Bucks http://t.co/NbP4JDvxAY
Tue May 12 22:40:07 +0000 2015,Woelfel On Thibodeau Carter-Williams Middleton http://t.co/EYRgMxZLSM #Bucks #NBA
Tue May 12 22:39:38 +0000 2015,@deadlyforte #BMB #BUCKS #100Trilly https://t.co/boML43vrAC
Tue May 12 22:39:31 +0000 2015,RT @DonWalkerJS: Union activists community leaders press for good jobs with arena deal: http://t.co/pMcHwVPAX2 #Bucks
Tue May 12 22:37:30 +0000 2015,RT @DonWalkerJS: Union activists community leaders press for good jobs with arena deal: http://t.co/pMcHwVPAX2 #Bucks
Tue May 12 22:35:57 +0000 2015,RT @DailyBUCKS: POLICE NEWS: Appeal for information after rape – Milton Keynes http://t.co/hmh7C9TfU0 #Bucks
Tue May 12 22:33:05 +0000 2015,@k00lj0hn #BMB #BUCKS #100Trilly https://t.co/WO9HcWW8Q0
Tue May 12 22:32:35 +0000 2015,Union activists community leaders press for good jobs with arena deal: http://t.co/pMcHwVPAX2 #Bucks
Tue May 12 22:29:07 +0000 2015,http://t.co/EEkB0NdMH9: COD Cheap #authentic... http://t.co/O9IyYvzaRh #bucks #cheap #ellis #jersey #jerseys #milwaukee #monta #wholesale
Tue May 12 22:25:19 +0000 2015,http://t.co/JDe7w4y50X 1970 Sporting News MILWAUKEE BUCKS Lew ALCINDOR Kareem ABDUL JAB #Bucks http://t.co/g6hX0VxXlJ
Tue May 12 22:25:14 +0000 2015,RT Bucks "RT BucksCamps: Bucks fans reserve your spot today! Visit http://t.co/o4dxrY9zFt #Bucks #FearTheDeer"
Tue May 12 22:17:36 +0000 2015,#Bucks Tweets: @Bucks fans reserve your spot today! Visit #Bucks #FearTheDeer http://t.co/HcjQ3I80h6 #NBA http://t.co/K0C0hznlTW
Tue May 12 22:15:59 +0000 2015,RT @BucksCamps: @Bucks fans reserve your spot today! Visit http://t.co/X4aXFbZoIs #Bucks #FearTheDeer
Tue May 12 22:15:31 +0000 2015,RT @BucksCamps: @Bucks fans reserve your spot today! Visit http://t.co/X4aXFbZoIs #Bucks #FearTheDeer
Tue May 12 22:15:06 +0000 2015,Bulls Interested In Alvin Gentry http://t.co/CG2TFWD49x #Bucks #NBA
Tue May 12 22:13:33 +0000 2015,@Bucks fans reserve your spot today! Visit http://t.co/X4aXFbZoIs #Bucks #FearTheDeer
Tue May 12 22:13:32 +0000 2015,RT @DonWalkerJS: .#Bucks holding summer block party on June 6 at Schlitz Park. New unis will be unveiled.
Tue May 12 22:12:29 +0000 2015,.#Bucks holding summer block party on June 6 at Schlitz Park. New unis will be unveiled.
Tue May 12 22:03:05 +0000 2015,#Bucks Tweets: Giannis Takes To The Court In Greece » http://t.co/jv68iX8aLm http://t.co/BrMV5z8QHe #NBA http://t.co/K0C0hznlTW
Tue May 12 22:01:19 +0000 2015,Giannis Plays Pick Up Basketball In Greece #MilwaukeeBucks #Bucks http://t.co/JakevBkTT4 http://t.co/uZagCXJh7k
Tue May 12 22:00:43 +0000 2015,RT @BridgeCarSales: Always nice to show people around when the sun is shining! #MotorTrade #cardealer #carsales #Bucks #MiltonKeynes #MK ht…
Tue May 12 21:59:09 +0000 2015,#Bucks Wire: Giannis Plays Pick Up Basketball In Greece http://t.co/k7kOfoL8Bu http://t.co/K0C0hznlTW
Tue May 12 21:58:56 +0000 2015,#MilwaukeeBucks 2014-15 Season Review: John Henson: Milwaukee Bucks center John Henson entered the 2014... http://t.co/yH6RwZhosR #Bucks
Tue May 12 21:50:04 +0000 2015,Southwest Notes :Dumars Rockets Parsons http://t.co/7n2MezF2Jx #Bucks #NBA
Tue May 12 21:49:11 +0000 2015,#Bucks Wire: Andrew Bogut finding unusual success as a former top draft pick http://t.co/CyBnbmqujR #NBA http://t.co/K0C0hznlTW
Tue May 12 21:41:17 +0000 2015,Ti's Trades: Volume. 1 - Atlanta Boston Brooklyn and C... #MilwaukeeBucks #Bucks http://t.co/sB44xNPHKx http://t.co/hMrPdcxQm7
Tue May 12 21:38:08 +0000 2015,http://t.co/JDe7w4y50X [NBA] - Best Player Performances  #Bucks http://t.co/dais0eTHkq
Tue May 12 21:35:43 +0000 2015,'Scourge' sent to prison for robbing Limerick Kohls   http://t.co/pav9UnBi8D  #bucks #limerick #montgomery
Tue May 12 21:25:03 +0000 2015,Pelicans Fire Monty Williams http://t.co/GoT2r99vr5 #Bucks #NBA
Tue May 12 21:22:13 +0000 2015,RT @DonWalkerJS: NBA draft will be June 25. That could be the bewitching hour for state legislative consideration of a new #Bucks arena.
Tue May 12 21:19:45 +0000 2015,RT @DonWalkerJS: NBA draft will be June 25. That could be the bewitching hour for state legislative consideration of a new #Bucks arena.
Tue May 12 21:17:31 +0000 2015,RT @DonWalkerJS: NBA draft will be June 25. That could be the bewitching hour for state legislative consideration of a new #Bucks arena.
Tue May 12 21:15:42 +0000 2015,NBA draft will be June 25. That could be the bewitching hour for state legislative consideration of a new #Bucks arena.
Tue May 12 21:10:46 +0000 2015,RT @SleeperAthletes: #DeerfieldBeach #Bucks showing major love to #SleeperAthletes rolling out the #JohnDeere &amp @Gatorade for my visit http…
Tue May 12 21:09:24 +0000 2015,All 95 of Giannis' dunks from this season #bucks #milwaukee #nba #greekfreak http://t.co/J9FDXI0593
Tue May 12 21:09:06 +0000 2015,#DeerfieldBeach #Bucks showing major love to #SleeperAthletes rolling out the #JohnDeere &amp @Gatorade for my visit http://t.co/tENLhJxmGy
Tue May 12 21:00:05 +0000 2015,New Bucks gear looks DOPE! #Bucks #Bucks #MKE http://t.co/QAjdts8ku8
Tue May 12 20:58:12 +0000 2015,RT @jeremykuta: New Bucks gear looks DOPE! @Bucks #Bucks #MKE
Tue May 12 20:50:36 +0000 2015,http://t.co/JDe7w4y50X Vintage 1980's Milwaukee Bucks NBA Basketball Cotton Jersey T-Sh #Bucks http://t.co/lyuXCp8tp0
Tue May 12 20:44:17 +0000 2015,RT Bucks "RT jeremykuta: New Bucks gear looks DOPE! Bucks #Bucks #MKE"
Tue May 12 20:38:15 +0000 2015,RT @jeremykuta: New Bucks gear looks DOPE! @Bucks #Bucks #MKE
Tue May 12 20:36:27 +0000 2015,RT @jeremykuta: New Bucks gear looks DOPE! @Bucks #Bucks #MKE
Tue May 12 20:35:51 +0000 2015,RT @jeremykuta: New Bucks gear looks DOPE! @Bucks #Bucks #MKE
Tue May 12 20:35:36 +0000 2015,http://t.co/JDe7w4y50X Best Player Performances  #Bucks http://t.co/2bNTRQxjyC
Tue May 12 20:33:28 +0000 2015,RT @jeremykuta: New Bucks gear looks DOPE! @Bucks #Bucks #MKE
Tue May 12 20:32:34 +0000 2015,#Bucks Tweets: New Bucks gear looks DOPE! @Bucks #Bucks #MKE #NBA http://t.co/K0C0hznlTW
Tue May 12 20:32:24 +0000 2015,RT @jeremykuta: New Bucks gear looks DOPE! @Bucks #Bucks #MKE
Tue May 12 20:31:46 +0000 2015,RT @jeremykuta: New Bucks gear looks DOPE! @Bucks #Bucks #MKE
Tue May 12 20:30:53 +0000 2015,http://t.co/KeUbMKJhK0 #bucks #NBA #Sonics
Tue May 12 20:30:13 +0000 2015,#Bucks Wire: Best Player Performances http://t.co/dznbOVzKFy http://t.co/K0C0hznlTW
Tue May 12 20:28:03 +0000 2015,Best Player Performances #MilwaukeeBucks #Bucks http://t.co/wgo6ybmcmj http://t.co/eAF1WYOyIN
Tue May 12 20:28:01 +0000 2015,Best Player Performances http://t.co/j9S9rix5IQ #Bucks
Tue May 12 20:19:37 +0000 2015,#Packers #BucksNOTHING LIKE A GAME 7!!RANGERS VS CAPITALSWED. 7:30PMSAVE REAL BIG $$$$http://t.co/BNySXDm54U http://t.co/YMba3jDZ5W
Tue May 12 20:19:07 +0000 2015,RT @scoutPROcoach: Marquette University and the Milwaukee #Bucks are teaming up to propose an athletic research center via @fox6now http://…
Tue May 12 20:17:09 +0000 2015,Sleeper pick for #Bucks is PG Cameron Payne from Murray St if not @FSKPart3 2nd rd. potential pick is SG Tyler Harvey of E. Wash. #NBADraft
Tue May 12 20:16:02 +0000 2015,RT @RSPCASouthBucks: #charity quiz night #HighWycombe #bucks #rspca http://t.co/olg4V7yZdJ
Tue May 12 20:16:00 +0000 2015,New Bucks gear looks DOPE! @Bucks #Bucks #MKE
Tue May 12 20:14:36 +0000 2015,RT @JoeSnowdogs: RT @The_Animal_Team: #k9hour #rabbitawarenessweek please support @TheAnimalSancUK #bucks @BowBunnyRescue #clowne http://t.…
Tue May 12 20:13:28 +0000 2015,@FeelSiicckk deffo banging Chloe as we tweet #bbuk #bucks
Tue May 12 20:05:20 +0000 2015,#Bucks Tweets: Join The Team. Get The New Jersey. Own The Future. http://t.co/jKFfwmbKzG #NBA http://t.co/K0C0hznlTW
Tue May 12 19:50:47 +0000 2015,RT Bucks "RT ERODJEDI: Nice images of #Bucks gear throughout the day. Thanks Bucks for putting this stuff out early. It's like #Christmas i…
Tue May 12 19:49:06 +0000 2015,#milwaukeebucks #milwaukee #bucks #MIL New Milwaukee Bucks Rumors. Tuesday May 12 2015 http://t.co/KPUzkq2C6A
Tue May 12 19:47:29 +0000 2015,RT @ERODJEDI: Nice images of #Bucks gear throughout the day. Thanks @Bucks for putting this stuff out early. It's like #Christmas in #Milwa…
Tue May 12 19:47:21 +0000 2015,RT @ERODJEDI: Nice images of #Bucks gear throughout the day. Thanks @Bucks for putting this stuff out early. It's like #Christmas in #Milwa…
Tue May 12 19:44:36 +0000 2015,#Bucks Tweets: Nice images of #Bucks gear throughout the day. Thanks @Bucks for putting this stuff out early.… #NBA http://t.co/K0C0hznlTW
Tue May 12 19:43:46 +0000 2015,Crazy how free agents now want to play in Milwaukee! #bucks #ownthefuture #fearthedeer
Tue May 12 19:43:34 +0000 2015,@thedmfairy have returned the like ) located in #bucks and have national and local clients :) went to uni in #bristol though
