Wed May 13 01:09:16 +0000 2015,Skip Bayless is gonna find a way to blame Taj Gibson's ejection on LeBron.#firsttake #cavs
Wed May 13 01:09:13 +0000 2015,"@AYE_ish: "Ohh my gooshhhh" üò©üòÇ #jrsmith #cavs #bulls #playoffs https://t.co/aEHFRB91ov"
Wed May 13 01:09:13 +0000 2015,#Cavs are rocking
Wed May 13 01:09:12 +0000 2015,LeBron has had nice rest. #Cavs small lineup is killing the #Bulls. Cavs cant afford to get sloppy here.. gotta finish
Wed May 13 01:09:10 +0000 2015,@Rachel__Nichols #Cavs The NBA need to hire some new refs after ejecting Gibson and nothing for Mathew. Not surprising since its LeBron team
Wed May 13 01:09:10 +0000 2015,Taj Gibson ejected. All he did was kick @matthewdelly in the butt for selling a hard foul BROTHER! LOL #AllForOne #Cavs @TheSportsFixCle
Wed May 13 01:09:09 +0000 2015,RT @_SandraLynne: This what the #CAVS needed man let's get this W time to finish these niggas
Wed May 13 01:09:09 +0000 2015,RT @LLCoolJJJJabari: Without Pau Gasol on the floor the Bulls are the same team as they were before he was there. #nbaplayoffs #cavs #bulls
Wed May 13 01:09:09 +0000 2015,@WindhorstESPN so yiu said it would be incredible if we won tonight? #getfired #cavs #ALLIn
Wed May 13 01:09:09 +0000 2015,RT @spgerman: #NBAPlayoffs #leglock and get away with it. What's next #bearhug will go without penalty.   #badcallref leaving #Cavs player ‚Ä¶
Wed May 13 01:09:08 +0000 2015,Chris Webber calling #Cavs games = Brent Jones calling #Browns games back in the day.
Wed May 13 01:09:08 +0000 2015,RT @JasonLloydABJ: Letting #Cavs hang around and steal Game 4 might haunt the Bulls for the next 6 months.
Wed May 13 01:09:07 +0000 2015,RT @cavs: END Q3: #Cavs UP 80-71 in #TheLand!Kyrie: 19pts on 8-12FG (3-4 3PT)#CavsBulls GALLERY: http://t.co/QrlXRrJQUh http://t.co/iTj‚Ä¶
Wed May 13 01:09:07 +0000 2015,We gone keep attacking an finish these boys #Cavs üî•üí™üèΩ
Wed May 13 01:09:05 +0000 2015,Name the last time you were in push-up position and push your body up with your feet spread out? Yah never #Cavs #bulls
Wed May 13 01:09:05 +0000 2015,@skaram_57 #EuclidAve #LakeErie #Browns #Indians #Cavs #MrCleveland #MrsMcVay
Wed May 13 01:09:05 +0000 2015,This game is horrible... The #NBA has already decided that the #Cavs are going to the #NBAFinals. They letting #TheQueen run the league.
Wed May 13 01:09:04 +0000 2015,RT @SuperDuperHyde: all white girls stopped watching #Cavs games when Kevin Love got hurt üòÇ
Wed May 13 01:09:03 +0000 2015,Can we pull Kyrie now? Please? #Cavs
Wed May 13 01:09:02 +0000 2015,#Bulls Twitter is awash in over-embellished "leg lock" hysteria. #Cavs
Wed May 13 01:09:02 +0000 2015,#Cavs
Wed May 13 01:09:01 +0000 2015,RT @KyriesHead: @cavs_mania @Cleveland_Fanz @SC_Cleveland @MattyuPls #CavsMania #Cavs #GOAT http://t.co/Yu71Cqqy6P
Wed May 13 01:09:01 +0000 2015,RT @KyriesHead: @cavs_mania @Cleveland_Fanz @SC_Cleveland @MattyuPls #CavsMania #Cavs #GOAT http://t.co/Yu71Cqqy6P
Wed May 13 01:08:58 +0000 2015,RT @RoFloESPN: Dellavedova trying to put people in the @RealKurtAngle ankle lock. With his calves. #Cavs #Bulls
Wed May 13 01:08:57 +0000 2015,All these #Cavs injuries got me thinking - wish we had Ray Allen
Wed May 13 01:08:57 +0000 2015,Hopefully we end this series in 6 games #Cavs
Wed May 13 01:08:57 +0000 2015,RT @Rachel__Nichols: #Bulls Taj Gibson ejected for a tangle w/ #Cavaliers Matthew Dellavadova under the basket. #Cavs fans throwing things ‚Ä¶
Wed May 13 01:08:57 +0000 2015,RT @RoFloESPN: Dellavedova trying to put people in the @RealKurtAngle ankle lock. With his calves. #Cavs #Bulls
Wed May 13 01:08:55 +0000 2015,RT @fox8news: Taj Gibson has been ejected for kicking Matthew Dellavedova. #Bulls #Playoffs #Cavs
Wed May 13 01:08:55 +0000 2015,don't let up #cavs #ALLinCLE
Wed May 13 01:08:54 +0000 2015,RT @mdalakas: Replay of the Delly leg lock! #Cavs http://t.co/ofdTJeRYTj
Wed May 13 01:08:54 +0000 2015,RT @BeforeFamePics: Dellie with the figure four leg lock on Taj Gibson #Bulls vs #Cavs üòÇ https://t.co/xqYFxl0OHU
Wed May 13 01:08:53 +0000 2015,#Cavs are making the city happy... Thank you.
Wed May 13 01:08:53 +0000 2015,RT @cavs: END Q3: #Cavs UP 80-71 in #TheLand!Kyrie: 19pts on 8-12FG (3-4 3PT)#CavsBulls GALLERY: http://t.co/QrlXRrJQUh http://t.co/iTj‚Ä¶
Wed May 13 01:08:52 +0000 2015,RT @Rachel__Nichols: #Bulls Taj Gibson ejected for a tangle w/ #Cavaliers Matthew Dellavadova under the basket. #Cavs fans throwing things ‚Ä¶
Wed May 13 01:08:51 +0000 2015,RT @CavsWITNESS: Go toward the light Chicago... Stop struggling...Accept it.#Cavs
Wed May 13 01:08:51 +0000 2015,That's some B.S @nba.  #nbaplayoffs #Bulls #cavs #figurefourleglock https://t.co/wZgC0wHauP
Wed May 13 01:08:50 +0000 2015,This game over #CAVS
Wed May 13 01:08:50 +0000 2015,Come on #Cavs!!! üèÄ #ALLinCLE
Wed May 13 01:08:49 +0000 2015,Last 2 games in Chicago buzzer beaters. Last 2 games in Cleveland #Cavs blowout wins
Wed May 13 01:08:48 +0000 2015,RT @Rachel__Nichols: #Bulls Taj Gibson ejected for a tangle w/ #Cavaliers Matthew Dellavadova under the basket. #Cavs fans throwing things ‚Ä¶
Wed May 13 01:08:48 +0000 2015,Looks like dem #Cavs are grabbing the #Bulls by the horns and playing matador. #CavsBulls
Wed May 13 01:08:48 +0000 2015,RT @cavs: END Q3: #Cavs UP 80-71 in #TheLand!Kyrie: 19pts on 8-12FG (3-4 3PT)#CavsBulls GALLERY: http://t.co/QrlXRrJQUh http://t.co/iTj‚Ä¶
Wed May 13 01:08:47 +0000 2015,#CAVS are going for blood right now.
Wed May 13 01:08:46 +0000 2015,RT @Rachel__Nichols: #Bulls Taj Gibson ejected for a tangle w/ #Cavaliers Matthew Dellavadova under the basket. #Cavs fans throwing things ‚Ä¶
Wed May 13 01:08:45 +0000 2015,Tristan Thompson has stepped up huge in the absence of Kevin Love. #Cavs
Wed May 13 01:08:43 +0000 2015,RT @Rachel__Nichols: Chris Webber on the phantom timeout #Cavs David Blatt tried to call in Game 4: "I wish I had (asst coach) Ty Lue on my‚Ä¶
Wed May 13 01:08:43 +0000 2015,If ion get no #Cavs Tickets üò§
Wed May 13 01:08:42 +0000 2015,RT @_JadaO_o: Middle finger to the Bulls üíØüòàüèÄüòú #YupThatsMyKing #Cavs #Winners http://t.co/R2Trl3PSc6
Wed May 13 01:08:41 +0000 2015,What a night so far so good #Cavs #Bolts I have ate a whole pizza on my 4th drink &amp almost a can of Skoal!!!
Wed May 13 01:08:41 +0000 2015,The much fuccin NBA commissioner is here to watch the #Cavs #BestPlayoffSeries
Wed May 13 01:08:40 +0000 2015,And LeBron hasn't played in like an hour. #Cavs
Wed May 13 01:08:40 +0000 2015,Bruhh thats crazyüòë he clearly leg locked Gibsonüòí they stay cheating for the #cavs
Wed May 13 01:08:39 +0000 2015,I don't even feel like watching Game 6. We all know who's gonna win #cavs
Wed May 13 01:08:37 +0000 2015,RT @KyriesHead: @cavs_mania @Cleveland_Fanz @SC_Cleveland @MattyuPls #CavsMania #Cavs #GOAT http://t.co/Yu71Cqqy6P
Wed May 13 01:08:36 +0000 2015,Les #Cavs domuennet assez largement dans le 4√®me je crois que la serie a tourn√© #NBAPlayoffs #Bulls
Wed May 13 01:08:36 +0000 2015,#Cavs Tweets: SWISHALICIOUS #NBA http://t.co/QRlj2ZhKKJ
Wed May 13 01:08:35 +0000 2015,I thing Chris Webber just tried to call another timeout #garbage #tnt #cavs #michigansucks
Wed May 13 01:08:34 +0000 2015,Let's Fucking Gooo üëèüèΩüëèüèΩ #CAVS
Wed May 13 01:08:34 +0000 2015,This is what I'm talking about. #CAVS #ALLinCLE #keepitgoing
Wed May 13 01:08:33 +0000 2015,Tranquilo Chilindrina Con Los Mios #cavs  #Bulls #Tamolindooo! #airforce http://t.co/3SurYX8Byo
Wed May 13 01:08:32 +0000 2015,Break them. #Cavs
Wed May 13 01:08:30 +0000 2015,I think Delly has a shot w/the #WWE w/his own #figurefour leg lock. #CavsBulls #Cavs #ALLinCLE
Wed May 13 01:08:29 +0000 2015,This #Cavs game is a mess but I've seen Joe so I've accomplished my goal. #Swoon
Wed May 13 01:08:28 +0000 2015,I bet you when we make it too the finals niggas gonna start tweeting about the #cavs üòÇüòÇ
Wed May 13 01:08:28 +0000 2015,RT @jpsperspective: Good to see Roger Goodell is now an NBA ref. #bulls #cavs #gibson
Wed May 13 01:08:27 +0000 2015,RT @KyriesHead: @cavs_mania @Cleveland_Fanz @SC_Cleveland @MattyuPls #CavsMania #Cavs #GOAT http://t.co/Yu71Cqqy6P
Wed May 13 01:08:26 +0000 2015,@JoshEberley @DickCarlisle if you the #cavs u keeping Thompson or Love?...gimme Thompson all day u can replace a shooter
Wed May 13 01:08:25 +0000 2015,RT @JasonLloydABJ: Letting #Cavs hang around and steal Game 4 might haunt the Bulls for the next 6 months.
Wed May 13 01:08:24 +0000 2015,RT @BeforeFamePics: Dellie with the figure four leg lock on Taj Gibson #Bulls vs #Cavs üòÇ https://t.co/xqYFxl0OHU
Wed May 13 01:08:24 +0000 2015,92-78 #cavs
Wed May 13 01:08:23 +0000 2015,Go cavs #CavsBulls #cavs!! Had to bring mom to the game! #HappyMothersDay #foodie http://t.co/lVpyEP4pS9
Wed May 13 01:08:23 +0000 2015,@MarronMatt You should invest in a DVR and watch that again.  #bulls #Cavs
Wed May 13 01:08:20 +0000 2015,RT @BeforeFamePics: Dellie with the figure four leg lock on Taj Gibson #Bulls vs #Cavs üòÇ https://t.co/xqYFxl0OHU
Wed May 13 01:08:20 +0000 2015,LeBron vs. Joakim Noah is the best rivalry in the NBA. Dudes straight up hate each other #NBAPlayoffs #Bulls #Cavs #BULLSvsCAVS #CavsBulls
Wed May 13 01:08:19 +0000 2015,Johnny Dang in that thang beside the #Cavs stanchion. #BULLSvsCAVS
Wed May 13 01:08:19 +0000 2015,RT @AaronPikeCPA: If there was ever a photo that epitomized #Cleveland fans it would be this #cavs #AllinCLE http://t.co/TWJh0BQy4M
Wed May 13 01:08:19 +0000 2015,RT @AaronPikeCPA: If there was ever a photo that epitomized #Cleveland fans it would be this #cavs #AllinCLE http://t.co/TWJh0BQy4M
Wed May 13 01:08:18 +0000 2015,next game the #cavs can get the game winning shot with 6 players on the court a head lock on drose and calling their 8th TO #BULLSvsCAVS
Wed May 13 01:08:17 +0000 2015,This is a good game! #Cavs
Wed May 13 01:08:16 +0000 2015,RT @Kerinjay: So no call on the guy that leg-locked the Bulls player?  That's a bullshit call on the refs part.  #BULLSvsCAVS #Bulls #Cavs ‚Ä¶
Wed May 13 01:08:16 +0000 2015,Kyrie Irving doing his best Willis Reed impression #Cavs #ALLinCLE #Cavaliers
Wed May 13 01:08:15 +0000 2015,Do not agree with Taj being ejected..gotta keep your emotions in check when your team needs you though #Cavs
Wed May 13 01:08:15 +0000 2015,RT @BrownsGirl19: Andrew Luck on the Bulls is always whining yo. #Cavs
Wed May 13 01:08:14 +0000 2015,RT @KyriesHead: @cavs_mania @Cleveland_Fanz @SC_Cleveland @MattyuPls #CavsMania #Cavs #GOAT http://t.co/Yu71Cqqy6P
Wed May 13 01:08:13 +0000 2015,@cavs @NBA Right you HAVE to be DIRTY to play #Cavs #CavsBulls
Wed May 13 01:08:13 +0000 2015,I like the vest C-Webb. #Bulls #Cavs
Wed May 13 01:08:12 +0000 2015,RT @cavs: END Q3: #Cavs UP 80-71 in #TheLand!Kyrie: 19pts on 8-12FG (3-4 3PT)#CavsBulls GALLERY: http://t.co/QrlXRrJQUh http://t.co/iTj‚Ä¶
Wed May 13 01:08:12 +0000 2015,Go cavs #CavsBulls #cavs!! Had to bring mom to the game! #HappyMothersDay #foodie http://t.co/oc3ux9gFzZ
Wed May 13 01:08:12 +0000 2015,RT @fox8news: Taj Gibson has been ejected for kicking Matthew Dellavedova. #Bulls #Playoffs #Cavs
Wed May 13 01:08:12 +0000 2015,RT @florencj1: the fix is in for the #cavs #bulls
Wed May 13 01:08:12 +0000 2015,RT @Rachel__Nichols: #Bulls Taj Gibson ejected for a tangle w/ #Cavaliers Matthew Dellavadova under the basket. #Cavs fans throwing things ‚Ä¶
Wed May 13 01:08:10 +0000 2015,Foot on neck now break their spirits!! #ALLinCLE #Cavs #GoCavs #StriveForGreatness #TheLand
Wed May 13 01:08:10 +0000 2015,RT @Rachel__Nichols: #Bulls Taj Gibson ejected for a tangle w/ #Cavaliers Matthew Dellavadova under the basket. #Cavs fans throwing things ‚Ä¶
Wed May 13 01:08:08 +0000 2015,RT @KyriesHead: @cavs_mania @Cleveland_Fanz @SC_Cleveland @MattyuPls #CavsMania #Cavs #GOAT http://t.co/Yu71Cqqy6P
Wed May 13 01:08:07 +0000 2015,RT @BrownsGirl19: Andrew Luck on the Bulls is always whining yo. #Cavs
Wed May 13 01:08:06 +0000 2015,RT @cavs: END Q3: #Cavs UP 80-71 in #TheLand!Kyrie: 19pts on 8-12FG (3-4 3PT)#CavsBulls GALLERY: http://t.co/QrlXRrJQUh http://t.co/iTj‚Ä¶
Wed May 13 01:08:06 +0000 2015,‚Äú@KyriesHead: @cavs_mania @Cleveland_Fanz @SC_Cleveland @MattyuPls #CavsMania #Cavs #GOAT http://t.co/AqqsoZ148a‚Äù lmao üòÇüòÇüòÇüòÇüòÇüòÇ
Wed May 13 01:08:05 +0000 2015,@PHAtraveler #cavs  lmaoooo
Wed May 13 01:08:04 +0000 2015,RT @KyriesHead: @cavs_mania @Cleveland_Fanz @SC_Cleveland @MattyuPls #CavsMania #Cavs #GOAT http://t.co/Yu71Cqqy6P
