Wed May 13 01:07:08 +0000 2015,The #Boston #Celtics will be "outrageously aggressive" this summer says @985TheSportsHub #celtics PBP Sean Grande http://t.co/1Qto7zwB9t
Wed May 13 01:04:22 +0000 2015,#Bulls about to go full #Celtics now that they getting wrecked don't hurt our players you garbage scum! #CavsBulls
Wed May 13 01:04:17 +0000 2015,2015 #nbaplayoffs are the most heated I gave ever seen #nba #Cavs #Bulls #Celtics #Rockets #Clippers
Wed May 13 01:03:38 +0000 2015,L #NBA #Boston #Celtics Fitted Cap 7 5/8 #BasketBall #Forsale http://t.co/jISzqkzTqD
Wed May 13 01:03:11 +0000 2015,Its sad teams like #Celtics and #BullsNation try to cheat to beat CLE. Lets do to them what we did to Boston. #JustWin #Cavs #CavsBulls
Wed May 13 01:02:36 +0000 2015,#Celtics #Tshirt Boston Celtics T-Shirt Green &amp White St. Patrick's Clover Size M/8 Cotton NBA http://t.co/DlOwDmzNOX #NBA #Boston
Wed May 13 01:01:29 +0000 2015,My team soft af when it come to that fighting shit ðŸ˜‚ðŸ˜‚ðŸ˜‚ðŸ˜‚ #Celtics
Wed May 13 01:01:25 +0000 2015,@horacegrant54 @chicagobulls @nyknicks or #Pistons or #Celtics LMAO
Wed May 13 01:01:14 +0000 2015,#Celtics #Jersey NBA Boston Celtics Throwback Sewn Hardwood Classics green yellow Jersey XL http://t.co/477JYa5mJ1 #Basketball #NBA
Wed May 13 00:58:14 +0000 2015,#Bulls can't beat us so they have to go dirty like the #Celtics #CavsNation
Wed May 13 00:57:40 +0000 2015,#NBA Girls #Boston #Celtics S/S embellished T-shirt Size S by majestic threads (NB.6) http://t.co/NfHzEbxQna #BasketBall #Forsale
Wed May 13 00:57:39 +0000 2015,#NBA #Celtics #Arena Boys Adidas Boston Celtics Jersey Allen M (10-12) NWT http://t.co/RmNNmQUDx5 #BasketBall #Deals
Wed May 13 00:57:39 +0000 2015,L #Celtics #Jersey Adidas Mens XL Green Boston Celtics Rondo #9 Basketball Jersey Shirt Tank #Basketball #NBA http://t.co/BVog7ocMFa
Wed May 13 00:57:16 +0000 2015,http://t.co/KX6iKUfbTz [Fansided: Hardwood Houdini] - Boston Celtics Draft Profile Mo #Celtics http://t.co/DRkdJWk90p
Wed May 13 00:57:04 +0000 2015,RT @celtics_nbanews: 2015 Awards Series Most Improved Player :Tyler Zeller http://t.co/5YnaS7H2uL #Celtics #NBA
Wed May 13 00:54:37 +0000 2015,#Celtics #Hat Boston Celtics Adidas NBA Fashion Design Bucket Hat Cap S/M http://t.co/ZzbcUmXJQ2 #Boston #BestSeller
Wed May 13 00:53:10 +0000 2015,L L #Celtics #Tshirt LARRY BIRD BOSTON CELTICS MENS XL NBA EXCLUSIVE COLLECTION NAME #NBA #Boston http://t.co/45S9Zow1Lg
Wed May 13 00:50:17 +0000 2015,2015 Awards Series Most Improved Player :Tyler Zeller http://t.co/5YnaS7H2uL #Celtics #NBA
Wed May 13 00:47:51 +0000 2015,New England has the best fans #LetWakaGo #NoBradyNoBanner #RedSox #Celtics #Bruins
Wed May 13 00:47:23 +0000 2015,@Amanda_Pflugrad welcome to Boston! #Celtics http://t.co/YfkIy0Nqkq
Wed May 13 00:47:09 +0000 2015,L #NBA #Celtics #Arena Boston Celtics T-Shirt Mens Medium #BasketBall #Deals http://t.co/lvZwForBAV
Wed May 13 00:47:08 +0000 2015,#Celtics #Tshirt Boston Celtics Women's V-Neck T-Shirt Size Medium Off White New w Tags NBA http://t.co/4urFqaGed6 #NBA #Boston
Wed May 13 00:47:05 +0000 2015,RT @BostonCelts4eva: 41 years ago today the #Celtics won their 12th #NBA championship.
Wed May 13 00:46:09 +0000 2015,#Celtics #Jersey NIKE NBA BOSTON CELTICS LUCKY S/S WARM UP JERSEY SEWN SNAP FRONT YOUTH MED 12-14 http://t.co/QLnLxYxcbS #Basketball #NBA
Wed May 13 00:44:17 +0000 2015,#Healthy #Program 10 Simple Ways To Help Your Weight Loss http://t.co/Oxg66F0Kpn #Celtics #GetFit
Wed May 13 00:42:21 +0000 2015,RT @uhreeb: Kevin Love refusing Kelly Olynyk's apology is perfect b/c starting a beef with the #Celtics means he's already halfway on the #â€¦
Wed May 13 00:42:02 +0000 2015,http://t.co/KX6iKUfbTz Boston Celtics Pullover Warmup Jersey Adult 5XL XXXXXLarge Gre #Celtics http://t.co/ZWoS1HCKDl
Wed May 13 00:41:29 +0000 2015,#NBA REEBOK #Boston #Celtics NBA EMBROIDERED GREEN CREW NECK SWEATSHIRT SIZE L EUC! http://t.co/S4sYtTMvPz #BasketBall #Forsale
Wed May 13 00:41:28 +0000 2015,#NBA #Celtics #Arena Boston Celtics 1986 NBA Champions Championship Shirt XL VINTAGE http://t.co/HLaplxriSD #BasketBall #Deals
Wed May 13 00:38:35 +0000 2015,#Celtics #Hat Boston Celtics Adidas NBA Structured Team Name FlexFit Hat Cap L/XL http://t.co/kceNKBhwu6 #Boston #BestSeller
Wed May 13 00:37:10 +0000 2015,L #NBA #Celtics #Arena Boston Celtics Pierce Garnet Allen- 2 photos #BasketBall #Deals http://t.co/vfHauuLAST
Wed May 13 00:32:17 +0000 2015,L #Celtics #Hat NEW NBA MEN'S BOSTON CELTICS EMBROIDERED CUFFLESS KNIT BEANIE HAT OSFA #Boston #BestSeller http://t.co/0qxklZbX0X
Wed May 13 00:30:41 +0000 2015,#Celtics #Tshirt Vintage Boston Celtics Tshirt 1980s Green Logo 7 XL NBA Basketball http://t.co/m9trVD4FIf #NBA #Boston
Wed May 13 00:30:16 +0000 2015,Fountain of Truth http://t.co/ZESwLuP2u3 #Celtics #NBA
Wed May 13 00:30:08 +0000 2015,#Celtics #Jersey ADIDAS NBA AUTHENTIC BOSTON CELTICS SHOOTING SHIRT JERSEY SIZE LT http://t.co/V7Z9pR7kQY #Basketball #NBA
Wed May 13 00:27:51 +0000 2015,http://t.co/wlxergjyuv: Boston... http://t.co/TYnNdnxdwr #boston #celtics #fashion #grey #jersey #larry #orleans #saints #static #swingman
Wed May 13 00:26:12 +0000 2015,L B #Celtics #Tshirt Adidas Youth Boys Boston Celtics Paul Pierce #34 Game Time T-shirt NBA #NBA #Boston http://t.co/AqfuG2BpXR
Wed May 13 00:26:12 +0000 2015,#NBA #Boston #Celtics Fitted Cap 7 5/8 http://t.co/RYjVKPt8Ym #BasketBall #Forsale
Wed May 13 00:26:12 +0000 2015,#NBA #Celtics #Arena BOSTON CELTICS REGGIE LEWIS LOGO GOLF BALL http://t.co/sbDqnOgEUw #BasketBall #Deals
Wed May 13 00:23:41 +0000 2015,RT @BostonCelts4eva: 41 years ago today the #Celtics won their 12th #NBA championship.
Wed May 13 00:23:16 +0000 2015,#Celtics #Hat New NBA Mitchell &amp Ness Snapback Boston Celtics Denim Harry 2 Tone Hat http://t.co/3FCKvlvvZV #Boston #BestSeller
Wed May 13 00:21:36 +0000 2015,#ESPN #Celtics LeBron's memorable Game 5s with the Cavaliers http://t.co/ygj56Z0ZBi http://t.co/ec6VePRXFu
Wed May 13 00:21:07 +0000 2015,L #NBA #Celtics #Arena NEW NBA Boston Celtics Reversible Jacket Wool Gray / Nylon Green JH Designâ€¦ #BasketBallâ€¦ http://t.co/ROHhyd0QyH
Wed May 13 00:17:13 +0000 2015,Can the #Celtics make enough moves to pass the #Cleveland #Cavs or #Chicago #Bulls next year? http://t.co/KxUP6hfcIv http://t.co/OqW4eLxxTq
Wed May 13 00:17:13 +0000 2015,Can the #Celtics make enough moves to pass the #Cleveland #Cavs or #Chicago #Bulls next year? http://t.co/2xOunMQa3t http://t.co/TMzf5nuTwI
Wed May 13 00:17:13 +0000 2015,Can the #Celtics make enough moves to pass the #Cleveland #Cavs or #Chicago #Bulls next year? http://t.co/mKfxhFhq9a http://t.co/qqW1M6V23Z
Wed May 13 00:14:23 +0000 2015,#Celtics #Tshirt Boston Celtics Shaquille O'Neal #36 T-Shirt Size Large NBA Basketball http://t.co/GAzVlK8V7w #NBA #Boston
Wed May 13 00:14:23 +0000 2015,#Celtics #Jersey Adidas Mens XL Green Boston Celtics Rondo #9 Basketball Jersey Shirt Tank http://t.co/ZnVWKDqZfq #Basketball #NBA
Wed May 13 00:14:23 +0000 2015,#Healthy #Program Garcinia Cambogia for Weight Loss Results http://t.co/gCFjNZsQ8s #Celtics #GetFit
Wed May 13 00:12:12 +0000 2015,Top 10 Free Agent Targets for the Boston Celtics http://t.co/JqR1pSUvzy via @SportsBlog #nba #celtics #Sportscolumn #billsimmons #bleedgreen
Wed May 13 00:11:07 +0000 2015,L #Celtics #Tshirt LARRY BIRD BOSTON CELTICS MENS XL NBA EXCLUSIVE COLLECTION NAME #NBA #Boston http://t.co/przDMTy1x7
Wed May 13 00:10:15 +0000 2015,Third time's the charm for Colton Iverson? http://t.co/aB3LUXDGdu #Celtics #NBA
Wed May 13 00:09:08 +0000 2015,#NBA Vintage NBA #Boston #Celtics License Plate Frame NEW http://t.co/do1ECJVskZ #BasketBall #Forsale
Wed May 13 00:09:07 +0000 2015,#NBA #Celtics #Arena Boston Celtics T-Shirt Mens Medium http://t.co/rlPIhDmU9t #BasketBall #Deals
Wed May 13 00:07:27 +0000 2015,#celtics Careless Whispers Inflates Your Ego at 9 PM EST http://t.co/XFHCLd60vM
Wed May 13 00:07:08 +0000 2015,#Celtics #Hat Boston Celtics Adidas NBA Official Climalite Structured FlexFit Hat Cap S/M http://t.co/uXA1OY9Gjj #Boston #BestSeller
Wed May 13 00:05:43 +0000 2015,L #NBA #Celtics #Arena Boston Celtics Marvel Comics Fitted Cap 7 5/8 #BasketBall #Deals http://t.co/gyr8j8hGr4
Wed May 13 00:00:39 +0000 2015,L #Celtics #Hat Boston Celtics Adidas NBA Fall 07 Basic Logo Black Adjustable Hat Cap OSFA #Boston #BestSeller http://t.co/3dGR51M1xl
Tue May 12 23:58:06 +0000 2015,#Celtics #Jersey Paul Pierce Boston Celtics #34 NBA Jersey Reebok Black &amp Green Sz XXXL 3XL http://t.co/oEAq74wpEw #Basketball #NBA
Tue May 12 23:53:34 +0000 2015,#NBA #Boston #Celtics Snapback Adjustable http://t.co/Lxx7IVuUSR #BasketBall #Forsale
Tue May 12 23:53:34 +0000 2015,#NBA #Celtics #Arena Boston Celtics Pierce Garnet Allen- 2 photos http://t.co/gfASXPQI79 #BasketBall #Deals
Tue May 12 23:51:07 +0000 2015,#Celtics #Hat NEW NBA MEN'S BOSTON CELTICS EMBROIDERED CUFFLESS KNIT BEANIE HAT OSFA http://t.co/I7NohrdBpv #Boston #BestSeller
Tue May 12 23:50:10 +0000 2015,L #Celtics #Jersey ADIDAS NBA AUTHENTIC BOSTON CELTICS SHOOTING SHIRT JERSEY SIZE 4XLT #Basketball #NBA http://t.co/vVRPyUAgap
Tue May 12 23:49:16 +0000 2015,#NBA #CELTICS - Paul Pierce Boston Celtics #34 NBA Jersey Reebok Black &amp Green Sz XXXL ... http://t.co/JE2HNGhOwc http://t.co/k33Sm3HFUt
Tue May 12 23:49:16 +0000 2015,#NBA #CELTICS - Boston Celtics Pierce Garnet Allen- 2 photos:  $8.99End Date: Thursda... http://t.co/gsMKcy5fCz http://t.co/k33Sm3HFUt
Tue May 12 23:49:15 +0000 2015,#NBA #CELTICS - Boston Celtics Shirt. 2XL. Black and Green. Stitched Logo.:  $24.99End ... http://t.co/F4gUP8Oona http://t.co/k33Sm3HFUt
Tue May 12 23:49:15 +0000 2015,#NBA #CELTICS - Vintage NBA Boston Celtics License Plate Frame NEW:  $6.99End Date: Thu... http://t.co/piRVokqQv3 http://t.co/k33Sm3HFUt
Tue May 12 23:49:15 +0000 2015,#NBA #CELTICS - Boston Celtics T-Shirt Mens Medium:  $11.99End Date: Thursday Jun-11-20... http://t.co/faQv1U1rAX http://t.co/k33Sm3HFUt
Tue May 12 23:47:34 +0000 2015,Go #Celtics! http://t.co/jq0lypL4ZT #NBA #follow #basketball #BostonCeltics
Tue May 12 23:45:57 +0000 2015,Boston Celtics Draft Profile Montrezl Harrell http://t.co/2OapzcnFNM by @JoshSportsSpeak #Celtics #NBADraft
Tue May 12 23:44:51 +0000 2015,Boston Celtics Draft Profile Montrezl Harrell http://t.co/ONtPzTMY9t #Celtics #NBADraft
Tue May 12 23:44:04 +0000 2015,L #NBA #Celtics #Arena BOSTON CELTICS LIMITED EDITION Green Baseball Cap Hat - Rare - 472 of 2000 #BasketBall #Deals http://t.co/VgxmshnT87
Tue May 12 23:44:04 +0000 2015,#Healthy #Program Gym Workout Bodybuilding Tips http://t.co/ZKiwQxxYIH #Celtics #GetFit
Tue May 12 23:42:42 +0000 2015,RT @BostonCelts4eva: 41 years ago today the #Celtics won their 12th #NBA championship.
Tue May 12 23:42:40 +0000 2015,#Celtics #Tshirt Boston Celtics T-Shirt Mens Medium http://t.co/JBqtxoGyvq #NBA #Boston
Tue May 12 23:38:42 +0000 2015,http://t.co/KX6iKUfbTz 1972 Sports Illustrated BOSTON CELTICS Knicks DAVE COWENS Walt #Celtics http://t.co/6yBOOsDniw
Tue May 12 23:38:35 +0000 2015,L L L #Celtics #Tshirt Adidas Youth Boys Boston Celtics Paul Pierce #34 Game Time T-shirt NBA #NBA #Boston http://t.co/cgiv8HZkq9
Tue May 12 23:38:06 +0000 2015,#NBA #Boston #Celtics LIMITED EDITION Green Baseball Cap Hat - Rare - 472 of 2000 http://t.co/oT1uMP5s7E #BasketBall #Forsale
Tue May 12 23:38:06 +0000 2015,#NBA #Celtics #Arena NEW NBA Boston Celtics Reversible Jacket Wool Gray / Nylon Green JH Designâ€¦ http://t.co/sdS6SRANns #BasketBall #Deals
Tue May 12 23:36:07 +0000 2015,#bostonceltics #boston #celtics Atlantic Notes: Anderson Iverson Knicks http://t.co/7Vs90uBhZJ
Tue May 12 23:35:03 +0000 2015,#Celtics #Hat Boston Celtics Adidas NBA Structured Team Name FlexFit Hat Cap S/M http://t.co/f0KCNVNM7I #Boston #BestSeller
Tue May 12 23:33:09 +0000 2015,L #Celtics #Hat BOSTON CELTICS NBA ADIDAS HAT / CAP GREEN VELCRO BACK ONE SIZE EUC #Boston #BestSeller http://t.co/nbE2GFZi6B
Tue May 12 23:30:17 +0000 2015,RT @CeltsCentral: According to #Celtics reporter @SherrodbCSN the #Celtics will go after free agent LaMarcus Aldridge.
Tue May 12 23:30:14 +0000 2015,Danny Ainge :No Way Kelly Olynyk Intentionally Tried to Injure Kevin Love http://t.co/wOMVEssXWd #Celtics #NBA
Tue May 12 23:29:56 +0000 2015,RT @BostonCelts4eva: Report: The #Celtics could target LaMarcus Aldridge this summer.
Tue May 12 23:28:19 +0000 2015,Thompson get offensive rebounds In my nightmares. #Celtics #NBAPlayoffs #CavsBulls
Tue May 12 23:28:07 +0000 2015,#Healthy #Program 10 Simple Tips for Weight Loss http://t.co/F8QWM3YbuF #Celtics #GetFit
Tue May 12 23:28:03 +0000 2015,Are fan expectations for 2015-16 #Boston #Celtics too high now after making #NBAPlayoffs? #CelticsTalk http://t.co/kAvIi0zqjU *
Tue May 12 23:28:03 +0000 2015,Are fan expectations for 2015-16 #Boston #Celtics too high now after making #NBAPlayoffs? #CelticsTalk http://t.co/nLAvrIUjnA *
Tue May 12 23:28:03 +0000 2015,Are fan expectations for 2015-16 #Boston #Celtics too high now after making #NBAPlayoffs? #CelticsTalk http://t.co/1Qto7zwB9t *
Tue May 12 23:28:02 +0000 2015,Are fan expectations for 2015-16 #Boston #Celtics too high now after making #NBAPlayoffs? #CelticsTalk http://t.co/Nn3UNIHdoj *
Tue May 12 23:27:12 +0000 2015,#Celtics #Tshirt LARRY BIRD BOSTON CELTICS MENS XL NBA EXCLUSIVE COLLECTION NAME http://t.co/N7DWjvEvxx #NBA #Boston
Tue May 12 23:27:11 +0000 2015,#Celtics #Jersey ADIDAS NBA AUTHENTIC BOSTON CELTICS SHOOTING SHIRT JERSEY SIZE 3XLT http://t.co/s0lXs9hOz9 #Basketball #NBA
Tue May 12 23:27:07 +0000 2015,Bulls and Cavaliers Move Within a Game of Sweeping Their First-Round Series - http://t.co/SwnGkaKz2g #Celtics
Tue May 12 23:23:10 +0000 2015,RT @BostonCelts4eva: Report: The #Celtics could target LaMarcus Aldridge this summer.
Tue May 12 23:23:09 +0000 2015,L #NBA Nike #Boston #Celtics Paul Pierce #34 NBA Jersey Adult 4XL Sewn Letters #BasketBall #Forsale http://t.co/uNrbrMYny5
Tue May 12 23:21:39 +0000 2015,#NBA Ladies 4 Her By UNK #Boston #Celtics Zip Front Hooded Sweatshirt L http://t.co/LzySG1hMNT #BasketBall #Forsale
Tue May 12 23:21:38 +0000 2015,#NBA #Celtics #Arena Boston Celtics Marvel Comics Fitted Cap 7 5/8 http://t.co/I4tJPzNBUa #BasketBall #Deals
Tue May 12 23:19:08 +0000 2015,#Celtics #Hat Boston Celtics Adidas NBA Fall 07 Basic Logo Black Adjustable Hat Cap OSFA http://t.co/l33YzOPsUI #Boston #BestSeller
Tue May 12 23:18:08 +0000 2015,L L #NBA #Celtics #Arena Boston Celtics Snapback Adjustable #BasketBall #Deals http://t.co/akTUkijmST
