Wed May 13 01:09:06 +0000 2015,RT @GradickSports: #Clippers Matt Barnes was fined $50000 after making inappropriate remarks towards James Harden's mom. http://t.co/S9NuU‚Ä¶
Wed May 13 01:08:50 +0000 2015,#HoustonRockets : goodnight now!  #ClippersIn5 !           #CLIPPERSvsROCKETS #CLIPPERNATION #Clippers #LosAngeles
Wed May 13 01:08:36 +0000 2015,L #NBA #Clippers New red Los Angeles LA CLIPPERS "LOB CITY" rally towel - NWOT SGA #BasketBall #Bargain http://t.co/fZ52WhwquY
Wed May 13 01:08:34 +0000 2015,#Clippers and #Rockets tip in less than 30 minutes!  #Clippers advance to the #WesternConferenceFinals in less than 3 1/2 hours!
Wed May 13 01:08:31 +0000 2015,RT @marcelluswiley: It's not his fault he's playing the #Clippers https://t.co/aKp7VEmnjX
Wed May 13 01:08:10 +0000 2015,#laclippers #clippers #lac Nikola Mirotic nails buzzer-beating heave from beyond halfcourt (VIDEO) http://t.co/t9s0YpJOUe
Wed May 13 01:07:42 +0000 2015,RT @MarcosInWeHo: Come on down watch the #Clippers game at the bar buy an entree &amp get a #freebeer  or #housewine.
Wed May 13 01:07:29 +0000 2015,RT @GradickSports: #Clippers Matt Barnes was fined $50000 after making inappropriate remarks towards James Harden's mom. http://t.co/S9NuU‚Ä¶
Wed May 13 01:07:23 +0000 2015,RT @Melquan4: Fuck the cavs ! Tune in the next game #Clippers
Wed May 13 01:07:09 +0000 2015,Fuck the cavs ! Tune in the next game #Clippers
Wed May 13 01:06:55 +0000 2015,It's on tonight. #clippers #rockets #playoffs https://t.co/qEmbDJLgil
Wed May 13 01:06:42 +0000 2015,#Clippers Matt Barnes was fined $50000 after making inappropriate remarks towards James Harden's mom. http://t.co/S9NuUKBCkn
Wed May 13 01:06:38 +0000 2015,Showings almost complete. Listening 2 #cavaliers &amp #Bulls game n the car but hoping 2 make it back n enuf time 4 the #Clippers . #Realtors
Wed May 13 01:06:18 +0000 2015,Come on down watch the #Clippers game at the bar buy an entree &amp get a #freebeer  or #housewine.
Wed May 13 01:06:17 +0000 2015,#NBA #Clippers - Mens NBA Los Angeles Clippers White T Shirt Size XL The Freshness NWOT... http://t.co/OEnL7r6mdS http://t.co/lQmogZfBKD
Wed May 13 01:06:17 +0000 2015,#NBA #Clippers - ADIDAS MENS NBA SWINGMAN JERSEY LA CLIPPERS PAUL #3 RED/WHITE/BLUE SZ ... http://t.co/nyGM5A3wDP http://t.co/lQmogZfBKD
Wed May 13 01:06:16 +0000 2015,#NBA #Clippers - Los Angeles Clippers Soda/ Beer Cans Bottle Holder Kolder Kaddy Blue G... http://t.co/SBHdW2WEUT http://t.co/lQmogZfBKD
Wed May 13 01:06:16 +0000 2015,#NBA #Clippers - Reebok NBA Fusion Los Angeles Clippers Warm Up Pants Pockets 3XL CP3 L... http://t.co/cDjPsg9b4x http://t.co/lQmogZfBKD
Wed May 13 01:06:16 +0000 2015,#NBA #Clippers - #32 BLAKE GRIFFIN NBA LOS ANGELES CLIPPERS YOUTH LARGE SIZE 14-16 BLUE... http://t.co/mSfplNSpdV http://t.co/lQmogZfBKD
Wed May 13 01:05:28 +0000 2015,The Rockets fell twice in LA and return to Houston with their season on the thin ice. Can the #Clippers finish in 5? http://t.co/yKmyY9X7FI
Wed May 13 01:05:26 +0000 2015,The Rockets fell twice in LA and return to Houston with their season on the thin ice. Can the #Clippers finish in 5? http://t.co/9eauLxXDp6
Wed May 13 01:05:26 +0000 2015,The Rockets fell twice in LA and return to Houston with their season on the thin ice. Can the #Clippers finish in 5? http://t.co/auz8uf4Wkk
Wed May 13 01:04:17 +0000 2015,2015 #nbaplayoffs are the most heated I gave ever seen #nba #Cavs #Bulls #Celtics #Rockets #Clippers
Wed May 13 01:04:05 +0000 2015,RT @0l1l2: ¬ª Clippers #Clippers Clippers Path to Winning NBA Title May Not Be Only a Fairy Tale for‚Ä¶ http://t.co/mEMkmOLwCJ
Wed May 13 01:04:05 +0000 2015,RT @0l1l2: ¬ª Clippers #Clippers Clippers Path to Winning NBA Title May Not Be Only a Fairy Tale for‚Ä¶ http://t.co/mEMkmOLwCJ
Wed May 13 01:04:05 +0000 2015,RT @0l1l2: ¬ª Clippers #Clippers Clippers Path to Winning NBA Title May Not Be Only a Fairy Tale for‚Ä¶ http://t.co/mEMkmOLwCJ
Wed May 13 01:03:37 +0000 2015,RT @0l1l2: ¬ª Clippers #Clippers Clippers Path to Winning NBA Title May Not Be Only a Fairy Tale for‚Ä¶ http://t.co/mEMkmOLwCJ
Wed May 13 01:03:36 +0000 2015,L #Sports #Goods #32 BLAKE GRIFFIN #NBA LOS ANGELES #Clippers YOUTH LARGE SIZE 14-16 BLUE #Jersey #eBay #Auction http://t.co/cb4MMwDOQD
Wed May 13 01:03:35 +0000 2015,TIX http://t.co/uiKMIJY9v3 A 4 Round 3 Los Angeles #Clippers v TBD HG1 5/19 Staples Center‚Ä¶ http://t.co/QVgQMCVdHb #Ticket #BasketBall
Wed May 13 01:03:34 +0000 2015,RT @0l1l2: ¬ª Clippers #Clippers Clippers Path to Winning NBA Title May Not Be Only a Fairy Tale for‚Ä¶ http://t.co/mEMkmOLwCJ
Wed May 13 01:03:34 +0000 2015,RT @0l1l2: ¬ª Clippers #Clippers Clippers Path to Winning NBA Title May Not Be Only a Fairy Tale for‚Ä¶ http://t.co/mEMkmOLwCJ
Wed May 13 01:03:07 +0000 2015,RT @DWolfsonKSTP: Royce White update: #Clippers FO bosses Dave Wohl (former #Twolves ass't) &amp Kevin Eastman came to town to see Royce worko‚Ä¶
Wed May 13 01:01:24 +0000 2015,@MsFitzieBaby #Clippers #ClipCityChipCity
Wed May 13 01:01:07 +0000 2015,RT @0l1l2: ¬ª Clippers #Clippers Clippers Path to Winning NBA Title May Not Be Only a Fairy Tale for‚Ä¶ http://t.co/mEMkmOLwCJ
Wed May 13 01:00:37 +0000 2015,RT @0l1l2: ¬ª Clippers #Clippers Clippers Path to Winning NBA Title May Not Be Only a Fairy Tale for‚Ä¶ http://t.co/mEMkmOLwCJ
Wed May 13 01:00:36 +0000 2015,RT @0l1l2: ¬ª Clippers #Clippers Clippers Path to Winning NBA Title May Not Be Only a Fairy Tale for‚Ä¶ http://t.co/mEMkmOLwCJ
Wed May 13 01:00:20 +0000 2015,RT @SportsInsights: #Clippers vs #Rockets Game 5 (Clips lead 3-1)58% of spd bets on ClipsML bets split 50/5063% of OU bets on Overhtt‚Ä¶
Wed May 13 01:00:14 +0000 2015,The GameTime Crew discusses the series between the #Clippers and #Rockets. http://t.co/9H9pL09sKI #NBAVideo
Wed May 13 01:00:07 +0000 2015,RT @0l1l2: ¬ª Clippers #Clippers Clippers Path to Winning NBA Title May Not Be Only a Fairy Tale for‚Ä¶ http://t.co/mEMkmOLwCJ
Wed May 13 01:00:07 +0000 2015,RT @0l1l2: ¬ª Clippers #Clippers Clippers Path to Winning NBA Title May Not Be Only a Fairy Tale for‚Ä¶ http://t.co/mEMkmOLwCJ
Wed May 13 01:00:06 +0000 2015,RT @0l1l2: ¬ª Clippers #Clippers Clippers Path to Winning NBA Title May Not Be Only a Fairy Tale for‚Ä¶ http://t.co/mEMkmOLwCJ
Wed May 13 01:00:06 +0000 2015,RT @0l1l2: ¬ª Clippers #Clippers Clippers Path to Winning NBA Title May Not Be Only a Fairy Tale for‚Ä¶ http://t.co/mEMkmOLwCJ
Wed May 13 01:00:05 +0000 2015,RT @0l1l2: ¬ª Clippers #Clippers Clippers Path to Winning NBA Title May Not Be Only a Fairy Tale for‚Ä¶ http://t.co/mEMkmOLwCJ
Wed May 13 01:00:05 +0000 2015,RT @0l1l2: ¬ª Clippers #Clippers Clippers Path to Winning NBA Title May Not Be Only a Fairy Tale for‚Ä¶ http://t.co/mEMkmOLwCJ
Wed May 13 00:59:07 +0000 2015,RT @0l1l2: ¬ª Clippers #Clippers Clippers Path to Winning NBA Title May Not Be Only a Fairy Tale for‚Ä¶ http://t.co/mEMkmOLwCJ
Wed May 13 00:59:04 +0000 2015,RT @0l1l2: ¬ª Clippers #Clippers Clippers Path to Winning NBA Title May Not Be Only a Fairy Tale for‚Ä¶ http://t.co/mEMkmOLwCJ
Wed May 13 00:59:04 +0000 2015,RT @0l1l2: ¬ª Clippers #Clippers Clippers Path to Winning NBA Title May Not Be Only a Fairy Tale for‚Ä¶ http://t.co/mEMkmOLwCJ
Wed May 13 00:58:05 +0000 2015,RT @0l1l2: ¬ª Clippers #Clippers Clippers Path to Winning NBA Title May Not Be Only a Fairy Tale for‚Ä¶ http://t.co/mEMkmOLwCJ
Wed May 13 00:58:05 +0000 2015,RT @0l1l2: ¬ª Clippers #Clippers Clippers Path to Winning NBA Title May Not Be Only a Fairy Tale for‚Ä¶ http://t.co/mEMkmOLwCJ
Wed May 13 00:57:40 +0000 2015,RT @0l1l2: ¬ª Clippers #Clippers Clippers Path to Winning NBA Title May Not Be Only a Fairy Tale for‚Ä¶ http://t.co/mEMkmOLwCJ
Wed May 13 00:57:39 +0000 2015,#Collectible #Buzz #32 BLAKE GRIFFIN #NBA LOS ANGELES #Clippers YOUTH LARGE SIZE 14-16 BLUE #Jersey http://t.co/cST4jn6ZQS #Forsale #onsale
Wed May 13 00:57:38 +0000 2015,#NBA #Clippers Reebok NBA Fusion Los Angeles Clippers Warm Up Pants Pockets 3XL CP3 Lob City http://t.co/vhcR8wGevZ #BasketBall #Bargain
Wed May 13 00:57:38 +0000 2015,RT @0l1l2: ¬ª Clippers #Clippers Clippers Path to Winning NBA Title May Not Be Only a Fairy Tale for‚Ä¶ http://t.co/mEMkmOLwCJ
Wed May 13 00:57:38 +0000 2015,#Sports #Goods LOS ANGELES #Clippers #Jersey BY ZIPWAY SIZE 4X LARGE NEW WITH TAGS http://t.co/0DzHu9J2IY #eBay #Auction
Wed May 13 00:57:37 +0000 2015,L #NBA #Clippers RARE! Los Angeles Clippers BLAKE GRIFFIN Youth Jersey L Adidas NWT! #BasketBall #Bargain http://t.co/cFtICZpzjW
Wed May 13 00:57:37 +0000 2015,RT @0l1l2: ¬ª Clippers #Clippers Clippers Path to Winning NBA Title May Not Be Only a Fairy Tale for‚Ä¶ http://t.co/mEMkmOLwCJ
Wed May 13 00:57:34 +0000 2015,RT @0l1l2: ¬ª Clippers #Clippers Clippers Path to Winning NBA Title May Not Be Only a Fairy Tale for‚Ä¶ http://t.co/mEMkmOLwCJ
Wed May 13 00:56:59 +0000 2015,¬ª Clippers #Clippers Clippers Path to Winning NBA Title May Not Be Only a Fairy Tale for‚Ä¶ http://t.co/mEMkmOLwCJ
Wed May 13 00:56:53 +0000 2015,¬ª #Clippers Clippers Doc Rivers and the Los Angeles Clippers like where they re at right now‚Ä¶ http://t.co/ZX9tsXCYP2
Wed May 13 00:56:13 +0000 2015,Houston Rockets Must Regain Identity Before It's Too Late http://t.co/Sb1BJBvvX8  #Rockets #Clippers #Playoffs #NBAPlayoffs
Wed May 13 00:56:05 +0000 2015,RT @SimoneEli_KPRC: Toyota Center is ready for Game 5 tonight. #Rockets #Clippers http://t.co/S9GoJUQj8h
Wed May 13 00:55:53 +0000 2015,Y esta Enrique Gonzalez listo para el #clippers vs #Rockets en las finales de la #NBA http://t.co/gD8O1EGd64
Wed May 13 00:55:14 +0000 2015,Let's Go #Clippers!!! üëèüèºüëèüèºüëèüèºüëèüèºüëèüèº
Wed May 13 00:54:42 +0000 2015,TIX http://t.co/99Sdr28C3O L 4 Round 3 Los Angeles #Clippers v TBD HG3 5/27 Staples Center 334 http://t.co/anRuoDDBMO #Tickets #Ticket
Wed May 13 00:54:42 +0000 2015,#Solution #FatLoss An Effective Way to Lose Weight: Jogging http://t.co/pUbD3VzTwJ #Clippers #Diet
Wed May 13 00:54:06 +0000 2015,RT @fraja8: TIKI TAKA  #nba #nhl #mlb #f1 #ufc #surf #skateboarding #neymar #messi #cr7 #clippers #bar√ßa - http://t.co/JcoFggiXil http://t.‚Ä¶
Wed May 13 00:53:50 +0000 2015,So tonight is the #Clippers Playoff Game and the #AgentsofSHIELD Season Finale!!!! Gonna be a great night of TV!
Wed May 13 00:53:35 +0000 2015,L #Sports #Goods New red Los Angeles LA #Clippers "LOB CITY" rally towel - NWOT SGA #eBay #Auction http://t.co/WICrga77AZ
Wed May 13 00:52:48 +0000 2015,My take on the Hack-A-Shaq tactic"It's Not Pretty But It's Fair"http://t.co/V6HoJPIewe#Clippers #HackAJordan http://t.co/q4WD0S6x7H
Wed May 13 00:52:15 +0000 2015,RT @HunterWalters11: @blunticus50 @blakegriffin32 I would go on a date with that man. #Clippers
Wed May 13 00:52:06 +0000 2015,RT @brownjenjen: ‚Üí http://t.co/QFZvCaMG8z #Clippers Clippers Doc Rivers and the Los Angeles Clippers like where they re at right now USA
Wed May 13 00:52:03 +0000 2015,http://t.co/FSLtcos2cm #Clippers ¬¶ Khloe Kardashian And Kendall Jenner Booed At Clippers Game Khloe Kardashian And K‚Ä¶ http://t.co/P8jziKq1vn
Wed May 13 00:51:58 +0000 2015,RT @SamFarberLive: Next up on Hardcore #Clippers  @DanWoikeSports of the OV Register and then @LAClippers coach Doc ... http://t.co/6EexuKs‚Ä¶
Wed May 13 00:51:42 +0000 2015,RT @brownjenjen: ‚Üí http://t.co/QFZvCaMG8z #Clippers Clippers Doc Rivers and the Los Angeles Clippers like where they re at right now USA
Wed May 13 00:51:42 +0000 2015,RT @brownjenjen: ‚Üí http://t.co/QFZvCaMG8z #Clippers Clippers Doc Rivers and the Los Angeles Clippers like where they re at right now USA
Wed May 13 00:51:40 +0000 2015,RT @brownjenjen: ‚Üí http://t.co/QFZvCaMG8z #Clippers Clippers Doc Rivers and the Los Angeles Clippers like where they re at right now USA
Wed May 13 00:51:40 +0000 2015,RT @brownjenjen: ‚Üí http://t.co/QFZvCaMG8z #Clippers Clippers Doc Rivers and the Los Angeles Clippers like where they re at right now USA
Wed May 13 00:51:39 +0000 2015,RT @brownjenjen: ‚Üí http://t.co/QFZvCaMG8z #Clippers Clippers Doc Rivers and the Los Angeles Clippers like where they re at right now USA
Wed May 13 00:51:39 +0000 2015,RT @brownjenjen: ‚Üí http://t.co/QFZvCaMG8z #Clippers Clippers Doc Rivers and the Los Angeles Clippers like where they re at right now USA
Wed May 13 00:51:39 +0000 2015,RT @brownjenjen: ‚Üí http://t.co/QFZvCaMG8z #Clippers Clippers Doc Rivers and the Los Angeles Clippers like where they re at right now USA
Wed May 13 00:51:38 +0000 2015,RT @brownjenjen: ‚Üí http://t.co/QFZvCaMG8z #Clippers Clippers Doc Rivers and the Los Angeles Clippers like where they re at right now USA
Wed May 13 00:51:37 +0000 2015,RT @brownjenjen: ‚Üí http://t.co/QFZvCaMG8z #Clippers Clippers Doc Rivers and the Los Angeles Clippers like where they re at right now USA
Wed May 13 00:51:37 +0000 2015,RT @brownjenjen: ‚Üí http://t.co/QFZvCaMG8z #Clippers Clippers Doc Rivers and the Los Angeles Clippers like where they re at right now USA
Wed May 13 00:51:37 +0000 2015,RT @brownjenjen: ‚Üí http://t.co/QFZvCaMG8z #Clippers Clippers Doc Rivers and the Los Angeles Clippers like where they re at right now USA
Wed May 13 00:51:37 +0000 2015,RT @brownjenjen: ‚Üí http://t.co/QFZvCaMG8z #Clippers Clippers Doc Rivers and the Los Angeles Clippers like where they re at right now USA
Wed May 13 00:51:37 +0000 2015,RT @brownjenjen: ‚Üí http://t.co/QFZvCaMG8z #Clippers Clippers Doc Rivers and the Los Angeles Clippers like where they re at right now USA
Wed May 13 00:51:37 +0000 2015,RT @brownjenjen: ‚Üí http://t.co/QFZvCaMG8z #Clippers Clippers Doc Rivers and the Los Angeles Clippers like where they re at right now USA
Wed May 13 00:51:37 +0000 2015,RT @brownjenjen: ‚Üí http://t.co/QFZvCaMG8z #Clippers Clippers Doc Rivers and the Los Angeles Clippers like where they re at right now USA
Wed May 13 00:51:37 +0000 2015,RT @brownjenjen: ‚Üí http://t.co/QFZvCaMG8z #Clippers Clippers Doc Rivers and the Los Angeles Clippers like where they re at right now USA
Wed May 13 00:51:37 +0000 2015,RT @brownjenjen: ‚Üí http://t.co/QFZvCaMG8z #Clippers Clippers Doc Rivers and the Los Angeles Clippers like where they re at right now USA
Wed May 13 00:51:37 +0000 2015,RT @brownjenjen: ‚Üí http://t.co/QFZvCaMG8z #Clippers Clippers Doc Rivers and the Los Angeles Clippers like where they re at right now USA
Wed May 13 00:51:37 +0000 2015,RT @brownjenjen: ‚Üí http://t.co/QFZvCaMG8z #Clippers Clippers Doc Rivers and the Los Angeles Clippers like where they re at right now USA
Wed May 13 00:51:37 +0000 2015,RT @brownjenjen: ‚Üí http://t.co/QFZvCaMG8z #Clippers Clippers Doc Rivers and the Los Angeles Clippers like where they re at right now USA
Wed May 13 00:51:36 +0000 2015,RT @brownjenjen: ‚Üí http://t.co/QFZvCaMG8z #Clippers Clippers Doc Rivers and the Los Angeles Clippers like where they re at right now USA
Wed May 13 00:51:36 +0000 2015,RT @brownjenjen: ‚Üí http://t.co/QFZvCaMG8z #Clippers Clippers Doc Rivers and the Los Angeles Clippers like where they re at right now USA
Wed May 13 00:51:36 +0000 2015,RT @brownjenjen: ‚Üí http://t.co/QFZvCaMG8z #Clippers Clippers Doc Rivers and the Los Angeles Clippers like where they re at right now USA
Wed May 13 00:51:36 +0000 2015,RT @brownjenjen: ‚Üí http://t.co/QFZvCaMG8z #Clippers Clippers Doc Rivers and the Los Angeles Clippers like where they re at right now USA
Wed May 13 00:51:36 +0000 2015,RT @brownjenjen: ‚Üí http://t.co/QFZvCaMG8z #Clippers Clippers Doc Rivers and the Los Angeles Clippers like where they re at right now USA
Wed May 13 00:51:36 +0000 2015,RT @brownjenjen: ‚Üí http://t.co/QFZvCaMG8z #Clippers Clippers Doc Rivers and the Los Angeles Clippers like where they re at right now USA
Wed May 13 00:51:36 +0000 2015,RT @brownjenjen: ‚Üí http://t.co/QFZvCaMG8z #Clippers Clippers Doc Rivers and the Los Angeles Clippers like where they re at right now USA
