Wed May 13 01:08:43 +0000 2015,RT @memgrizz: MT @thefishnation: @aa000G9 (hamstring) is listed as questionable for #Grizzlies vs. @warriors in Game 5
Wed May 13 01:08:13 +0000 2015,#memphisgrizzlies #memphis #grizzlies New Memphis Grizzlies Rumors. Tuesday May 12 2015 http://t.co/lxWQZAwvqn
Wed May 13 01:07:50 +0000 2015,You cannot ask for guys to make shots every time or to make the right play every time but you can ask for effort. ‚Äì Marc Gasol #Grizzlies
Wed May 13 01:06:39 +0000 2015,RT @memgrizz: MT @thefishnation: @aa000G9 (hamstring) is listed as questionable for #Grizzlies vs. @warriors in Game 5
Wed May 13 01:06:33 +0000 2015,#NBA #Grizzlies- MEMPHIS GRIZZLIES GRIZ CAPE - ONE SIZE:  $50.00End Date: Friday May-15... http://t.co/P17a0JkNNy http://t.co/lQmogZfBKD
Wed May 13 01:06:33 +0000 2015,#NBA #Grizzlies- MEMPHIS GRIZZLIES TOY WRESTLING CHAMPIONSHIP BELT ONLY 3000 MADE!!!: ... http://t.co/4ITvzIalYr http://t.co/lQmogZfBKD
Wed May 13 01:06:29 +0000 2015,RT @LakersCanes305: Look at these two rosters! R u kiddin me????? Man #Bulls &amp #Grizzlies forever underachievers
Wed May 13 01:06:18 +0000 2015,RT @memgrizz: MT @thefishnation: @aa000G9 (hamstring) is listed as questionable for #Grizzlies vs. @warriors in Game 5
Wed May 13 01:06:08 +0000 2015,Tony Allen Injury: Updates on #Grizzlies Forward's Hamstring and Return http://t.co/VRKmkk08FK http://t.co/D4Irx91Qib
Wed May 13 01:05:50 +0000 2015,RT @memgrizz: MT @thefishnation: @aa000G9 (hamstring) is listed as questionable for #Grizzlies vs. @warriors in Game 5
Wed May 13 01:05:19 +0000 2015,Look at these two rosters! R u kiddin me????? Man #Bulls &amp #Grizzlies forever underachievers
Wed May 13 01:05:07 +0000 2015,#Grizzlies Tweets: MT @thefishnation: @aa000G9 (hamstring) is listed as questionable for #Grizzlies vs.‚Ä¶ #NBA http://t.co/tTkRzWlPbY
Wed May 13 01:05:03 +0000 2015,RT @memgrizz: MT @thefishnation: @aa000G9 (hamstring) is listed as questionable for #Grizzlies vs. @warriors in Game 5
Wed May 13 01:04:45 +0000 2015,RT @memgrizz: MT @thefishnation: @aa000G9 (hamstring) is listed as questionable for #Grizzlies vs. @warriors in Game 5
Wed May 13 01:04:39 +0000 2015,RT @memgrizz: MT @thefishnation: @aa000G9 (hamstring) is listed as questionable for #Grizzlies vs. @warriors in Game 5
Wed May 13 01:04:16 +0000 2015,MT @thefishnation: @aa000G9 (hamstring) is listed as questionable for #Grizzlies vs. @warriors in Game 5
Wed May 13 01:03:07 +0000 2015,LIVE: Episode 82 - Jeff Ireland &amp Zach Thomas on @spreaker #grizzlies #memphis #nfl #patriots #sportstalk https://t.co/LrSFiM80B8
Wed May 13 00:56:38 +0000 2015,http://t.co/NvAB9WpvYy MEMPHIS GRIZZLIES NBA TC STROKE Mitchell and Ness Snapback H #Grizzlies http://t.co/uBrq9RmqZo
Wed May 13 00:56:14 +0000 2015,The Grizzlies are grinding away at Draymond Green&amp#039s confi  http://t.co/iwziWJ6AHi  #ball #grizzlies #warriors
Wed May 13 00:46:35 +0000 2015,RT @canalspace: Los trituradores reciben al MVP. Habr√° gritos y gru√±idos ¬°Ma√±ana hay #NBAenSPACE en VIVO! #WARRIORS vs #GRIZZLIES http://t.‚Ä¶
Wed May 13 00:45:57 +0000 2015,RT @TRDONLOVESYOU: Photo: We came We saw We conquered. #RecRoom @TRDON #Results #Grizzlies #GNG #Memphisvserrybody... http://t.co/QpwGAZu‚Ä¶
Wed May 13 00:36:12 +0000 2015,#memphisgrizzlies #memphis #grizzlies Tony Allen Injury: Updates on Grizzlies Forward's Hamstring and Return http://t.co/kNRqyKqRB2
Wed May 13 00:36:11 +0000 2015,#memphisgrizzlies #memphis #grizzlies Tony Allen Questionable For Game 5 With Sore Hamstring http://t.co/a7uf1FyIQ6
Wed May 13 00:36:04 +0000 2015,#memphis #grizzlies Hamstring issue could sideline Grizzlies' Allen http://t.co/vOWCQ442df
Wed May 13 00:35:37 +0000 2015,An 11yr old #Grizzlies super fan was created last night...and it isn't pretty.
Wed May 13 00:35:06 +0000 2015,#Warriors‚Äô Key #Adjustments Leave #Grizzlies with Nowhere to Turn: The Golden State Warriors‚Ä¶ http://t.co/JaFgA8bslj
Wed May 13 00:34:58 +0000 2015,RT @canalspace: Los trituradores reciben al MVP. Habr√° gritos y gru√±idos ¬°Ma√±ana hay #NBAenSPACE en VIVO! #WARRIORS vs #GRIZZLIES http://t.‚Ä¶
Wed May 13 00:33:51 +0000 2015,RT @OwnersBoxNBA: #NBA #StartingFive #Grizzlies[G] Conley[G] Lee[F] Allen[F] Randolph[C] Gasolvs Warriors on Monday
Wed May 13 00:33:15 +0000 2015,RT @OwnersBoxNBA: #NBA #GrizzliesTony Allen (sore left hamstring) is questionable for Wednesday's Game 5 vs Golden State.@aa000G9
Wed May 13 00:31:13 +0000 2015,RT @ElTabloncillo: #Grizzlies problemas Tony Allen es duda para el juego 5. #NBAPlayoffs
Wed May 13 00:30:41 +0000 2015,#Grizzlies problemas Tony Allen es duda para el juego 5. #NBAPlayoffs
Wed May 13 00:29:28 +0000 2015,RT @deplaymaker: El dominio de los #Warriors anoche.... ¬øUn 'reality check' para los #Grizzlies?[AUDIO] --&gt https://t.co/YcE4vAVmCC
Wed May 13 00:28:47 +0000 2015,RT @canalspace: Los trituradores reciben al MVP. Habr√° gritos y gru√±idos ¬°Ma√±ana hay #NBAenSPACE en VIVO! #WARRIORS vs #GRIZZLIES http://t.‚Ä¶
Wed May 13 00:28:44 +0000 2015,El dominio de los #Warriors anoche.... ¬øUn 'reality check' para los #Grizzlies?[AUDIO] --&gt https://t.co/c5W0iMgjmC
Wed May 13 00:28:44 +0000 2015,El dominio de los #Warriors anoche.... ¬øUn 'reality check' para los #Grizzlies?[AUDIO] --&gt https://t.co/YcE4vAVmCC
Wed May 13 00:28:31 +0000 2015,http://t.co/NvAB9WpvYy [True Hoop: 3 Shades of Blue] - Making Adjustments  #Grizzlies http://t.co/habrwJlfva
Wed May 13 00:20:50 +0000 2015,#Grizzlies Tony Allen is listed as questionable for Game 5 on Wednesday due to a hamstring injury.  http://t.co/ojOABVyels
Wed May 13 00:19:22 +0000 2015,Got #3 prospect Carlos Correa autograph here in Albuquerque!  #Isotopes #Fresno #Grizzlies #Astros https://t.co/SaiiAhKVUF
Wed May 13 00:18:10 +0000 2015,Sharing yesterday's wins Folks! :)) @BetsAlpha  #NBAPlayoffs #bettingtips #Grizzlies #atlantahawks #ShareMyAlphaWins http://t.co/4obvbgCoWH
Wed May 13 00:15:19 +0000 2015,@RudyGay8  Hey Rudy I remember when you played on a good team. #Grizzlies
Wed May 13 00:14:13 +0000 2015,The Grizzlies are grinding away at Draymond Green&amp#039s confi  http://t.co/iwziWJ6AHi  #ball #grizzlies #warriors
Wed May 13 00:12:40 +0000 2015,#NBA #GrizzliesTony Allen (sore left hamstring) is questionable for Wednesday's Game 5 vs Golden State.@aa000G9
Wed May 13 00:11:54 +0000 2015,RT @canalspace: Los trituradores reciben al MVP. Habr√° gritos y gru√±idos ¬°Ma√±ana hay #NBAenSPACE en VIVO! #WARRIORS vs #GRIZZLIES http://t.‚Ä¶
Wed May 13 00:10:07 +0000 2015,RT @CSNAuthentic: #Grizzlies not going to 'put their heads down' (@KKurzCSN) http://t.co/hI55m5IixB #NBA #NBAPlayoffs http://t.co/SPCnPNiEuR
Wed May 13 00:08:48 +0000 2015,#Grizzlies not going to 'put their heads down' (@KKurzCSN) http://t.co/hI55m5IixB #NBA #NBAPlayoffs http://t.co/SPCnPNiEuR
Wed May 13 00:07:31 +0000 2015,"Playoff Rappers Rep Their NBA Town" #Hawks #Wizards #Bulls #Cavs #Clippers #Rockets #Warriors #Grizzlies  http://t.co/EpYauXjgPp
Wed May 13 00:07:13 +0000 2015,RT @Sportsnet: Steph Curry had 33 points and the #Warriors routed the #Grizzlies to even their series up: http://t.co/gE0oVbbgDG http://t.c‚Ä¶
Wed May 13 00:06:25 +0000 2015,RT @NBAFantasyAlarm: #Grizzlies - Tony Allen - SG : Breaking News/ Other News http://t.co/ooJuxBJooU #winning http://t.co/cxdfQPQfXR
Wed May 13 00:06:12 +0000 2015,http://t.co/EEkB0NdMH9: Lakers center Andrew Bynum on #loss to... http://t.co/upxGOYMPdk #andrew #bynum #grizzlies #lakers #memphis
Wed May 13 00:05:02 +0000 2015,RT @memgrizz: . @EricHasseltine takes a few jumpers before the #Grizzlies take the floor for practice. http://t.co/2ZRmiOMHYh
Wed May 13 00:03:42 +0000 2015,#Grizzlies Tweets: Join #ClawCrew and #GrizzGirls at the Grizzlies Official Bud Light Watch Party Gm6‚Ä¶ #NBA http://t.co/tTkRzWlPbY
Wed May 13 00:02:42 +0000 2015,I can't believe Alex Presley has been hitting well enough to bat third in the order #Grizzlies
Wed May 13 00:02:18 +0000 2015,GrizzFIT Kids Bootcamp Teaches Fitness and Life-Skills - http://t.co/9WsaDxzzjE #Grizzlies
Tue May 12 23:58:28 +0000 2015,#Warriors crush #Grizzlies 101-84 to tie series 2-2 http://t.co/jDVVNXPLkS
Tue May 12 23:57:12 +0000 2015,PSA will all these injuries Stephon Marbury is still available #Bulls #Cavs #Clippers #Rockets #Wizards #Hawks #Warriors #Grizzlies
Tue May 12 23:50:03 +0000 2015,Sports Photos! #NBA #Warriors at #Grizzlies: http://t.co/fo1O5RBVNd
Tue May 12 23:47:10 +0000 2015,Here‚Äôs The REAL Reason #TheWarriors Won Game 4 To Tie Their Series With The #Grizzlies http://t.co/7bI9HKM7dd via @DimeMag
Tue May 12 23:42:14 +0000 2015,Golden State ties their series at 2-2 rout Grizzlies 101-  http://t.co/ncuXyB8Ad6  #coach #goldenstate #grizzlies
Tue May 12 23:32:09 +0000 2015,LeBeau talks joining the #Titans &amp players say he's already made an impact. Recap of #Grizzlies game 4 loss #VandyBoys/UofL on @NC5 at 6:48
Tue May 12 23:12:47 +0000 2015,#Grizzlies Tweets: Tix on-sale for Rd 2 Gm 6 vs #Warriors @FedExForum tmrw at 12pm/ct.‚Ä¶ http://t.co/dYmjRbztXQ #NBA http://t.co/tTkRzWlPbY
Tue May 12 23:11:04 +0000 2015,TIX http://t.co/tebk7rKDq8 3 TIX 5/15 NBA Western Conference Semifinals : Memphis #Grizzlies v‚Ä¶ http://t.co/2WRSroAS2n #Ticket #BasketBall
Tue May 12 23:08:08 +0000 2015,#memphis #grizzlies Griz seek answers more offense http://t.co/LZM0QGIlVu
Tue May 12 23:07:52 +0000 2015,RT @CSNAuthentic: Kerr's message to #Warriors: 'Watch a movie or read a book' (@MontePooleCSN) http://t.co/cFZgkUxgmd #Grizzlies #NBA http:‚Ä¶
Tue May 12 23:04:01 +0000 2015,http://t.co/NvAB9WpvYy 3 TIX 5/15 NBA Western Conference Semifinals : Memphis Grizz #Grizzlies http://t.co/aSYim4HiHj
Tue May 12 23:03:23 +0000 2015,RT @canalspace: Los trituradores reciben al MVP. Habr√° gritos y gru√±idos ¬°Ma√±ana hay #NBAenSPACE en VIVO! #WARRIORS vs #GRIZZLIES http://t.‚Ä¶
Tue May 12 23:01:19 +0000 2015,RT @CSNAuthentic: Kerr's message to #Warriors: 'Watch a movie or read a book' (@MontePooleCSN) http://t.co/cFZgkUxgmd #Grizzlies #NBA http:‚Ä¶
Tue May 12 23:00:17 +0000 2015,Golden State ties their series at 2-2 rout Grizzlies 101-  http://t.co/ncuXyB8Ad6  #coach #goldenstate #grizzlies
Tue May 12 22:54:35 +0000 2015,. #EricHasseltine takes a few jumpers before the #Grizzlies take the floor for practice. http://t.co/IxygNHTdYW http://t.co/ap98EYyWlV
Tue May 12 22:53:23 +0000 2015,... http://t.co/DpwJg2otsw #bucks #gasol #golden #grizzlies #monster #october #pondexter #preseason #steal #warriors
Tue May 12 22:52:13 +0000 2015,Postgame press conferences Round 2 Game 3 :MEMvGSW - http://t.co/IN4BlXDVSg #Grizzlies
Tue May 12 22:52:06 +0000 2015,We now offer professional audio and video installations http://t.co/R4yIysTkEk #Grizzlies #Memphis http://t.co/0cmvD4N0sx
Tue May 12 22:50:06 +0000 2015,RT @canalspace: Los trituradores reciben al MVP. Habr√° gritos y gru√±idos ¬°Ma√±ana hay #NBAenSPACE en VIVO! #WARRIORS vs #GRIZZLIES http://t.‚Ä¶
Tue May 12 22:50:01 +0000 2015,#Grizzlies #Memphis Grizzlies-Warriors Preview: ... be long before he regained his MVP form and t... http://t.co/Ij05u13sTS #GrizzNation
Tue May 12 22:49:52 +0000 2015,[VIDEO] Warriors Vs Grizzlies Highlights (Game 4) #GSvsMEM #Warriors #Grizzlies #NBAPlayoffs https://t.co/58r4XNA28L
Tue May 12 22:49:49 +0000 2015,RT @TeresaMWalker: Top seeds #Warriors #Hawks returning home for pivotal  (from @AP) by @agonzalezAP #grizzlies  http://t.co/F2feLr7ah7
Tue May 12 22:48:08 +0000 2015,RT @canalspace: Los trituradores reciben al MVP. Habr√° gritos y gru√±idos ¬°Ma√±ana hay #NBAenSPACE en VIVO! #WARRIORS vs #GRIZZLIES http://t.‚Ä¶
Tue May 12 22:46:07 +0000 2015,RT @SportsHubAZ: Just facts: Monty Williams third black #NBA coach in three yrs to get fired after leading team to playoffs #Pelicans #Warr‚Ä¶
Tue May 12 22:44:19 +0000 2015,RT @memgrizz: . @EricHasseltine takes a few jumpers before the #Grizzlies take the floor for practice. http://t.co/2ZRmiOMHYh
Tue May 12 22:43:50 +0000 2015,RT @SportsHubAZ: Just facts: Monty Williams third black #NBA coach in three yrs to get fired after leading team to playoffs #Pelicans #Warr‚Ä¶
Tue May 12 22:43:22 +0000 2015,RT @memgrizz: . @EricHasseltine takes a few jumpers before the #Grizzlies take the floor for practice. http://t.co/2ZRmiOMHYh
Tue May 12 22:42:22 +0000 2015,RT @dyonba: #NBA| Un Curry estelar empata la serie y devuelve la sonrisa a los ... http://t.co/4sFLhlwV8M #Warriors #Grizzlies http://t.co/‚Ä¶
Tue May 12 22:41:48 +0000 2015,RT @CSNAuthentic: Kerr's message to #Warriors: 'Watch a movie or read a book' (@MontePooleCSN) http://t.co/cFZgkUxgmd #Grizzlies #NBA http:‚Ä¶
Tue May 12 22:41:25 +0000 2015,#memphisgrizzlies #grizzlies #grizzfans 'The Lowe Post' Podcast: Jeff Van Gundy on the Rockets Grizzlies-Warr.. http://t.co/uCaXfBMkID
Tue May 12 22:41:24 +0000 2015,Kerr's message to #Warriors: 'Watch a movie or read a book' (@MontePooleCSN) http://t.co/cFZgkUxgmd #Grizzlies #NBA http://t.co/sBWthUTcyq
Tue May 12 22:37:24 +0000 2015,RT @memgrizz: . @EricHasseltine takes a few jumpers before the #Grizzlies take the floor for practice. http://t.co/2ZRmiOMHYh
Tue May 12 22:37:11 +0000 2015,RT @SportsHubAZ: Just facts: Monty Williams third black #NBA coach in three yrs to get fired after leading team to playoffs #Pelicans #Warr‚Ä¶
Tue May 12 22:37:03 +0000 2015,#memphis #grizzlies Geoff Calkins: Are the Griz good enough? http://t.co/GFGEd9Qs1g
Tue May 12 22:37:03 +0000 2015,#memphisgrizzlies #grizzlies #grizzfans Oddsmakers Weigh In http://t.co/jkQ2cgMI1f
Tue May 12 22:35:17 +0000 2015,BigReporter: http://t.co/idsAyAULNN #Golden #State #level #series 2-2 rout #Grizzlies #101-84 #news http://t.co/gaCpI6QFcq
Tue May 12 22:31:18 +0000 2015,RT @canalspace: Los trituradores reciben al MVP. Habr√° gritos y gru√±idos ¬°Ma√±ana hay #NBAenSPACE en VIVO! #WARRIORS vs #GRIZZLIES http://t.‚Ä¶
Tue May 12 22:29:47 +0000 2015,#Grizzlies Tweets: Shoutout and Thanks to the @memgrizz and @AHS_Warranty for the tickets to last nights game!‚Ä¶ #NBA http://t.co/tTkRzWlPbY
Tue May 12 22:29:29 +0000 2015,For all my #Grizzlies fans!Just wait til it's done! üòäüòåüòè https://t.co/S9nbwDi7Rz
Tue May 12 22:28:38 +0000 2015,RT @canalspace: Los trituradores reciben al MVP. Habr√° gritos y gru√±idos ¬°Ma√±ana hay #NBAenSPACE en VIVO! #WARRIORS vs #GRIZZLIES http://t.‚Ä¶
Tue May 12 22:26:58 +0000 2015,‚ÄòThe Lowe Post‚Äô Podcast: Jeff Van Gundy on the R... #Grizzlies #MemphisGrizzlies http://t.co/Z3i7G5xDP1 http://t.co/cfFNevN3wY
Tue May 12 22:24:03 +0000 2015,RT @memgrizz: . @EricHasseltine takes a few jumpers before the #Grizzlies take the floor for practice. http://t.co/2ZRmiOMHYh
Tue May 12 22:23:20 +0000 2015,#NBA #Grizzlies- Memphis Grizzlies Adidas NBA Blue Knit Beanie Toque Hat Cap OSFA:  $5.... http://t.co/asTbE9BDCO http://t.co/lQmogZfBKD
Tue May 12 22:23:15 +0000 2015,RT @nba_lord: Here is my "Rapid Reaction" to Game 4 between the #Grizzlies &amp #Warriors on @BealeStBearsFS... http://t.co/wPJqEGWlzk
Tue May 12 22:19:47 +0000 2015,RT @nba_lord: Here is my "Rapid Reaction" to Game 4 between the #Grizzlies &amp #Warriors on @BealeStBearsFS... http://t.co/wPJqEGWlzk
Tue May 12 22:16:06 +0000 2015,RT @JMilesWMC: Cool @memgrizz @FedExForum drone video #Grizzlies:  https://t.co/fJMMY6Qc5u http://t.co/jvyE6BIhMg
Tue May 12 22:15:44 +0000 2015,RT @RepCohen: "Only in  Memphis and the movies." @mconley11 masked &amp spectacular out plays #NBA #MVP.#Grizzlies  coming home to #Memphis. W‚Ä¶
