Wed May 13 01:08:12 +0000 2015,#goldenstatewarriors #gswarriors Coach Relies on Bad Cinema to Shake Up the Warriors http://t.co/BqLDICH0tj
Wed May 13 01:08:11 +0000 2015,#gswarriors #goldenstate #warriors Western Notes: Kerr D-League Asik http://t.co/Que9h47RDL
Wed May 13 00:36:18 +0000 2015,Warriors' Key Adjustments Leave Grizzlies with Nowh... #GSWarriors #WarriorsNation http://t.co/hizwUo5ZHL http://t.co/tNQzzzn9iI
Wed May 13 00:36:11 +0000 2015,#gswarriors #goldenstate #warriors Game four Philadelphia and bees http://t.co/NvE9tmTrZc
Wed May 13 00:07:29 +0000 2015,#goldenstatewarriors #gswarriors New Orleans Pelicans fire head coach Monty Williams (The Associated Press) http://t.co/GOfCdBbM7v
Tue May 12 23:59:34 +0000 2015,Warriors back on track #GSWarriors #WarriorsNation http://t.co/iPteTRjfXd http://t.co/Il9MdZOICB
Tue May 12 23:53:37 +0000 2015,#ThugLife #stephencurry #gswarriors #California #Love #GoldenState #NBA #Playoffs #2015 @warriors https://t.co/NMzMdWF1wm
Tue May 12 23:36:05 +0000 2015,#goldenstatewarriors #gswarriors Pelicans fire head coach Williams (AFP) http://t.co/ZzdnEnoCwL
Tue May 12 22:37:03 +0000 2015,#gswarriors #goldenstate #warriors Return of Playoff Barnes Is Timely for Warriors http://t.co/ridHf7xete
Tue May 12 22:04:21 +0000 2015,Playing #chess with #stephcurry. #goldenstatewarriors #dubnation #warriors #gswarriors @ Collins‚Ä¶ https://t.co/cPEOeZ4Jbh
Tue May 12 22:01:38 +0000 2015,Warriors tie their semifinal at 2-2 http://t.co/Ue8EaHHOeW #gswarriors #warriors #nba
Tue May 12 21:40:48 +0000 2015,‚ÄúThe Warriors are 50-0 when leading by 15 points at any point in the game.‚Äù - now that's a stat. #GSWarriors  https://t.co/FIRV6uNIYO
Tue May 12 21:38:56 +0000 2015,Dwane Casey is going to be back as coach for the #Raptors? Ugh. No. Just No. Ah well makes me happy I'm a #GSWarriors fan.
Tue May 12 21:36:17 +0000 2015,#goldenstatewarriors #gswarriors Top seeds Warriors Hawks returning home for pivotal Game 5s (The Associated .. http://t.co/OPlNwWZf3p
Tue May 12 21:08:11 +0000 2015,#gswarriors #goldenstate #warriors Warriors Make All the Right Moves http://t.co/oHNDuXSdlt
Tue May 12 21:01:15 +0000 2015,Steve Kerr's Lineup Tweaks Will Lead the Warr... #GoldenStateWarriors #GSWarriors http://t.co/RqBlCT2pur http://t.co/OZKI3lxna9
Tue May 12 20:51:10 +0000 2015,#goldenstatewarriors #gswarriors Pelicans fire head coach Williams (Reuters) http://t.co/vQ0dzk4Qcf
Tue May 12 20:46:04 +0000 2015,#goldenstatewarriors #gswarriors Grizzlies-Warriors Preview (The Associated Press) http://t.co/kv4muOpBu8
Tue May 12 20:41:27 +0000 2015,#goldenstatewarriors #gswarriors Doc Rivers and the Los Angeles Clippers like where they're at right now (Ball.. http://t.co/AfGnqosLL0
Tue May 12 20:37:24 +0000 2015,#goldenstatewarriors #gswarriors NBA-Pelicans fire head coach Williams (Reuters) http://t.co/YeIyit6ghS
Tue May 12 20:31:16 +0000 2015,Grizzlies-Warriors Preview #GSWarriors #WarriorsNation http://t.co/8NnRXEMQxx http://t.co/VPvfcq9DUY
Tue May 12 18:09:56 +0000 2015,RT @warriorsviews: #gswarriors #goldenstate #wearewarriors Defensive woes plaguing Hawks Warriors http://t.co/AwEKxWmuzk
Tue May 12 18:02:46 +0000 2015,#GSWarriors Big Man Andrew Bogut had X-rays taken on his ribs following last night's win apparently okay but probably sore. @24_7_News.
Tue May 12 17:59:46 +0000 2015,Pacific Gas and Electric Company is on a tear like the #gswarriors! Check out our Supervisor Pub...http://t.co/DsBtBZnxHc #job
Tue May 12 17:56:01 +0000 2015,Artikkel om NBAs MVP @StephenCurry30 http://t.co/yfKbDwQ1YL@warriors @NRK_Sport @TV2Sport #2nba #NBANOR #GSWarriors spre gjerne budskapet
Tue May 12 17:41:11 +0000 2015,#gswarriors #goldenstate #wearewarriors Defensive woes plaguing Hawks Warriors http://t.co/AwEKxWmuzk
Tue May 12 17:38:03 +0000 2015,RT @warriorsviews: #gswarriors #goldenstate #warriors Playoff Barnes &amp Steph Curry Shine in Crucial Game 4 Win http://t.co/UT9agxxtKT
Tue May 12 17:37:21 +0000 2015,#gswarriors #goldenstate #warriors Playoff Barnes &amp Steph Curry Shine in Crucial Game 4 Win http://t.co/UT9agxxtKT
Tue May 12 17:34:21 +0000 2015,#GSWarriors swag? Tony's is now Charley's 400 block #SanBruno Ave at Easton (2 bl east of ECR) #StrengthInNumbers
Tue May 12 17:31:39 +0000 2015,#MVP #gswarriors #StephCurry http://t.co/NaCi3irUa2
Tue May 12 17:25:49 +0000 2015,@Money23Green is a monster! Love watching him play. #SpartansWill #NBAPlayoffs #GSWarriors
Tue May 12 17:08:11 +0000 2015,#gswarriors #goldenstate #wearewarriors Pelicans fire coach Williams after 5 seasons http://t.co/ZqjRJH5CAW
Tue May 12 17:08:11 +0000 2015,#goldenstatewarriors #gswarriors Here are the 76ers' new logos featuring Dribbling Ben Franklin (Ball Don't L.. http://t.co/r4OcafA4x2
Tue May 12 16:37:07 +0000 2015,#gswarriors #goldenstate #wearewarriors Warriors matchups disrupt Grizzlies http://t.co/Qrbw5e8dA4
Tue May 12 16:08:10 +0000 2015,#gswarriors #goldenstate #warriors Warriors vs. Grizzlies Game 4: Steve Kerr's success in coaching Stephen Curry http://t.co/LCBoWjpEQw
Tue May 12 15:56:48 +0000 2015,Warriors Perform Like Champs Against Grizzlies #GSWarriors #WarriorsNation http://t.co/KBlffms6Fz http://t.co/5Qec0616Pg
Tue May 12 15:37:04 +0000 2015,#gswarriors #goldenstate #warriors Bulls Interested In Alvin Gentry http://t.co/eEEtTS8c47
Tue May 12 15:21:36 +0000 2015,Decidedly different emotion coming off court tonight. #gswarriors #KTVU http://t.co/75MPQBbGJ5 http://t.co/R32948sbBu
Tue May 12 14:58:54 +0000 2015,I love the Splash Brothers #DubNation #gswarriors
Tue May 12 14:57:43 +0000 2015,Nice to see you back on TV talking @warriors @SteinmetzNBA #morningson2 #gswarriors
Tue May 12 14:55:29 +0000 2015,Let's go üåâ !! #GSWarriors #NBAPlayoffs
Tue May 12 14:35:09 +0000 2015,RT @StanfordVoice: Decidedly different emotion coming off court tonight. #gswarriors #KTVU http://t.co/2QKgSTRWhr
Tue May 12 14:30:12 +0000 2015,RT @StanfordVoice: Decidedly different emotion coming off court tonight. #gswarriors #KTVU http://t.co/2QKgSTRWhr
Tue May 12 14:02:11 +0000 2015,RT @StanfordVoice: Decidedly different emotion coming off court tonight. #gswarriors #KTVU http://t.co/2QKgSTRWhr
Tue May 12 13:29:51 +0000 2015,RT @warriorsviews: #goldenstatewarriors #gswarriors Watch Stephen Curry look like MVP drop 33 on Grizzlies in win http://t.co/9He5aXuaES
Tue May 12 12:17:08 +0000 2015,@StephenCurry30 I see you!!! What a MVP PERFORMANCE last night. Home court advantage back with #GSWarriors #GSWvsMEM
Tue May 12 12:08:06 +0000 2015,#goldenstatewarriors #gswarriors Watch Stephen Curry look like MVP drop 33 on Grizzlies in win http://t.co/9He5aXuaES
Tue May 12 10:34:19 +0000 2015,RT @WarriorsSocial: Great win Dubs. #DubNation #GSWarriors #GSWHoops #NBAPlayoffs http://t.co/uzVwRyoGBc http://t.co/qc3jcPG6ju
Tue May 12 10:33:04 +0000 2015,Great win Dubs. #DubNation #GSWarriors #GSWHoops #NBAPlayoffs http://t.co/uzVwRyoGBc http://t.co/qc3jcPG6ju
Tue May 12 09:07:04 +0000 2015,#goldenstatewarriors #gswarriors Steve Kerr delivered Steph Curry a message before Game 4: Stop trying to do i.. http://t.co/AKpfYUOmQS
Tue May 12 07:36:05 +0000 2015,#gswarriors #goldenstate #wearewarriors Defensive adjustment tenacity spark Warriors' return to form http://t.co/S6fM47RKAa
Tue May 12 07:07:26 +0000 2015,#gswarriors #goldenstate #wearewarriors Reality setting in for Grizzlies and Warriors http://t.co/ziOK563l4e
Tue May 12 06:39:05 +0000 2015,RT @lakeju1: #SplashBrothers #GSWarriors http://t.co/Q2PMqS8Au5
Tue May 12 06:08:04 +0000 2015,#goldenstatewarriors #gswarriors Golden State Warriors Have Found Their Groove Again Tie Series With Memphis .. http://t.co/jhb8ztkBOS
Tue May 12 06:07:11 +0000 2015,#goldenstatewarriors #gswarriors Warriors return to elite form in Game 4 blowout tie Grizzlies at 2-2 (Ball D.. http://t.co/SArI6KuH4Z
Tue May 12 05:59:46 +0000 2015,Pacific Gas and Electric Company is on a tear like the #gswarriors! Check out our Supervisor Pub...http://t.co/eDkWWPN10E #job
Tue May 12 05:56:18 +0000 2015,Stephen Curry's MVP Performance Gets Warriors Back... #GSWarriors #WarriorsNation http://t.co/52Akz73DGS http://t.co/JIA5Kxp8vc
Tue May 12 05:39:02 +0000 2015,We lucked out with Bogut. Never held my breath reading a tweet before I read Woj's tweet. #gswarriors
Tue May 12 05:37:04 +0000 2015,#gswarriors #goldenstate #wearewarriors Warriors Curry get things righted on offense and defense http://t.co/xGx4l0KkuV
Tue May 12 05:26:15 +0000 2015,Warriors Curry get things righted on offense and... #GSWarriors #WarriorsNation http://t.co/meM7aquBVz http://t.co/sjgRFRU7Rg
Tue May 12 05:12:33 +0000 2015,#gswarriors #goldenstate #warriors Game Links #R2G4: Golden State Warriors 101 @ Memphis Grizzlies 84 - Warrio.. http://t.co/a3dymF63Q3
Tue May 12 05:09:44 +0000 2015,RT @warriorsviews: #gswarriors #goldenstate #warriors Warriors "play like themselves" win Game 4 101-84 http://t.co/82kSTieiez
Tue May 12 05:08:03 +0000 2015,#goldenstatewarriors #gswarriors Warriors Rout the Grizzlies to Tie Their Series http://t.co/dGawg6T87r
Tue May 12 05:08:03 +0000 2015,#gswarriors #goldenstate #warriors Warriors "play like themselves" win Game 4 101-84 http://t.co/82kSTieiez
Tue May 12 05:04:31 +0000 2015,Game 1: GSW 13 threes MEM 3 Game 4: GSW 14 threes MEM 4.  Make threes win games.  #gswarriors
Tue May 12 04:51:16 +0000 2015,Warriors Even Series With Game 4 Victory #GSWarriors #WarriorsNation http://t.co/08fmDqpiX2 http://t.co/gL9s1PztyB
Tue May 12 04:45:31 +0000 2015,Draymond: "Getting booed in an NBA arena it's like ooh I've arrived now.  It's fun."  #gswarriors #KTVU
Tue May 12 04:41:32 +0000 2015,Curry: "we set the tone the first quarter and didn't take our foot off the gas the rest of the way." #gswarriors #KTVU
Tue May 12 04:41:06 +0000 2015,–≠–Ω—ç –∂–∏–ª –¥–æ–≤—Ç–æ–ª–≥–æ–æ–Ω–∏–π –±–∞–≥ —é—É —Ö–∏–π–∂ —á–∞–¥–¥–∞–≥—ã–≥ —Ö–∞—Ä—É—É–ª–∞–∞–¥ –µ–≥–µ–µ—Å–µ–π #GSWarriors #SteveKerr #NBAPlayoffs
Tue May 12 04:37:49 +0000 2015,Grizzlies winter is coming... #GSWarriors #StrengthInNumbers http://t.co/g0gXV3ruDH
Tue May 12 04:37:08 +0000 2015,#gswarriors #goldenstate #warriors Post game swarm: Defending the paint like a swarm of bees http://t.co/3lhll3dqg3
Tue May 12 04:37:08 +0000 2015,#goldenstatewarriors #gswarriors Warriors answer critics with Game 4 win over Grizzlies http://t.co/d1WsJ3yBn7
Tue May 12 04:37:08 +0000 2015,#goldenstatewarriors #gswarriors Golden State ties their series at 2-2 rout Grizzlies 101-84 (The Associated .. http://t.co/QS0QXSO7tF
Tue May 12 04:31:55 +0000 2015,We got our legs back... BALL!! #GSWARRIORS #DubUpOrShutUp https://t.co/Dq05cXDWnm
Tue May 12 04:31:31 +0000 2015,Warriors vs. Grizzlies Game 4 NBA Playoffs 2... #GoldenStateWarriors #GSWarriors http://t.co/ZRz8UcX0dd http://t.co/DhQIq2Iijq
Tue May 12 04:30:20 +0000 2015,This post for all the haters!!#DubNation #GSWarriors http://t.co/n4EKE8IZFR
Tue May 12 04:30:07 +0000 2015,Dear @warriors please play like this every night. #DubNation #GSWarriors #NBAPlayoffs
Tue May 12 04:28:08 +0000 2015,RT @OaklandtoAZ: Big win in #Memphis tonite.. #gswarriors #dubnation back to #warriorsground #oraclearena https://t.co/WXW8pARPdW
Tue May 12 04:28:06 +0000 2015,#GSWarriors finally looking like the top seed!!!! Good job Dubs!!!! #DubNation #GSW #WarriorNation
Tue May 12 04:25:54 +0000 2015,Big win in #Memphis tonite.. #gswarriors #dubnation back to #warriorsground #oraclearena https://t.co/WXW8pARPdW
Tue May 12 04:25:54 +0000 2015,Why is Charles Barkley hating the #GSWarriors so much???!!!
Tue May 12 04:22:37 +0000 2015,#Repost @warriors„Éª„Éª„ÉªDubs take Game 4 series tied 2-2. #StrengthInNumbers#gdubsallday #gswarriors‚Ä¶ https://t.co/z55XU0DFnd
Tue May 12 04:20:35 +0000 2015,@StephenCurry30 leads #GSWarriors to win at The Grindhouse. Details at :15 and :45 on @kcbsnews. #nbaplayoffs http://t.co/wSdyBpx5uX
Tue May 12 04:19:10 +0000 2015,#DubNation #gswarriors #Warriorstalk #nbaontnt #nbaespn #nba knbrmurph @KNBR @katetscott‚Ä¶ https://t.co/Lma9BKBRXa
Tue May 12 04:17:33 +0000 2015,Thank you @warriors for the great gift for my 30th Birthday! #GSWarriors #DubsUp #WeAreWarriors‚Ä¶ https://t.co/s4vovHIZLc
Tue May 12 04:17:24 +0000 2015,#SplashBrothers #GSWarriors http://t.co/Q2PMqS8Au5
Tue May 12 04:17:12 +0000 2015,If i was forced to watch that Game 3 performance from #GSWarriors you better believe i'm ready to go for Game 4.
Tue May 12 04:16:54 +0000 2015,so nice to see steph smile after this win #GSWarriors http://t.co/etgBYlgj2c
Tue May 12 04:16:00 +0000 2015,RT @JimmyJavier: Great win Dubs. #DubNation #GSWarriors #GSWHoops #NBAPlayoffs http://t.co/E9TUUsM9pw
Tue May 12 04:15:50 +0000 2015,Curry need a bathroom break because he was MVPEEING ALL OVER THE COURT ‚ÄºÔ∏èüòÜüëèüëèüí™ #GSWarriors #StephCurry http://t.co/TTk27qY34p
Tue May 12 04:15:23 +0000 2015,Nice adjustments by @SteveKerr rebound game by @StephenCurry30 &amp @SFWarriorNation 2nite! Way to fight #GSWarriors. #StephCurry had the üéØ!
Tue May 12 04:13:59 +0000 2015,Panalo Golden State! Go for Game 5 üòÄüëåüòâ #GSWarriors
Tue May 12 04:12:20 +0000 2015,Well glad Curry the MVP is back! HUGE win for the #DubNation! 10 more to get!!!! #GSWarriors #NBAPlayoffs http://t.co/75Ov4S4D9V
Tue May 12 04:11:33 +0000 2015,Golden State Warriors Beat Grizzlies Decisivel... #GoldenStateWarriors #GSWarriors http://t.co/ye3sPjcU5H http://t.co/W2syo9pOYB
Tue May 12 04:11:25 +0000 2015,Stephen Curry gets rim-checked finishes dunk anywa... #GSWarriors #WarriorsNation http://t.co/reIOw62ZCh http://t.co/oL20wW2rcs
Tue May 12 04:11:07 +0000 2015,Back to #Roaracle #GSWarriors #StrengthInNumbers #SplashAway
Tue May 12 04:11:03 +0000 2015,Whoohoo! #goldenstatewarriors! game 5 is on!  Let go #warriors! #greatGame #GSWarriors https://t.co/RqH0JzKtqT
Tue May 12 04:10:49 +0000 2015,#Warriors win in Memphis now tied 2-2 now coming back home! Great series! #DubNation #gsw #GSWarriors #StephCurry http://t.co/qPeIWye3Uy
Tue May 12 04:10:23 +0000 2015,Nice work #GSWarriors Now let's keep it going at home!!
Tue May 12 04:09:59 +0000 2015,RT @StanfordVoice: Decidedly different emotion coming off court tonight. #gswarriors #KTVU http://t.co/2QKgSTRWhr
