Wed May 13 01:08:38 +0000 2015,L #Sports #Basketball Atlanta #Hawks NBA Reebok Authentic Warmup Suit 2XL Jacket 1XL Pants #Bestseller #Buy http://t.co/HTnBo6uGnS
Wed May 13 01:06:58 +0000 2015,I need #HAWKS back in my life yesterday
Wed May 13 01:06:07 +0000 2015,TIX http://t.co/MY3Vif2208 L 4 Tickets NBA Eastern Conference Finals: Atlanta #Hawks Necessary) 6/1‚Ä¶ http://t.co/m3QqEo2kz6 NBA #Ticket
Wed May 13 01:04:39 +0000 2015,missed these uglies so much‚ù§Ô∏è‚ù§Ô∏è #Hawks @KamerynSzalay http://t.co/MF7DOHSu85
Wed May 13 01:03:35 +0000 2015,L NBA #AtlantaHawks Atlanta Hawks NBA Reebok Authentic Warmup Suit 2XL Jacket 1XL Pants #Hawks #Sports http://t.co/nItywrVjjT
Wed May 13 01:02:36 +0000 2015,Game 3 vs the Wild #betterlatethannever #Hawks #Chicago #poundsymbol https://t.co/5GIcRMZJyi
Wed May 13 01:01:07 +0000 2015,TIX http://t.co/VQAWDAqIz5 4 #Ticket NBA Eastern Conference Finals: Atlanta #Hawks Necessary) 5/28‚Ä¶ http://t.co/A9dS4MaAh5 #Tickets #NBA
Wed May 13 01:00:13 +0000 2015,Hawks 106 Wizards 101 http://t.co/3g3QWUhlnP #Hawks #NBA
Wed May 13 00:59:36 +0000 2015,Jen Rogers and Jenna Henningsen scored three goals apiece and Exeter girls lax picked a fitting day to post a 14-4 W over Central #Hawks #87
Wed May 13 00:59:22 +0000 2015,Goal #Hawks: 44th minute by Ian Glisson and we're tied at 1-1. #RivalryNight
Wed May 13 00:58:41 +0000 2015,@HockeyInHeelsTV I see that you're a Ducks fan....hope you know that we seek revenge against any LA team #HAWKS
Wed May 13 00:57:36 +0000 2015,#Sports #Basketball Atlanta #Hawks Adidas NBA Red Structured Climalite FlexFit Hat Cap L/XL http://t.co/TPZcTmtKzO #Bestseller #Buy
Wed May 13 00:57:35 +0000 2015,#NBA #AtlantaHawks Atlanta Hawks Adidas NBA Red Structured Climalite FlexFit Hat Cap L/XL http://t.co/FQLJNOfg0V #Hawks #Sports
Wed May 13 00:56:52 +0000 2015,https://t.co/WhCniflabP GOOD JOB #HAWKS
Wed May 13 00:56:14 +0000 2015,No lift tomorrow. Back at it thurs.#Hawks #OneDreamOneGoal
Wed May 13 00:56:08 +0000 2015,TIX http://t.co/MY3Vif2208 4 Tickets NBA Eastern Conference Finals: Atlanta #Hawks Necessary) 5/20‚Ä¶ http://t.co/p2ZE4pZy8j #NBA #Ticket
Wed May 13 00:55:54 +0000 2015,Kindof pumped I'm not goin to school tomorrow let's go #hawks‚öΩÔ∏èüíö
Wed May 13 00:55:42 +0000 2015,@cornhuskerfan80 actually Bevell made the #HaWks his bitch. #Beastmode all day errrrrr day
Wed May 13 00:53:47 +0000 2015,RT @hanoversports: Caler steals 2nd....#Hawks
Wed May 13 00:53:10 +0000 2015,L L NBA #AtlantaHawks Atlanta Hawks Snapback Adjustable #Hawks #Sports http://t.co/7YdmJMTx7W
Wed May 13 00:51:10 +0000 2015,@TheDAofSports @DM_Shirley I don't want my #Hawks to play the Cavs. LJ is unstoppable.
Wed May 13 00:51:09 +0000 2015,Time for the Hawks to Buckle Down #Hawks #GoHawks http://t.co/KAZL7GNSwv http://t.co/k8xgFVMBkq
Wed May 13 00:50:34 +0000 2015,TIX http://t.co/MY3Vif2208 L L L 4 NBA Eastern Conference Semifinals : Atlanta #Hawks vs Washington‚Ä¶ http://t.co/iME32syXjN NBA #Ticket
Wed May 13 00:50:14 +0000 2015,http://t.co/b0Od0fW8od VINTAGE RUSSELL ATLETIC BASKETBALL SHORTS HOUSTON ROCKETS/ATL #Hawks http://t.co/z2hfpVV8c4
Wed May 13 00:50:05 +0000 2015,#Hawks Tweets: True Believers wear red. See you tomorrow night! #TrueToAtlanta http://t.co/wYPrwwyL9o #NBA http://t.co/WOWHUPGuaq
Wed May 13 00:47:41 +0000 2015,.@LDHS_Baseball strands 2 top 5 #Hawks to bat with a 6-3 lead in #Top10 Baseball. #RivalryNight
Wed May 13 00:47:09 +0000 2015,YES ALL OF YOU. Fuck the cavs #HAWKS
Wed May 13 00:47:05 +0000 2015,#Health #Solution Introducing ‚ÄúRise‚Äù: A New Mobile Platform Offering 24/7 Access To A Real Life‚Ä¶ http://t.co/cjDP1GJmv2 #Hawks #Fitness
Wed May 13 00:46:23 +0000 2015,.@haybreezyy08 gets a big K for 2nd out of inning trying to get out of jam. #Hawks 6 #LD 3 2nd and 3rd w/2 out top 5.
Wed May 13 00:45:34 +0000 2015,TIX http://t.co/VQAWDAqIz5 1 #Ticket NBA Eastern Conference Finals: Atlanta #Hawks Necessary) 5/21‚Ä¶ http://t.co/AGsCnqMN71 #Tickets #NBA
Wed May 13 00:43:16 +0000 2015,#Wizards dont have 2 rush bak Wall  http://t.co/Rr9W6VsSj1 #conference #Hawks #NBA
Wed May 13 00:42:06 +0000 2015,#Sports #Basketball Atlanta #Hawks Vintage Sewn NBA Warm Up Jersey Size XXL Rare 88 Nike Brand http://t.co/57c4s8zJEi #Bestseller #Buy
Wed May 13 00:42:06 +0000 2015,#NBA #AtlantaHawks Atlanta Hawks Vintage Sewn NBA Warm Up Jersey Size XXL Rare 88 Nike Brand http://t.co/1jMxrO8yp4 #Hawks #Sports
Wed May 13 00:40:09 +0000 2015,TIX http://t.co/MY3Vif2208 4 Tickets NBA Eastern Conference Finals: Atlanta #Hawks Necessary) 6/1‚Ä¶ http://t.co/m3QqEo2kz6 #NBA #Ticket
Wed May 13 00:37:08 +0000 2015,L #Sports #Basketball Vintage NBA Atlanta #Hawks Beanie Pom Hat Basketball Throwback #Bestseller #Buy http://t.co/1fSkTmxVwC
Wed May 13 00:36:52 +0000 2015,The Hot Squad makin new friends in Downtown Roseville! #Hawks #downtownroseville #hot1035 http://t.co/ENPrONgWBL
Wed May 13 00:35:43 +0000 2015,Remember #Duck fans in order to beat Crawford you MUST chant #Crawford #Crawford #Crawford before any goals are scored!  #Hawks
Wed May 13 00:35:12 +0000 2015,Short takes :The Hawks‚Äô offense comes to life http://t.co/RpBaizKtLJ #Hawks #NBA
Wed May 13 00:34:17 +0000 2015,RT @OwnersBoxNBA: #NBA #HawksPaul Millsap will return to the starting lineup for Monday's Game 4 vs. the Wizards.
Wed May 13 00:34:13 +0000 2015,RT @OwnersBoxNBA: #NBA #StartingFive #Hawks[G] Teague[G] Korver[F] Carroll[F] Millsap[C] Horfordvs Wizards on Monday
Wed May 13 00:33:54 +0000 2015,RT @OwnersBoxNBA: #NBA #HawksDeMarre Carroll (hip) is questionable for Wednesday's game vs Washington.@DeMarreCarroll1
Wed May 13 00:33:45 +0000 2015,RT @OwnersBoxNBA: #NBA #HawksDeMarre Carroll (hip) is questionable for Wednesday's game vs Washington.@DeMarreCarroll1
Wed May 13 00:32:07 +0000 2015,#Health #Solution Weight Loss With Time-Restricted Diets http://t.co/WKncSv0IDd #Hawks #Fitness
Wed May 13 00:30:36 +0000 2015,Great win by #24bazemore and the #hawks last night don't forget to follow us on Twitter and‚Ä¶‚Ä¶ http://t.co/5Kx7J78kJV
Wed May 13 00:29:36 +0000 2015,TIX http://t.co/VQAWDAqIz5 4 #Ticket NBA Eastern Conference Finals: Atlanta #Hawks Necessary) 5/20‚Ä¶ http://t.co/NlMG25xW9s #Tickets #NBA
Wed May 13 00:26:09 +0000 2015,L NBA #AtlantaHawks Vintage NBA Atlanta Hawks Beanie Pom Hat Basketball Throwback #Hawks #Sports http://t.co/Of9Zj13Wfr
Wed May 13 00:26:08 +0000 2015,#Sports #Basketball Atlanta #Hawks NBA Reebok Authentic Warmup Suit 2XL Jacket 1XL Pants http://t.co/gs7nRNIYd5 #Bestseller #Buy
Wed May 13 00:26:08 +0000 2015,#NBA #AtlantaHawks Atlanta Hawks NBA Reebok Authentic Warmup Suit 2XL Jacket 1XL Pants http://t.co/HBF8rMWwp3 #Hawks #Sports
Wed May 13 00:24:35 +0000 2015,TIX http://t.co/MY3Vif2208 4 Tickets NBA Eastern Conference Finals: Atlanta #Hawks Necessary) 5/20‚Ä¶ http://t.co/qYRhFZj7em #NBA #Ticket
Wed May 13 00:23:37 +0000 2015,This is the best offensive inning we've witnessed live by the #Hawks this season. Just what HC Dragum wanted when we talked Friday at PH...
Wed May 13 00:23:11 +0000 2015,Triple to left-center for @Aaron_Saunders9 and #Hanover scores two more. It's 5-2 #Hawks over #LD bottom 4th.....
Wed May 13 00:22:28 +0000 2015,.@JGthelefty scores on another sacrifice fly. #Hawks take 3-2 lead on #LD 2 down bottom 4th....
Wed May 13 00:21:59 +0000 2015,@CMPunk @CanadiensMTL hope u are im a #Hawks n #Rangers fan first but as from #Qc im behind them for that one
Wed May 13 00:21:30 +0000 2015,http://t.co/b0Od0fW8od [CSN Washington] - League makes ruling on controversial Game  #Hawks http://t.co/phkkmyDhJR
Wed May 13 00:21:07 +0000 2015,TIX http://t.co/MY3Vif2208 L L L 2 NBA Eastern Conference Semifinals : Atlanta #Hawks vs Washington‚Ä¶ http://t.co/NEuUT8ErH7 NBA #Ticket
Wed May 13 00:21:06 +0000 2015,L L C NBA #AtlantaHawks Atlanta Hawks Joe Johnson Adidas Home Jersey NBA Authentic Stitched Size 44 #Hawks #Sports http://t.co/rXLYzLcI6P
Wed May 13 00:19:37 +0000 2015,RT @adammcginnis: Jammed w/ @MikePradaSBN today on podcast discussing #Wizards &amp #Hawks playoff series check it http://t.co/PYGjBOHI5J
Wed May 13 00:19:25 +0000 2015,Marshall's sac fly to left ties it up. @LDHS_Baseball 2 @HHSHawksSports 2 1 out #Hawks at 2nd and 3rd.
Wed May 13 00:19:19 +0000 2015,Jammed w/ @MikePradaSBN today on podcast discussing #Wizards &amp #Hawks playoff series check it http://t.co/PYGjBOHI5J
Wed May 13 00:18:23 +0000 2015,RT @crossoverNBA: At @Bloguin by @mzemek:Teague Over Fatigue: The Heartbeat of the #Hawks Stands Tall:http://t.co/S6Da3zLQeY
Wed May 13 00:16:51 +0000 2015,At @Bloguin by @mzemek:Teague Over Fatigue: The Heartbeat of the #Hawks Stands Tall:http://t.co/S6Da3zLQeY
Wed May 13 00:16:47 +0000 2015,Sac bunt @Dragum23 turns into infield hit as no one covers 1st for #LD. Bases loaded with #Hawks nobody out.
Wed May 13 00:16:09 +0000 2015,„ÄêËó§Âéü Ê∫Ä„ÄëËó§Âéü Ëó§Âéü Ëó§Âéü „Åï„ÅÇÈ†º„ÇÄ„Åû Ëó§Âéü #Nankai #Hawks #sbhawks
Wed May 13 00:14:34 +0000 2015,TIX http://t.co/VQAWDAqIz5 4 #Ticket NBA Eastern Conference Finals: Atlanta #Hawks Necessary) 6/1‚Ä¶ http://t.co/qPPF3lVzkv #Tickets #NBA
Wed May 13 00:11:01 +0000 2015,Caler steals 2nd....#Hawks
Wed May 13 00:09:12 +0000 2015,"Budenholzer on Teague: We Expect a Lot out of Him" (via @TeamStream) #Hawks http://t.co/YtingHYSOR
Wed May 13 00:09:05 +0000 2015,TIX http://t.co/MY3Vif2208 1 Ticket NBA Eastern Conference Finals: Atlanta #Hawks Necessary) 5/20‚Ä¶ http://t.co/kvdDBpzREv #NBA #Ticket
Wed May 13 00:08:45 +0000 2015,Leadoff single for @b_didlake . Caler to run for him @JGthelefty to bat bottom 4th #Hawks down 2-1.
Wed May 13 00:07:58 +0000 2015,Halftime -- plenty to read at our site.Today's topics:#Warriors #Cavs #Hawks and expectations of No. 1 #NBAdraft picks
Wed May 13 00:07:31 +0000 2015,"Playoff Rappers Rep Their NBA Town" #Hawks #Wizards #Bulls #Cavs #Clippers #Rockets #Warriors #Grizzlies  http://t.co/EpYauXjgPp
Wed May 13 00:06:12 +0000 2015,http://t.co/EEkB0NdMH9: NBA 2K14 (PS4): Hawks vs Blazers - 2nd Quarter http://t.co/fzJjkwLVvM #blazers #hawks #quarter
Wed May 13 00:05:38 +0000 2015,TIX http://t.co/MY3Vif2208 L L 4 NBA Eastern Conference Semifinals : Atlanta #Hawks vs Washington‚Ä¶ http://t.co/iME32syXjN NBA #Ticket
Wed May 13 00:05:37 +0000 2015,L NBA #AtlantaHawks Atlanta Hawks Snapback Adjustable #Hawks #Sports http://t.co/G9vOXUZiPC
Wed May 13 00:05:19 +0000 2015,http://t.co/b0Od0fW8od [CSN Washington] - League makes ruling on controversial Game  #Hawks http://t.co/puSdpKJBRE
Wed May 13 00:02:21 +0000 2015,RT @NickWaisome: Nice little team they got out there at lake Minneola #Hawks
Wed May 13 00:02:07 +0000 2015,#Health #Solution India Weight Loss Techniques http://t.co/wZ9LNqcGiN #Hawks #Fitness
Wed May 13 00:02:06 +0000 2015,New Atlanta Hawks Rumors. Tuesday May 12 2015| http://t.co/mPH0gHZJKK #Hawks #NBA
Wed May 13 00:01:21 +0000 2015,Boys Soccer: #LD and #Hanover about to begin after #SeniorNight festivities here for the #Hawks....
Wed May 13 00:01:17 +0000 2015,Imping is helping #hawks who have lost critical feathers to fly free again. Have you ever #rescued a #raptor? http://t.co/36UDgEbriG
Wed May 13 00:00:43 +0000 2015,RT @NickWaisome: Nice little team they got out there at lake Minneola #Hawks
Wed May 13 00:00:37 +0000 2015,L L NBA #AtlantaHawks Atlanta Hawks Fitted Cap 7 5/8 #Hawks #Sports http://t.co/svkMxVBoYO
Tue May 12 23:58:13 +0000 2015,TIX http://t.co/VQAWDAqIz5 2 #Ticket NBA Eastern Conference Finals: Atlanta #Hawks Necessary) 5/28‚Ä¶ http://t.co/ku9cnv88A4 #Tickets #NBA
Tue May 12 23:58:05 +0000 2015,RT @NickWaisome: Nice little team they got out there at lake Minneola #Hawks
Tue May 12 23:57:55 +0000 2015,#Toddler #BlackHawks #Hairbow by AuntieLove @Etsy http://t.co/RTuIc2Dw3o #Hockey #NHL #Hawks #Etsy #Blackhawk #Cute #mini #Sale #Playoff
Tue May 12 23:57:24 +0000 2015,#Hawks tie series at 2 a piece with 106-101 win over #Wizards http://t.co/sSlz9S1YYd
Tue May 12 23:57:12 +0000 2015,PSA will all these injuries Stephon Marbury is still available #Bulls #Cavs #Clippers #Rockets #Wizards #Hawks #Warriors #Grizzlies
Tue May 12 23:56:40 +0000 2015,Run-saving play at short by Adam Trice to end the #Hanover 3rd. We go top 4 #Confederates 2 #Hawks 1. #Top10 #RVASN
Tue May 12 23:56:00 +0000 2015,These guys are the brothers I never had. Let's go out with a bang #Hawks @ Senior Squad https://t.co/2pcQ7Vb2hf
Tue May 12 23:53:17 +0000 2015,TIX http://t.co/MY3Vif2208 1 Ticket NBA Eastern Conference Finals: Atlanta #Hawks Necessary) 5/20‚Ä¶ http://t.co/3bkMrdimdd #NBA #Ticket
Tue May 12 23:52:15 +0000 2015,http://t.co/b0Od0fW8od 3 TIX NBA Eastern Conference Semifinals : Atlanta Hawks vs Wa #Hawks http://t.co/CUPYTD6uuj
Tue May 12 23:52:00 +0000 2015,Skying drive into the gap in right center falls in #Hawks w/runners at 2nd and 3rd 1 out bottom 3 trailing #LD 2-0.
Tue May 12 23:50:06 +0000 2015,L #Sports #Basketball Atlanta #Hawks Snapback Adjustable #Bestseller #Buy http://t.co/E3mzz8O4rM
Tue May 12 23:48:29 +0000 2015,#LD retired in top of 3rd #Hawks to bat at baseball trailing 2-0. @JGthelefty now on the mound for #Hanover....
Tue May 12 23:45:34 +0000 2015,RT @hanoversports: #Conference20 BOYS TENNIS TEAM FIRST ROUND FINAL: @HHSHawksSports 5 #Monacan 0. #Hawks advance to semis.
Tue May 12 23:45:05 +0000 2015,ÊúÄÂæå„ÅÆ‚óã‚óãÊà¶Â£´‰∏ÄË¶ß http://t.co/Wv6JOZ3p99 #hawks #„ÇΩ„Éï„Éà„Éê„É≥„ÇØ
Tue May 12 23:44:58 +0000 2015,Angry desperate LeBron is the best player on the league and I'm a #hawks fan #CavsBulls
Tue May 12 23:44:04 +0000 2015,#Hawks Tweets: Now available here: #TrueToAtlanta http://t.co/3k3D3WvwEg http://t.co/igMWcGwftC #NBA http://t.co/WOWHUPGuaq
Tue May 12 23:43:47 +0000 2015,@RichieAbedrabbo @radiohousehn Gracias hrno! Le voy a los #Bulls y #Hawks en estos playoffs! Jiji
Tue May 12 23:42:35 +0000 2015,TIX http://t.co/VQAWDAqIz5 1-6 TIX NBA Eastern Conference Semifinals : Atlanta #Hawks vs Washington‚Ä¶ http://t.co/2sEgAYf1Xx #Tickets #NBA
Tue May 12 23:42:01 +0000 2015,RT @amuricasanchez: got our state champ rings‚öΩÔ∏èüèÜüíç #hawks http://t.co/BamYF2flyq
