Wed May 13 01:05:54 +0000 2015,@SportsWatcherss 1Tweet4 @HornetsX2 Fans Follow Team/Player Tweets UTubes Stats Pics &amp MORE! Visit http://t.co/qaOE6otQR0 RT! #Hornets
Wed May 13 01:00:51 +0000 2015,#NBA #Hornets - Charlotte Hornets NBA basketball pennant:  $27.32End Date: Thursday Jun... http://t.co/KocsL8Vs8v http://t.co/lQmogZfBKD
Wed May 13 00:45:11 +0000 2015,Woelfel On Thibodeau Carter-Williams Middleton http://t.co/SlyuGAmIMo #Hornets #NBA
Wed May 13 00:38:25 +0000 2015,Bag Ah Money!!! #Bass #Retro13 #Jordan #Hornets ##Joggers #bkfresh https://t.co/w4aPSdZu35
Wed May 13 00:36:58 +0000 2015,Timofey Mozgov Leads In Rim Protection During Playoffs - http://t.co/hWl1tQ0hQ7 #Hornets
Wed May 13 00:24:17 +0000 2015,@hornets:I know..Michael jordan is owner of Team #Hornets! but Any chance..he can be the head coach of his team next season?
Wed May 13 00:24:09 +0000 2015,@hornets:I know..Michael jordan is owner of Team #Hornets! but Any chance..he can be the head coach of his team next season?c.c.@Jumpman23
Wed May 13 00:23:57 +0000 2015,@hornets:I know..Michael jordan is owner of Team #Hornets! but Any chance..he can be the head coach of his team next season?c.c.@MickiJae
Wed May 13 00:20:11 +0000 2015,Bulls Interested In Alvin Gentry http://t.co/HyPkqegP8r #Hornets #NBA
Wed May 13 00:01:56 +0000 2015,Pelicans Fire Monty Williams - http://t.co/OEoFGeYENZ #Hornets
Tue May 12 23:57:11 +0000 2015,@eyempissedoff 1Tweet4 @HornetsX2 Fans Follow Team/Player Tweets UTubes Stats Pics &amp MORE! Visit http://t.co/qaOE6otQR0 RT! #Hornets
Tue May 12 23:56:44 +0000 2015,#NBA #Hornets - Charlotte Hornets Crewneck Sweatshirt VTG Nutmeg Black Mens Small S:  $... http://t.co/6KGAmwTKmn http://t.co/lQmogZfBKD
Tue May 12 23:56:44 +0000 2015,#NBA #Hornets - Charlotte Hornets Crewneck Sweatshirt VTG Nutmeg Black Mens Small S:  $... http://t.co/aFMkCHasWc http://t.co/k33Sm3HFUt
Tue May 12 23:56:44 +0000 2015,#NBA #Hornets - Rare Charlotte Hornets Baseball Pinstripe Starter Jersey XL Mint!:  $19... http://t.co/Rqi5uYF6lO http://t.co/lQmogZfBKD
Tue May 12 23:56:44 +0000 2015,#NBA #Hornets - Rare Charlotte Hornets Baseball Pinstripe Starter Jersey XL Mint!:  $19... http://t.co/ENkH3Zqexn http://t.co/k33Sm3HFUt
Tue May 12 23:56:43 +0000 2015,#NBA #Hornets - Vintage Authentic Larry Johnson Charlotte Hornets Jersey 44 L Champion ... http://t.co/WVD797GopM http://t.co/k33Sm3HFUt
Tue May 12 23:56:43 +0000 2015,#NBA #Hornets - Vintage Charlotte Hornets Larry Johnson Champion Jersey 36:  $49.99End ... http://t.co/42hqUvnu8l http://t.co/k33Sm3HFUt
Tue May 12 23:56:43 +0000 2015,#NBA #Hornets - Vtg Charlotte Hornets Practice NBA Champion Basketball Jersey Rare Retr... http://t.co/SCk7HMdLV4 http://t.co/k33Sm3HFUt
Tue May 12 23:55:10 +0000 2015,Southwest Notes :Dumars Rockets Parsons http://t.co/EbGOymJwCx #Hornets #NBA
Tue May 12 23:53:07 +0000 2015,Love the #hornets follow Darryl Motors #Watfords No1 #garage
Tue May 12 23:39:13 +0000 2015,Check out these vintage Charlotte Hornets Champion Shorts on eBay: http://t.co/gxs3GOnGwp #hornets #NBAPlayoffs #NBADraft #Charlotte
Tue May 12 23:34:33 +0000 2015,Wow!  #Hornets Coach Monty Williams gets fired but gives one of the classiest interviews of all time.  https://t.co/8NSvswSP4J
Tue May 12 23:32:10 +0000 2015,#Navy #Hornets Mock-#Dogfight With #Malaysian #Flankers In #SouthChinaSea http://t.co/F2AOSlNGSi#avgeek #military http://t.co/KJNB2RWXM4
Tue May 12 23:30:09 +0000 2015,Pelicans Fire Monty Williams http://t.co/O109G2FJqd #Hornets #NBA
Tue May 12 23:25:30 +0000 2015,#NBA #Hornets - Vintage Authentic Larry Johnson Charlotte Hornets Jersey 44 L Champion ... http://t.co/nMlBVbTrLg http://t.co/lQmogZfBKD
Tue May 12 23:25:30 +0000 2015,#NBA #Hornets - Vintage Charlotte Hornets Larry Johnson Champion Jersey 36:  $49.99End ... http://t.co/lTncvUBAsa http://t.co/lQmogZfBKD
Tue May 12 23:20:58 +0000 2015,@Matiaxd1 @HornetsX2 Fans get FREE AmazonPrime! Get 40000+ Movies/TV Shows &amp 500K+ Ebooks. http://t.co/HNN9nfgk7G RT! #Hornets
Tue May 12 23:00:20 +0000 2015,New Charlotte Hornets Rumors. Sunday May 10 2015 http://t.co/YZ100KHabv #Hornets #NBA
Tue May 12 23:00:12 +0000 2015,Shoutout to the http://t.co/Q8gUi5NFsG's Fighting 103 / Jolly Rogers VF-103  usnavy #NavalAviation #Hornets… https://t.co/vlzWYFluUT
Tue May 12 22:51:52 +0000 2015,For Third Time in 4 Years Cavs Win Lottery - http://t.co/jDh4xW5T6V #Hornets
Tue May 12 22:48:32 +0000 2015,@coltsfan62800 1Tweet4 @HornetsX2 Fans Follow Team/Player Tweets UTubes Stats Pics &amp MORE! Visit http://t.co/qaOE6otQR0 RT! #Hornets
Tue May 12 22:48:28 +0000 2015,#NBA #Hornets - Vintage Charlotte Hornets Cap Adjustable:  $4.99End Date: Thursday Jun-... http://t.co/vpMqcOZkOC http://t.co/k33Sm3HFUt
Tue May 12 22:48:27 +0000 2015,#NBA #Hornets - NWT Mens Alonzo Mourning #33 Charlotte Hornets Throwback Jersey SZ 2XL ... http://t.co/Gb3urxeNaF http://t.co/k33Sm3HFUt
Tue May 12 22:48:27 +0000 2015,#NBA #Hornets - Vintage Champion Larry Johnson Charlotte Hornets Jersey ~ Youth Size Me... http://t.co/qPCYATgzFK http://t.co/k33Sm3HFUt
Tue May 12 22:22:37 +0000 2015,Currently being invaded by #hornets are these fuckers on steroids? #bugspray
Tue May 12 22:17:25 +0000 2015,#NBA #Hornets - Vintage Charlotte Hornets Cap Adjustable:  $4.99End Date: Thursday Jun-... http://t.co/FwJRxJIsDt http://t.co/lQmogZfBKD
Tue May 12 22:17:24 +0000 2015,#NBA #Hornets - Charlotte Hornets Shirt Pelicans Tee New Orleans adidas T-Shirt Women's... http://t.co/aTRylThhCj http://t.co/lQmogZfBKD
Tue May 12 22:17:24 +0000 2015,#NBA #Hornets - NBA Charlotte Hornets Vintage License Plate:  $4.99 (0 Bids)End Date: T... http://t.co/TXOgriz9Ej http://t.co/lQmogZfBKD
Tue May 12 22:13:17 +0000 2015,@RemanuelS 1Tweet4 @HornetsX2 Fans Follow Team/Player Tweets UTubes Stats Pics &amp MORE! Visit http://t.co/qaOE6otQR0 RT! #Hornets
Tue May 12 22:10:18 +0000 2015,New Charlotte Hornets Rumors. Monday May 11 2015 http://t.co/YZ100KHabv #Hornets #NBA
Tue May 12 21:50:35 +0000 2015,Lots happening in the #TecVoc fields. #ultimatefrisbee #football #soccer #hornets http://t.co/4B8fooRlBX http://t.co/GpwbAxhoOY
Tue May 12 21:45:18 +0000 2015,Top five Charlotte Hornets links of the week (May 8) http://t.co/DvOsEePEMD #Hornets #NBA
Tue May 12 21:41:48 +0000 2015,DeMarre Carroll Believed To Have Injured Hip Pointer On Nene Screen - http://t.co/6QstZa5fUL #Hornets
Tue May 12 21:40:11 +0000 2015,http://t.co/EEkB0NdMH9: NBA Live 98 (1998) Game -... http://t.co/XiH3FDi4ia #charlotte #hornets #orleans #pelicans #seattle #supersonics
Tue May 12 21:34:10 +0000 2015,@exclusivedetail @HornetsX2 Fans get FREE AmazonPrime! Get 40000+ Movies/TV Shows &amp 500K+ Ebooks. http://t.co/HNN9nfgk7G RT! #Hornets
Tue May 12 21:21:50 +0000 2015,RT @MisterBeActive: Lots happening in the #TecVoc fields. #ultimatefrisbee #football #soccer #hornets http://t.co/FM1RzpT1bs
Tue May 12 21:20:17 +0000 2015,Noah Vonleh makes a strong case for Son of the Year http://t.co/4v0SX0FWmf #Hornets #NBA
Tue May 12 21:17:51 +0000 2015,RT @MisterBeActive: Lots happening in the #TecVoc fields. #ultimatefrisbee #football #soccer #hornets http://t.co/FM1RzpT1bs
Tue May 12 21:16:57 +0000 2015,Lots happening in the #TecVoc fields. #ultimatefrisbee #football #soccer #hornets http://t.co/FM1RzpT1bs
Tue May 12 21:13:11 +0000 2015,#NBA #Hornets - NWT Mens Alonzo Mourning #33 Charlotte Hornets Throwback Jersey SZ 2XL ... http://t.co/gq01lwzjnu http://t.co/lQmogZfBKD
Tue May 12 21:10:51 +0000 2015,http://t.co/fsVGuR9Nzh DV0656 Tyrone Muggsy Bogues Charlotte Hornets Sport 32x24 Prin #Hornets http://t.co/qE5Y2ID3Dq
Tue May 12 21:06:46 +0000 2015,Heat Sweep the Bobcats as James Scores 31 Points - http://t.co/AkqLMJQrVW #Hornets
Tue May 12 21:02:20 +0000 2015,RT @MichaelHJordan: If you watched the #Hornets &amp #Pelicans during the #M____yBall years it was nothing else left to see it was inevitabl…
Tue May 12 20:55:16 +0000 2015,Steve Clifford talks playoffs roster with SiriusXM http://t.co/3KrFKsmZEE #Hornets #NBA
Tue May 12 20:53:23 +0000 2015,http://t.co/fsVGuR9Nzh LARRY JOHNSON #2 NBA Charlotte Hornets New York Knicks Signed  #Hornets http://t.co/rH1s7XALqu
Tue May 12 20:50:58 +0000 2015,@PazmasterP @HornetsX2 Fans get FREE AmazonPrime! Get 40000+ Movies/TV Shows &amp 500K+ Ebooks. http://t.co/HNN9nfgk7G RT! #Hornets
Tue May 12 20:37:30 +0000 2015,#NBA #Hornets - NEW ERA 9FIFTY CHARLOTTE HORNETS BASKETBALL BASEBALL CAP HAT HARDWOOD C... http://t.co/zj831OiJtK http://t.co/k33Sm3HFUt
Tue May 12 20:37:30 +0000 2015,#NBA #Hornets - Vintage Charlotte Hornets NBA Snapback Hat Cap Lot 2 starter sports spe... http://t.co/UMBI6Tt19V http://t.co/k33Sm3HFUt
Tue May 12 20:37:29 +0000 2015,#NBA #Hornets - Mitchell &amp Ness Spot Mesh Shooting Jersey Charlotte Hornets XXL:  $70.0... http://t.co/JgOLJyZXrW http://t.co/k33Sm3HFUt
Tue May 12 20:37:28 +0000 2015,#NBA #Hornets - CHARLOTTE HORNETS GLENN RICE AUTHENTIC NBA JERSEY YOUTH SIZE LARGE 14/... http://t.co/0dp0nmqG5S http://t.co/k33Sm3HFUt
Tue May 12 20:37:28 +0000 2015,#NBA #Hornets - VTG NBA Charlotte HORNETS Snapback Hardwood Classics Hat Cap 47 BRAND N... http://t.co/57Rs8WkASc http://t.co/k33Sm3HFUt
Tue May 12 20:30:16 +0000 2015,Michael Kidd-Gilchrist to represent Charlotte Hornets at NBA Draft lottery show http://t.co/r1NQ7tlOoV #Hornets #NBA
Tue May 12 20:13:18 +0000 2015,#NBA #Hornets - NEW ERA 9FIFTY CHARLOTTE HORNETS BASKETBALL BASEBALL CAP HAT HARDWOOD C... http://t.co/3T9NuoDOzT http://t.co/lQmogZfBKD
Tue May 12 20:13:18 +0000 2015,#NBA #Hornets - Vintage Charlotte Hornets NBA Snapback Hat Cap Lot 2 starter sports spe... http://t.co/XxiIpcbPrh http://t.co/lQmogZfBKD
Tue May 12 20:13:17 +0000 2015,#NBA #Hornets - Mitchell &amp Ness Spot Mesh Shooting Jersey Charlotte Hornets XXL:  $70.0... http://t.co/2h0Qnxge8p http://t.co/lQmogZfBKD
Tue May 12 20:13:17 +0000 2015,#NBA #Hornets - CHARLOTTE HORNETS GLENN RICE AUTHENTIC NBA JERSEY YOUTH SIZE LARGE 14/... http://t.co/GX81gGz9sP http://t.co/lQmogZfBKD
Tue May 12 20:13:17 +0000 2015,#NBA #Hornets - VTG NBA Charlotte HORNETS Snapback Hardwood Classics Hat Cap 47 BRAND N... http://t.co/FrGRkSAbyO http://t.co/lQmogZfBKD
Tue May 12 20:12:02 +0000 2015,MKG to Represent Hornets at NBA Draft Lottery - http://t.co/nh4LfwSwMY #Hornets
Tue May 12 20:05:15 +0000 2015,NBA Playoffs Open Thread (May 11) :WE DEMAND MORE BUZZER BEATERS http://t.co/KRTLwJiDVg #Hornets #NBA
Tue May 12 20:02:19 +0000 2015,#Hornets #PanthersNOTHING LIKE A GAME 7!!RANGERS VS CAPITALSWED. 7:30PMSAVE REAL BIG $$$$http://t.co/BWXxAQSWC1 http://t.co/GxSjhTDSzu
Tue May 12 19:58:17 +0000 2015,RT @frayla_24: even though I get whiney about nursing school sometimes we really do have awesome instructors! #blessed #14inthenation #hor…
Tue May 12 19:35:32 +0000 2015,@karlobernabe_ 1Tweet4 @HornetsX2 Fans Follow Team/Player Tweets UTubes Stats Pics &amp MORE! Visit http://t.co/qaOE6otQR0 RT! #Hornets
Tue May 12 19:21:27 +0000 2015,Finishing up the Baseline #Hornets offseason preview Part I. Haven't posted in a while and lots to discuss - may end up being a four parter
Tue May 12 19:17:36 +0000 2015,RT @BaselineBuzz: Would like to thank #CavsBulls for introducing the rest of the nation to the type of offense #Hornets fans had to watch a…
Tue May 12 19:16:48 +0000 2015,RT @all_nba_teams: #NBA #Hornets - NBA Charlotte Hornets Adidas Flexfit Cap Hat Lid 7 1/4 - 7 5/8 Flat Bri... http://t.co/4hC6YtFBfD http:/…
Tue May 12 19:16:32 +0000 2015,Ready to watch EC kick GC's butt in baseball tonight ❤️⚾️ #stupidrebels #hornets
Tue May 12 19:15:14 +0000 2015,Western Notes :Chandler Kings Milutinov http://t.co/7di62yCS8N #Hornets #NBA
Tue May 12 19:14:13 +0000 2015,Third Fourth and Fifth grade #Hornets celebrated their school pride with their annual Field Day! #savcds http://t.co/TXTherWe3u
Tue May 12 19:07:56 +0000 2015,RT @MichaelHJordan: If you watched the #Hornets &amp #Pelicans during the #M____yBall years it was nothing else left to see it was inevitabl…
Tue May 12 19:07:24 +0000 2015,If you watched the #Hornets &amp #Pelicans during the #M____yBall years it was nothing else left to see it was inevitable he would be fired.
Tue May 12 19:04:34 +0000 2015,Charlotte Hornets Will Select Stanley Johnson?: Bleacher Report’s latest mock draft has the... http://t.co/Z4ivwVfWsy #hornets #fansided
Tue May 12 19:03:23 +0000 2015,http://t.co/1ZvOGpBF2MBleacher Report's mock draft has @hornets taking Stanley Johnson. What is your take on that possibility? #hornets
Tue May 12 19:01:57 +0000 2015,2014-15 Season in Review | Al Jefferson - http://t.co/d3zQvZhYWI #Hornets
Tue May 12 18:57:31 +0000 2015,#NBA #Hornets - OLD CHARLOTTE HORNETS BUTTON PINNEW IN CARTONWINCRAFT OFFICIAL LICENS... http://t.co/KakE7USr1S http://t.co/lQmogZfBKD
Tue May 12 18:57:30 +0000 2015,#NBA #Hornets - NBA Charlotte Hornets Adidas Flexfit Cap Hat Lid 7 1/4 - 7 5/8 Flat Bri... http://t.co/4hC6YtFBfD http://t.co/lQmogZfBKD
Tue May 12 18:57:30 +0000 2015,#NBA #Hornets - NWT Womens Size Large * CHARLOTTE HORNETS  *  NBA Basketball T-Shirt:  ... http://t.co/9wHq2qoCVh http://t.co/lQmogZfBKD
Tue May 12 18:52:36 +0000 2015,@imadriannny 1Tweet4 @HornetsX2 Fans Follow Team/Player Tweets UTubes Stats Pics &amp MORE! Visit http://t.co/qaOE6otQR0 RT! #Hornets
Tue May 12 18:50:13 +0000 2015,Prospect Profile :Devin Booker http://t.co/AUQN3kOGfE #Hornets #NBA
Tue May 12 18:41:46 +0000 2015,RT @frayla_24: even though I get whiney about nursing school sometimes we really do have awesome instructors! #blessed #14inthenation #hor…
Tue May 12 18:37:32 +0000 2015,even though I get whiney about nursing school sometimes we really do have awesome instructors! #blessed #14inthenation #hornets #ESUNursing
Tue May 12 18:25:13 +0000 2015,Atlantic Notes :Love Celtics Nets D-Will http://t.co/cd0KajQeyz #Hornets #NBA
Tue May 12 18:23:36 +0000 2015,#Hornets #ajhieid Git Merge 2015: Session Videos Now Available: On April 8-9 Git Merge ... http://t.co/AV7A0L5PJm #mensionforfollback
Tue May 12 18:23:36 +0000 2015,#Hornets #ajhieid New Octicons Shirt in the Shop: We love all the awesome little Octicons.... http://t.co/ieqODNwmmR #mensionforfollback
Tue May 12 18:15:04 +0000 2015,@NathanMurphy20 @HornetsX2 Fans get FREE AmazonPrime! Get 40000+ Movies/TV Shows &amp 500K+ Ebooks. http://t.co/HNN9nfgk7G RT! #Hornets
Tue May 12 18:00:12 +0000 2015,Q&ampA With Draft Prospect Chris Walker http://t.co/IQBVxOdhT5 #Hornets #NBA
Tue May 12 17:36:44 +0000 2015,@chb201314 1Tweet4 @HornetsX2 Fans Follow Team/Player Tweets UTubes Stats Pics &amp MORE! Visit http://t.co/qaOE6otQR0 RT! #Hornets
Tue May 12 17:36:19 +0000 2015,#NBA #Hornets - Charlotte Hornets 1997 Hallmark Keepsake Christmas Ornament:  $11.99End... http://t.co/wbzcglWu3H http://t.co/lQmogZfBKD
Tue May 12 17:30:18 +0000 2015,New Charlotte Hornets Rumors. Sunday May 10 2015 http://t.co/YZ100KHabv #Hornets #NBA
Tue May 12 17:24:04 +0000 2015,Not in agreement with the #Hornets firing Monty Williams but the #Magic better go ahead and make a hire if they could steal Scott Brooks.
Tue May 12 17:22:54 +0000 2015,SOLD OUT!#NBA #basketball #Jersey #Vintage #Champion #Los  #Angeles #Lakers #Adidas #New #Orleans #Hornets #NBAbas… http://t.co/wGddyUNmKi
