Wed May 13 01:08:10 +0000 2015,#newyorkknicks #nyknicks #knicks 5 Biggest New York Knicks Rumors Heading Into 2015 NBA Offseason http://t.co/IYbnWQZidK
Wed May 13 01:07:02 +0000 2015,Thank goodness two #Knicks showed up in #Cleveland tonight!! And the crowd chants #ZenMaster..#NBAPlayoffs
Wed May 13 01:06:05 +0000 2015,#WeightLoss #Fit Weight Destroyer Program Review http://t.co/f9kcFpTKY8 #Knicks #Sports
Wed May 13 01:04:38 +0000 2015,http://t.co/QZcryIwD3O Projecting New York Knicks' Moves for Each 2015 NBA Draft Scenari #Knicks http://t.co/DBLjxIK8ZT
Wed May 13 01:04:13 +0000 2015,#carmeloanthony #Knicks #NBA #ballislife #sportsedits http://t.co/z142AvinIC
Wed May 13 01:04:06 +0000 2015,L #NBA #Knicks 2014-15 Immaculate Bernard King Auto Patch 2/25 Knicks #7 #Offers #Deals http://t.co/M0KZaowPpJ
Wed May 13 01:04:06 +0000 2015,#Apparel #Souvenirs MSG Exclusive Fan Apparel by Blue84: #NewYork #Knicks Size S Tee Top New with Tag http://t.co/ZyTfhnChPk #NBA #Auction
Wed May 13 01:03:34 +0000 2015,Yay!!!! @alanhahn is coming out west to Vegas!!!! #Knicks #SummerLeague #LetsGooooooooo #illBeThere
Wed May 13 01:03:13 +0000 2015,#Knicks „ÄêRETWEET„Äë #Followback #Follow #TFB #TFBJP #F4F #FF #Me #Love #TF #Like #MGWV @Tw1tt3rScr1pts
Wed May 13 01:02:21 +0000 2015,#Baseball #NBA #NewYork #Knicks - 2014-15 Panini NBA Immaculate 5X Live Team Break Case #4 http://t.co/JF0DPFRdCl #onsale #Discount
Wed May 13 01:02:21 +0000 2015,#NBA #Knicks 2014-15 Immaculate KNICKS QUAD #Jersey #16/49 Anthony Calderon Hardaway Jr Larkin http://t.co/XwiMCeL7nt #Offers #Deals
Wed May 13 01:02:20 +0000 2015,#Knicks #Autographs John Wallace Autographed 1996 Topps New York Knicks Syracuse http://t.co/tTiln0PNvA #Autograph #Sale
Wed May 13 01:00:46 +0000 2015,Nba #Knicks Cologne by Air Val International Men http://t.co/b016YCOx7C
Wed May 13 01:00:04 +0000 2015,#Girlmeetsworld riley's bout them #knicks #melo #phil #badtradeonjrtho
Wed May 13 00:59:56 +0000 2015,RT @nyknicks: On This Date in 1985‚Ä¶#Knicks win first ever @NBA Draft lottery.READ MORE: http://t.co/LrIsyEOUny http://t.co/gIPRwDAcak
Wed May 13 00:59:44 +0000 2015,These 2 sons of bitchs shumpert and J.R Smith why the fuk they didn't play like this when they were with my  #Knicks  I'm mad as hell...
Wed May 13 00:59:06 +0000 2015,L #Knicks #Clothing New Era New York Knicks Spiderman Edition Snapback Hat M/L #eBay #Auction http://t.co/cF67IZ5hUK
Wed May 13 00:57:36 +0000 2015,#Knicks #Cards 2014-15 Upper Deck SPx JERRY LUCAS New York Knicks Ohio State Buckeyes http://t.co/5LcUB24vwR #Card #Deals
Wed May 13 00:55:21 +0000 2015,@seydinadiallo Nxgga you BLIND! #Knicks üòÇ
Wed May 13 00:54:35 +0000 2015,#Knicks #Clothing NEW New York Knicks #NBA #Adidas Romper Creeper Bodysuit 12 months http://t.co/xO2HuBhvfy #eBay #Auction
Wed May 13 00:54:05 +0000 2015,L #Apparel #Souvenirs VTG MENS MITCHELL &ampamp NESS HARWOOD CLASSICS NBA #NewYork #Knicks SWEATSHIRT XL #NBA #Auction http://t.co/ULFSp7GGnq
Wed May 13 00:53:49 +0000 2015,Watching Shumpert &amp JR Smith watched Tyson Chandler now wondering whether Phil Jackson's year as GM was worst in #NBA history #Knicks
Wed May 13 00:53:16 +0000 2015,as a #Knicks fan it hurts my heart to see Iman n JR playing with Bron
Wed May 13 00:52:05 +0000 2015,RT @NYKNotifi: #Knicks http://t.co/C2jUINwnjr
Wed May 13 00:50:34 +0000 2015,#WeightLoss #Fit JHUD'S Weight Loss Success http://t.co/iAjzwKezeP #Knicks #Sports
Wed May 13 00:50:17 +0000 2015,Knicks fire D-League coach Kevin Whitted http://t.co/y7OnBdbYFP #knicks #NBA
Wed May 13 00:49:52 +0000 2015,Smh "@Gweedo56: Im enjoying watching the #Knicks in the playoffs Shump JR Mozgof D. Lee Randolph Prigioni - really very special"
Wed May 13 00:49:44 +0000 2015,RT @JerrelXL: The #Knicks are solely responsible for making the Cavs a title contender and got absolutely nothing in return. So pissed off ‚Ä¶
Wed May 13 00:49:14 +0000 2015,@TheRealJRSmith never played hard like dat for da #Knicks am mad lol #ballout
Wed May 13 00:49:09 +0000 2015,RT @JTCriado: #Knicks always screwing shit up... üòÇüòÇüòÇ
Wed May 13 00:49:01 +0000 2015,Imagine shumpert and jr smith played like this for the #knicks smh
Wed May 13 00:48:43 +0000 2015,@PhilJackson11 JR. And shumpert show in Cleveland for a 2019 2nd rounder eesh. #Knicks @LawlerNick
Wed May 13 00:48:35 +0000 2015,L #NBA #Knicks #NewYork Knicks Basketball #Jersey 2XL !!! #Offers #Deals http://t.co/ufqV55XWdE
Wed May 13 00:48:05 +0000 2015,#Apparel #Souvenirs #NewYork #Knicks "EASTERN CONFERENCE" NBA SUPERTEAM PLAQUE http://t.co/hBPgbgpwoQ #NBA #Auction
Wed May 13 00:47:30 +0000 2015,The #Knicks are solely responsible for making the Cavs a title contender and got absolutely nothing in return. So pissed off by that..
Wed May 13 00:47:13 +0000 2015,#Baseball #NBA 1986 Fleer Basketball #32 Patrick Ewing Rookie RC HOF #Knicks PSA 8 NM-MT http://t.co/R68tGDjUhq #onsale #Discount
Wed May 13 00:47:12 +0000 2015,#NBA #Knicks 1986 Fleer Basketball #32 Patrick Ewing Rookie RC HOF Knicks PSA 8 NM-MT http://t.co/7nujBADc7m #Offers #Deals
Wed May 13 00:47:12 +0000 2015,#Knicks #Autographs Andrea Bargnani Signed Spalding #NBA I/O Basketball - New York Knicks http://t.co/mMge4kZmeX #Autograph #Sale
Wed May 13 00:46:03 +0000 2015,I miss shumpert #Knicks
Wed May 13 00:44:05 +0000 2015,L L B #Baseball #NBA ADIDAS NYK #NewYork #Knicks DAVID LEE #Jersey BOYS MEDIUM 5-6 #onsale #Discount http://t.co/rhrR4VazIX
Wed May 13 00:42:42 +0000 2015,RT @nyknicks: On This Date in 1985‚Ä¶#Knicks win first ever @NBA Draft lottery.READ MORE: http://t.co/LrIsyEOUny http://t.co/gIPRwDAcak
Wed May 13 00:42:07 +0000 2015,#Knicks #Cards 2014-15 Immaculate Standard Cle#Anthony Early Rookie #Jersey #9/75 NY Knicks http://t.co/Mrky2hpiqh #Card #Deals
Wed May 13 00:41:51 +0000 2015,RT @AdamZagoria: One NBA source says he assumes #Knicks will take a look at Renardo Sidney. "They need players."
Wed May 13 00:40:29 +0000 2015,RT @BeforeFamePics: Today In Sports History1985 ~ NY #Knicks won the first NBA draft lottery and selected Patrick Ewing http://t.co/f368I0‚Ä¶
Wed May 13 00:39:05 +0000 2015,#Knicks #Clothing Authentic Nike Air Foamposite One New York Knicks Orange Blue Size 10 http://t.co/ajwhiuz6ha #eBay #Auction
Wed May 13 00:37:29 +0000 2015,RT @AdamZagoria: One NBA source says he assumes #Knicks will take a look at Renardo Sidney. "They need players."
Wed May 13 00:35:41 +0000 2015,Reggie Miller's 8 points in 9 seconds| http://t.co/os1qgvEJ0C #Knicks
Wed May 13 00:35:25 +0000 2015,I guess the #Caps aren't playing because they expected the #Knicks to have a game at the Garden
Wed May 13 00:33:48 +0000 2015,RT @AdamZagoria: One NBA source says he assumes #Knicks will take a look at Renardo Sidney. "They need players."
Wed May 13 00:33:36 +0000 2015,L #Baseball #NBA NY #Knicks Adidas warm up shirt Mens M #onsale #Discount http://t.co/M8kT8dF3qt
Wed May 13 00:32:34 +0000 2015,#Apparel #Souvenirs Brand New Patrick Ewing #NewYork #Knicks 33 #Jersey Available Size S M L XL XXL http://t.co/zjuFWwf2fG #NBA #Auction
Wed May 13 00:32:09 +0000 2015,New l #mitchell &amp ness all star nba new york #knicks #brooklyn nets nyc sweatshir LINK:http://t.co/7bbk4HqQAC http://t.co/kZ4dMPjHYM
Wed May 13 00:32:08 +0000 2015,New york #knicks nba #orange kids #adidas hoody hoodie size 7 * LINK:http://t.co/Iv23VyxAsP http://t.co/LAJAWbWDFL
Wed May 13 00:32:07 +0000 2015,#Reebok new york #knicks nba sweater sweatshirt #large l  LINK:http://t.co/UQtECwBfOH http://t.co/jrKMeYRw1U
Wed May 13 00:32:01 +0000 2015,RT @AdamZagoria: One NBA source says he assumes #Knicks will take a look at Renardo Sidney. "They need players."
Wed May 13 00:31:50 +0000 2015,RT @AdamZagoria: One NBA source says he assumes #Knicks will take a look at Renardo Sidney. "They need players."
Wed May 13 00:31:35 +0000 2015,One NBA source says he assumes #Knicks will take a look at Renardo Sidney. "They need players."
Wed May 13 00:30:38 +0000 2015,#Baseball #NBA #NewYork #Knicks Cheerleaders 4x6 Photo http://t.co/yY9pRoAMuS #onsale #Discount
Wed May 13 00:30:37 +0000 2015,#NBA #Knicks 2014-15 Immaculate Bernard King Auto Patch 2/25 Knicks #7 http://t.co/uWuPhuUykn #Offers #Deals
Wed May 13 00:30:36 +0000 2015,#Knicks #Autographs New York Knicks Cheerleaders 4x6 #Photo http://t.co/JW95PBNXsI #Autograph #Sale
Wed May 13 00:29:35 +0000 2015,RT @el_nino201: ‚Äú@nyknicks: On This Date in 1985‚Ä¶#Knicks win first ever @NBA Draft lottery.READ MORE: http://t.co/nmzkTIPuId http://t.co/‚Ä¶
Wed May 13 00:28:06 +0000 2015,L #Apparel #Souvenirs SALE! NWT #Adidas SwingMan #NewYork #Knicks #Basketball #Jersey - Adult Large #NBA #Auction http://t.co/sUataybR6R
Wed May 13 00:26:38 +0000 2015,‚Äú@nyknicks: On This Date in 1985‚Ä¶#Knicks win first ever @NBA Draft lottery.READ MORE: http://t.co/nmzkTIPuId http://t.co/i7jBxb1SRQ‚Äù. üòÅüòÅ
Wed May 13 00:26:07 +0000 2015,#Knicks #Cards 2014-15 Panini Immaculate Walt Frazier Hall of Fame Heroes auto 66/75 Knicks http://t.co/2iASn6lx8F #Card #Deals
Wed May 13 00:25:16 +0000 2015,Knicks sign guard Ricky Ledo http://t.co/Yuj2i7UHW9 #knicks #NBA
Wed May 13 00:23:10 +0000 2015,#Knicks #Clothing New Era New York Knicks Spiderman Edition Snapback Hat M/L http://t.co/lwIzIK6KyR #eBay #Auction
Wed May 13 00:21:06 +0000 2015,#WeightLoss #Fit Weight Loss Careteri Raderns http://t.co/yybCxI55hL #Knicks #Sports
Wed May 13 00:18:38 +0000 2015,L L #Apparel #Souvenirs #NewYork #Knicks #Basketball shirt blue size large #NBA #Auction http://t.co/QD5sQvTwsT
Wed May 13 00:18:14 +0000 2015,RT @nyknicks: On This Date in 1985‚Ä¶#Knicks win first ever @NBA Draft lottery.READ MORE: http://t.co/LrIsyEOUny http://t.co/gIPRwDAcak
Wed May 13 00:16:06 +0000 2015,#Apparel #Souvenirs VTG MENS MITCHELL &amp NESS HARWOOD CLASSICS NBA #NewYork #Knicks SWEATSHIRT XL http://t.co/gzkfR2X1Kv #NBA #Auction
Wed May 13 00:15:53 +0000 2015,Great to see @chrisbosh @NBAonTNT as for @iamisiahthomas plz go away @DRUSABaller #NuevaYorkBallerHour #Liberty #NBAPlayoffs #Knicks
Wed May 13 00:14:47 +0000 2015,#Knicks always screwing shit up... üòÇüòÇüòÇ
Wed May 13 00:14:35 +0000 2015,#Baseball #NBA #NewYork #Knicks Cheerleaders 4x6 Photo http://t.co/LjYJLCmhqk #onsale #Discount
Wed May 13 00:14:35 +0000 2015,#NBA #Knicks #NewYork Knicks Basketball #Jersey 2XL !!! http://t.co/RxLx3v2qzT #Offers #Deals
Wed May 13 00:14:34 +0000 2015,#Knicks #Autographs New York Knicks Cheerleaders 4x6 #Photo http://t.co/I3PKrxfdgt #Autograph #Sale
Wed May 13 00:12:29 +0000 2015,Nobody wants to hear Isaiah Thomas talk about basketball especially #Knicks fans. #Cavs #CavsMania #PunchNoahInTheDick
Wed May 13 00:11:55 +0000 2015,RT @djwiseonline: KNICKS GOTTA GO HARD &amp FINISH STRONG!! MELO &amp JR STEP UP!!!! GO NY GO NY GO! #KNICKS
Wed May 13 00:11:06 +0000 2015,#Knicks #Cards 1987-88 Fleer #102 Rory Sparrow Nrmt Knicks http://t.co/oQ3OXr9gyF #Card #Deals
Wed May 13 00:11:05 +0000 2015,NY Fans Attitudes#Yankees: Confident Should Never Lose!#Giants: Not as confident. Depends on Luck!#Knicks: No confidence Prayers needed.
Wed May 13 00:08:36 +0000 2015,How @stephenasmith gonna rip my #sixers when his #Knicks r worst?! The world knows the roster won't be the same next year #CaptainObvious
Wed May 13 00:08:35 +0000 2015,L #Baseball #NBA BOYS BLACK #Knicks #Jacket 14-16 #onsale #Discount http://t.co/pWkfKi4h0r
Wed May 13 00:05:36 +0000 2015,#WeightLoss #Fit Garcinia Cambogia for Weight Loss Results http://t.co/Kve3B5I5oY #Knicks #Sports
Wed May 13 00:05:01 +0000 2015,RT @NYKNotifi: #Knicks http://t.co/C2jUINwnjr
Wed May 13 00:02:34 +0000 2015,L B #Baseball #NBA ADIDAS NYK #NewYork #Knicks DAVID LEE #Jersey BOYS MEDIUM 5-6 #onsale #Discount http://t.co/qBk9gXUjgW
Wed May 13 00:02:16 +0000 2015,Im enjoying watching the #Knicks in the playoffs Shump JR Mozgof D. Lee Randolph Prigioni - really very special
Wed May 13 00:00:39 +0000 2015,Former exec irked by Isiah's 'misleading' denial| http://t.co/jrNEy6EAsN #Knicks
Wed May 13 00:00:35 +0000 2015,#Apparel #Souvenirs NBA #NewYork #Knicks #Adidas Snapback Hat Cap http://t.co/kyUmc9weYl #NBA #Auction
Wed May 13 00:00:16 +0000 2015,Jim Dolan :Isiah Thomas can build a winner http://t.co/Wx6c9CLbJN #knicks #NBA
Tue May 12 23:58:16 +0000 2015,#Knicks #Autographs New York Knicks Cheerleaders 4x6 #Photo http://t.co/WQTOkOaak3 #Autograph #Sale
Tue May 12 23:58:16 +0000 2015,#Baseball #NBA NY #Knicks Adidas warm up shirt Mens M http://t.co/oXJCqH5SIR #onsale #Discount
Tue May 12 23:58:15 +0000 2015,#NBA #Knicks HOOPS 1 GRAM .999 SILVER ROUND COIN BAR ROCKETS HEAT KNICKS OR THUNDER FAN http://t.co/1BqVtOG3xq #Offers #Deals
Tue May 12 23:57:04 +0000 2015,L #Apparel #Souvenirs #NewYork #Knicks Vintage Sports Specialties Snapback Hat Cap Blue Orange Official #NBA‚Ä¶ http://t.co/JAcnMuLU0Q
Tue May 12 23:56:47 +0000 2015,Y does it seem as if everyone gets better when they leave the #Knicks lol #shumpert #jrSmith #BULLSvsCAVS
Tue May 12 23:54:36 +0000 2015,#Knicks #Cards WALT BELLAMY 2013-14 PANINI INTRIGUE DUNK CO KNICKS #Autograph /10 ! SP AUTO http://t.co/AGHkixEZjn #Card #Deals
Tue May 12 23:54:26 +0000 2015,RT @NYKNotifi: #Knicks http://t.co/C2jUINwnjr
Tue May 12 23:52:07 +0000 2015,L #NBA #Knicks #NewYork KNICKS 2014-15 IMMACULATE CASE GRAB BAG 5X INDEX CARD BREAK #Offers #Deals http://t.co/1N3F5XutxC
Tue May 12 23:44:33 +0000 2015,#Apparel #Souvenirs SALE! NWT #Adidas SwingMan #NewYork #Knicks #Basketball #Jersey - Adult Large http://t.co/S8CxIpJDTr #NBA #Auction
Tue May 12 23:43:56 +0000 2015,@PhilJackson11 http://t.co/ViBeGPbkLW Do this Trade in the Summer. Get More Picks #KNICKS #PELICANS
Tue May 12 23:42:36 +0000 2015,#Baseball #NBA #NewYork #Knicks Cheerleaders 4x6 Photo http://t.co/gle6l1FRca #onsale #Discount
Tue May 12 23:42:36 +0000 2015,#NBA #Knicks NY Knicks Adidas warm up shirt Mens M http://t.co/gEUzyTgyXt #Offers #Deals
