Wed May 13 01:09:17 +0000 2015,RT @NBAMemes: Kobe Bryant to Dwight Howard. #Lakers #Rockets http://t.co/LWddf0t9mh
Wed May 13 01:09:07 +0000 2015,It's all about the #Lakers ðŸ’œðŸ’›
Wed May 13 01:08:35 +0000 2015,#Health #Fatloss How to Deal With Holiday Food Pushers and Food Cops http://t.co/wVu7oiorFN #Deals #Lakers
Wed May 13 01:08:08 +0000 2015,#Lakers Detalles y datos en la previa de la LoterÃ­a del Draft 2015 http://t.co/dqnXYk2rOq
Wed May 13 01:05:06 +0000 2015,RT @MajorKSports: Butler gonna look nice in that #Lakers jerseyâ€¦
Wed May 13 01:04:12 +0000 2015,Butler gonna look nice in that #Lakers jerseyâ€¦
Wed May 13 01:04:07 +0000 2015,#Lakers #Autographs Magic Johnson Los Angeles Lakers Autographed vs Michael Jordan 16x20 Photo http://t.co/hEPU9cXeD8 #Autograph #Auction
Wed May 13 01:03:40 +0000 2015,L L B #JeremyLin #Lakers 2012-13 Panini Gold Standard #33 Jeremy Lin #/349 #Deals #Online http://t.co/SlVFIwjH0h
Wed May 13 01:03:37 +0000 2015,L #Apparel #Souvenirs #LosAngeles #Lakers #NBA NIKE golf hat cap visor very clean #NBA logo #Forsale #onsale http://t.co/zBahP2nMCJ
Wed May 13 01:03:06 +0000 2015,RT @rhea_mathias: love this teamðŸ’š #Lakers http://t.co/NCdqMRRrmn
Wed May 13 00:59:12 +0000 2015,#Lakers Wire: Detalles y datos en la previa de la LoterÃ­a del Draft 2015 http://t.co/Gf57kmtFEI http://t.co/hbwvjVFe26
Wed May 13 00:59:09 +0000 2015,RT @CaSportsTeam: Customer todayâ€™s order.21~23$ pcs shop now http://t.co/ZsFsJNipny #Kings #LosAngeles #giants #Ducks #Lakers #Raiders httpâ€¦
Wed May 13 00:57:38 +0000 2015,#Lakers #NBA Authentic Nike Team Los Angeles Lakers #Basketball Game Shorts 2XL Mens 4802 #NBA http://t.co/PFWDT4FXoQ #Collectibles #Offer
Wed May 13 00:57:37 +0000 2015,#Lakers #Deals 2014-15 Panini Select Julius Randle RC Courtside Silver Prizm SP LAKERS http://t.co/QDFC7TxqUS #Collection #Sale
Wed May 13 00:57:37 +0000 2015,#Apparel #Souvenirs NWT #adidas Originals #LosAngeles LA #Lakers Snapback Hat #TShirt Mens 2XL XXL http://t.co/y6Zv5iwbsU #Forsale #onsale
Wed May 13 00:57:36 +0000 2015,#Lakers #Cards 2014-15 Immaculate Magic Johnson Game-Used JERSEY LAUNDRY TAG #1/2 Lakers http://t.co/XzWoq11cA2 #Card #Bargains
Wed May 13 00:57:35 +0000 2015,L #Lakers #Autographs Kobe Bryant Autographed Custom Framed Los Angeles Lakers Yellow Jersey GAIâ€¦ #Autographâ€¦ http://t.co/RsOpWSvIQF
Wed May 13 00:57:14 +0000 2015,http://t.co/riqBJWslKV STEVE NASH 36 Card 12 Insert 9 Rookie Lot NBA SUNS MAVERICKS LA #Lakers http://t.co/0603xBePpA
Wed May 13 00:56:08 +0000 2015,#Lakers #GoLakers Detalles y datos en la previa de la LoterÃ­a del Draft 2015 http://t.co/d64aFRJVPB #SportsRoadhouse
Wed May 13 00:53:19 +0000 2015,L #Lakers #NBA #Kobe #Bryant &ampamp Julius Randle 2014-15 Panini Immaculate Dual Autographs - #17/49 #Collectiblesâ€¦ http://t.co/OhxdNMjyMD
Wed May 13 00:53:18 +0000 2015,#Health #Fatloss Weight Loss Careteri Raderns http://t.co/97Fy42Xwa3 #Deals #Lakers
Wed May 13 00:53:00 +0000 2015,Detalles y datos en la previa de la LoterÃ­a del Draft 2015 http://t.co/hXlx48DVKA #Lakers
Wed May 13 00:53:00 +0000 2015,#Lakers: Detalles y datos en la previa de la LoterÃ­a del Draft 2015 http://t.co/DnImgQa81I #NBA
Wed May 13 00:52:33 +0000 2015,@dave51501 #Lakers just averaged 18737 during their worst season ever. Do you realize how hard that is??
Wed May 13 00:51:45 +0000 2015,Detalles y datos en la previa de la LoterÃ­a del Draft 2015: Todo lo que necesitan saber de cara a la L... http://t.co/2bBqQx318r #Lakers
Wed May 13 00:51:44 +0000 2015,#NBA #LAKERS - Detalles y datos en la previa de la LoterÃ­a del Draft 2015: Todo lo que ... http://t.co/0CsMKNwlqX http://t.co/lQmogZfBKD
Wed May 13 00:51:39 +0000 2015,#NBA #Lakers Detalles y datos en la previa de la LoterÃ­a del Draft 2015  http://t.co/Kyi65dK7NL
Wed May 13 00:51:36 +0000 2015,#Lakers : Detalles y datos en la previa de la LoterÃ­a del Draft 2015: Todo lo que necesitan saber de cara... http://t.co/7S9bDYNZma #NBA
Wed May 13 00:51:21 +0000 2015,Detalles y datos en la previa de la LoterÃ­a del Draft 2015 #Lakers #LakeShow http://t.co/CBef011LPv http://t.co/jFkdNyhSQm
Wed May 13 00:50:45 +0000 2015,RT @RonMFlores: @FrankieBur @mattballislife Kobe "It's either me or him one of us have to go" lol #Lakers
Wed May 13 00:50:05 +0000 2015,Detalles y datos en la previa de la Loter&ampiacutea del Draft 2015 #Lakers [http://t.co/FdOkMgZCuu] http://t.co/waIjW4nrld
Wed May 13 00:50:03 +0000 2015,RT @NBAMemes: Kobe Bryant to Dwight Howard. #Lakers #Rockets http://t.co/LWddf0t9mh
Wed May 13 00:49:38 +0000 2015,RT @Lakers_Examiner: If the Lakers do fall to No. 5 I wouldnâ€™t be surprised to see Dukeâ€™s Justise Winslow wearing purple and gold next seaâ€¦
Wed May 13 00:48:36 +0000 2015,#NBA #Lakers 2013-14 Panini Flawless #JeremyLin #60 (3 Color) Emerald Nameplate Patch SP #4/5 http://t.co/8Am7I5UPvF #eBay #Auction
Wed May 13 00:48:36 +0000 2015,#Lakers #Autographs Magic Johnson Los Angeles Lakers Signed Rivalry vs Larry Bird 8x10 Photo http://t.co/ASt5Ud1xN5 #Autograph #Auction
Wed May 13 00:48:36 +0000 2015,#JeremyLin #Lakers 2013-14 Panini Flawless Jeremy Lin #60 (3 Color) Emerald Nameplate Patch SP #4/5 http://t.co/7u3cb9RuXx #Deals #Online
Wed May 13 00:47:35 +0000 2015,L L #JeremyLin #Lakers NWT Authentic ADIDAS Swingman Houston Rockets JEREMY LIN Jersey - Size XL + 2" #Deals #Online http://t.co/s1EHJcWsLz
Wed May 13 00:47:09 +0000 2015,L #Apparel #Souvenirs Youth #adidas #Kobe #Bryant #Jersey #24 Size Med #NBA #LosAngeles #Lakersâ€¦ #Forsale #onsale http://t.co/Z09GheW338
Wed May 13 00:47:01 +0000 2015,RT @LakersViews: #Lakers #LakerNation #LA Keyon Dooling Believes Rajon Rondo Is 'Still In The Prime Of His Career' http://t.co/q4Um0jMv8L
Wed May 13 00:46:53 +0000 2015,RT @Lakers_Examiner: If the Lakers do fall to No. 5 I wouldnâ€™t be surprised to see Dukeâ€™s Justise Winslow wearing purple and gold next seaâ€¦
Wed May 13 00:42:31 +0000 2015,RT @laker_fan_: Lakers free agency rumors: Cavaliers 'legitimately fear' Kevin Love will leave according to report http://t.co/Dw2tum1Hry â€¦
Wed May 13 00:42:21 +0000 2015,RT @uhreeb: Kevin Love refusing Kelly Olynyk's apology is perfect b/c starting a beef with the #Celtics means he's already halfway on the #â€¦
Wed May 13 00:42:07 +0000 2015,#Lakers #NBA #Kobe #Bryant LOS ANGELES LAKERS #Basketball #NBA #Adidas SIZE M TEE http://t.co/xvzclWEQ4c #Collectibles #Offer
Wed May 13 00:42:06 +0000 2015,#Apparel #Souvenirs LA #Lakers #8 #Kobe #Bryant Team Apparel #Jersey Length +2 Size L Gold Purpleâ€¦ http://t.co/Aa9kL4sYv3 #Forsale #onsale
Wed May 13 00:42:06 +0000 2015,#Lakers #Cards Magic Johnson 12-13 Leaf Metal On-Card Auto Lakers http://t.co/xNVEvKQYRG #Card #Bargains
Wed May 13 00:42:06 +0000 2015,#Lakers #Deals 14-15 Immaculate #Kobe #Bryant Shaquille O'Neal Eddie Jones #Jersey Card 59/75 http://t.co/Az2De45kr8 #Collection #Sale
Wed May 13 00:40:58 +0000 2015,RT @APetrelak: ^^Anyone collect #Lakers or Kobe cards?
Wed May 13 00:40:48 +0000 2015,^^Anyone collect #Lakers or Kobe cards?
Wed May 13 00:39:52 +0000 2015,RT @NBAMemes: Kobe Bryant to Dwight Howard. #Lakers #Rockets http://t.co/LWddf0t9mh
Wed May 13 00:38:58 +0000 2015,http://t.co/riqBJWslKV Sports Heroes Feats &amp Facts - MAGIC JOHNSON - Basketball Champi #Lakers http://t.co/hMGxNtcGMJ
Wed May 13 00:38:10 +0000 2015,#Sports #Memorabilia 1987 Kareem Abdul Jabbar #LosAngeles #Lakers Basketball Starline Poster http://t.co/e9QUeFs9rz #eBay #Bestseller
Wed May 13 00:37:22 +0000 2015,RT @NBAMemes: Kobe Bryant to Dwight Howard. #Lakers #Rockets http://t.co/LWddf0t9mh
Wed May 13 00:37:07 +0000 2015,L L L #Apparel #Souvenirs #Kobe #Bryant #LosAngeles #Lakers #Basketball #NBA #adidas SIZE M TEE #Forsale #onsale http://t.co/XbqMKiDKdd
Wed May 13 00:36:15 +0000 2015,@TheRealJunior01 Great #Lakers room!!!
Wed May 13 00:35:45 +0000 2015,I love @_kyrirving02 but I hate LeBron and want the cavs to lose. #sorrykyrie #cometoLA #lakers
Wed May 13 00:32:34 +0000 2015,#Lakers #Autographs Magic Johnson Autographed Custom Framed Los Angeles Lakers Jersey PSADNA COA http://t.co/O82Hz6O2yA #Autograph #Auction
Wed May 13 00:32:31 +0000 2015,RT @Lakers_Examiner: For all the latest info on the lottery &amp 2015 NBA Draft check out our @LakersNation Draft page: http://t.co/QfD3WajgRâ€¦
Wed May 13 00:32:23 +0000 2015,@PintoLakers @KelliTennant darn! Ha and thank you! Come to a game soon with your family. #Dodgers #Lakers
Wed May 13 00:32:06 +0000 2015,L #Lakers #Deals #Kobe #Bryant Lakers #24 White Gold Youth #Jersey L Large #Collection #Sale http://t.co/ASTpXZua8U
Wed May 13 00:26:14 +0000 2015,#Lakers #Cards 2013-14 Panini Preferred Silhouettes #Kobe #Bryant AUTO PURPLE LAKERS JERSEY #/49 http://t.co/We6op5rZzH #Card #Bargains
Wed May 13 00:26:14 +0000 2015,L #Lakers #NBA 2014-15 Immaculate Ink Red Jerry West AUTO #16/25 Lakers #Collectibles #Offer http://t.co/fm2lqR0Gqi
Wed May 13 00:26:13 +0000 2015,#Apparel #Souvenirs #LosAngeles #Lakers #NBA NIKE golf hat cap visor very clean #NBA logo http://t.co/197SwMqCNd #Forsale #onsale
Wed May 13 00:26:13 +0000 2015,#Lakers #NBA 14-15 Immaculate #Kobe #Bryant Shaquille O'Neal Eddie Jones #Jersey Card 59/75 http://t.co/vvuWxU4TXZ #Collectibles #Offer
Wed May 13 00:26:12 +0000 2015,#Lakers #Deals JAMES WORTHY rc 1986 87 FLEER rc # 131 BGS 9 lakers 2x 9.5 http://t.co/hAc4TdwoWf #Collection #Sale
Wed May 13 00:26:12 +0000 2015,L #NBA #Lakers #JeremyLin SP #ED 205/349 PREMIUM BASE 2012-2013 PANINI GOLD STANDARD $12BV #eBay #Auction http://t.co/lOmzBtoYSG
Wed May 13 00:25:06 +0000 2015,RT @Lakers_Examiner: If the Lakers do fall to No. 5 I wouldnâ€™t be surprised to see Dukeâ€™s Justise Winslow wearing purple and gold next seaâ€¦
Wed May 13 00:24:32 +0000 2015,@Lakers  Here is our Laker family room!ðŸ’›ðŸ’œ #lakers http://t.co/ZZmzMzsYpY
Wed May 13 00:23:37 +0000 2015,RT @rhea_mathias: love this teamðŸ’š #Lakers http://t.co/NCdqMRRrmn
Wed May 13 00:23:16 +0000 2015,@FrankieBur @mattballislife Kobe "It's either me or him one of us have to go" lol #Lakers
Wed May 13 00:22:41 +0000 2015,http://t.co/riqBJWslKV [SB Nation: Silver Screen and Roll] - NBA Draft 2015: Justise W #Lakers http://t.co/gojJRbTaXA
Wed May 13 00:22:07 +0000 2015,#Health #Fatloss Gym Workout Bodybuilding Tips http://t.co/MJXJWkYiNj #Deals #Lakers
Wed May 13 00:21:08 +0000 2015,L #JeremyLin #Lakers JEREMY LIN SP #ED 205/349 PREMIUM BASE 2012-2013 PANINI GOLD STANDARD $12BV #Deals #Online http://t.co/OCfkj4OMLZ
Wed May 13 00:21:08 +0000 2015,L L #Lakers #NBA Los Angeles Lakers #NBA NIKE golf hat cap visor very clean #NBA logo #Collectibles #Offer http://t.co/QVi2f8IgKy
Wed May 13 00:20:42 +0000 2015,Register now at: http://t.co/SGpa5LNlcj or call 954-695-4624!#basketball #SummerCamp #Lakers #PAL #NorthMiami http://t.co/ZHbJxmK6Td
Wed May 13 00:19:02 +0000 2015,RT @DawkinsMTA: REUPLOAD: @kobebryant Full Highlights 2006.01.22 #Lakers vs #Raptors - NASTY Career-HiGH 81 Pts!http://t.co/u7OMDOJGgQ
Wed May 13 00:18:04 +0000 2015,RT @NBAMemes: Kobe Bryant to Dwight Howard. #Lakers #Rockets http://t.co/LWddf0t9mh
Wed May 13 00:16:37 +0000 2015,RT @NBAMemes: Kobe Bryant to Dwight Howard. #Lakers #Rockets http://t.co/LWddf0t9mh
Wed May 13 00:16:06 +0000 2015,#Lakers #Autographs Kobe Bryant Autographed Custom Framed Los Angeles Lakers Yellow Jersey GAIâ€¦ http://t.co/zCp4QYEv6G #Autograph #Auction
Wed May 13 00:15:27 +0000 2015,I find it funny all of sudden everybody is wearing #clippers gear! Fake ass #Lakers fans
Wed May 13 00:11:35 +0000 2015,RT @Lakers_Examiner: Lakers have a 12.6% chance of moving up to No. 2 and 13.3% chance of getting No. 3 during the NBA Draft lottery next wâ€¦
Wed May 13 00:11:06 +0000 2015,L #Lakers #Cards 1997 #Topps Generations #Kobe #Bryant PSA 10 GEM MINT Los Angeles Lakers LOW POP! #Card #Bargains http://t.co/sGVm8e6X08
Wed May 13 00:10:10 +0000 2015,#Lakers #NBA #Kobe #Bryant &amp Julius Randle 2014-15 Panini Immaculate Dual Autographs - #17/49 http://t.co/mbE7fLkhlm #Collectibles #Offer
Wed May 13 00:10:09 +0000 2015,#Lakers #Deals LOS ANGELES LAKERS #Kobe #Bryant #Jersey DRESS SIZE MEDIUM 10/12 SEWN REEBOK http://t.co/gDb0sR2lxU #Collection #Sale
Wed May 13 00:10:08 +0000 2015,#Apparel #Souvenirs Youth #adidas #Kobe #Bryant #Jersey #24 Size Med #NBA #LosAngeles #Lakersâ€¦ http://t.co/n26vv1Aghu #Forsale #onsale
Wed May 13 00:10:08 +0000 2015,#Lakers #Cards 2013 Panini Black Friday #2 #Kobe #Bryant BGS 8.5 http://t.co/Kf2b3Ye2Zw #Card #Bargains
Wed May 13 00:07:28 +0000 2015,NBA Draft 2015: Justise Winslow compares his game to Jimmy Butler and Kawhi Leonard http://t.co/HqYuo8C2me #Lakers
Wed May 13 00:07:27 +0000 2015,#LaLakers #Lakers New Orleans Pelicans fire head coach Monty Williams (The Associated Press) http://t.co/LUNZ0J3SLx
Wed May 13 00:07:27 +0000 2015,#Lakers #LosAngelesLakers #LA NBA Draft 2015: Justise Winslow compares his game to Jimmy Butler and Kawhi Leon.. http://t.co/biLaHaCqAR
Wed May 13 00:07:07 +0000 2015,#Health #Fatloss Exotic Fruit Juice Recipes for Weight Loss http://t.co/lt9zm6IpHF #Deals #Lakers
Wed May 13 00:07:07 +0000 2015,#Sports #Memorabilia 1981 Sports Illustrated #LosAngeles #Lakers Magic Johnson http://t.co/eluwg51FA0 #eBay #Bestseller
Wed May 13 00:06:46 +0000 2015,@BostonCelts4eva @TightGame hope he's a #Lakers
Wed May 13 00:06:34 +0000 2015,http://t.co/hV4sbRrdFh New Orleans Pelicans fire head coach Monty Williams (The Associat #Lakers http://t.co/d62NEWBUF4
Wed May 13 00:06:12 +0000 2015,http://t.co/EEkB0NdMH9: Lakers center Andrew Bynum on #loss to... http://t.co/upxGOYMPdk #andrew #bynum #grizzlies #lakers #memphis
Wed May 13 00:05:47 +0000 2015,RT @rhea_mathias: love this teamðŸ’š #Lakers http://t.co/NCdqMRRrmn
Wed May 13 00:05:42 +0000 2015,L B #NBA #Lakers #JeremyLin 23 Card Lot with 6 Inserts NBA WARRIORS KNICKS ROCKETS LAKERS #eBay #Auction http://t.co/ez0aHZcGJ9
Wed May 13 00:05:37 +0000 2015,L #Lakers #Cards 2014-15 Immaculate Ink Red Jerry West AUTO #16/25 Lakers #Card #Bargains http://t.co/bbf9h5oxbk
Wed May 13 00:05:08 +0000 2015,Lakers Rumors :Latest on Jimmy Butler Rumblings and Upcoming Roster Decisions http://t.co/Czn4313mie #Lakers #NBA
Wed May 13 00:04:14 +0000 2015,RT @Lakers_Examiner: It seems a bit weird but Lakers have only a 9.85% chance of staying at No. 4 opposed to a 11.9% chance of moving up tâ€¦
Wed May 13 00:02:33 +0000 2015,RT @rhea_mathias: love this teamðŸ’š #Lakers http://t.co/NCdqMRRrmn
Wed May 13 00:02:31 +0000 2015,RT @rhea_mathias: love this teamðŸ’š #Lakers http://t.co/NCdqMRRrmn
