Wed May 13 01:05:39 +0000 2015,With so many question marks at pg Cubes has to entertain the @Goran_Dragic to Dallas idea doesn't he? #MAVS #mffl
Wed May 13 00:55:06 +0000 2015,Defense gonna be üëå‚úî. #Mavsüèà&gtyouüëéüöÆ
Wed May 13 00:45:13 +0000 2015,http://t.co/jaS6zrerJI NWT Reebok Gray NBA Dallas Mavericks Dirk Nowitzki #41 T-Shirt Y #Mavs http://t.co/cTjkFWmIfM
Wed May 13 00:35:24 +0000 2015,emilynolaan photography  #MavsüêÆ https://t.co/3Cio5gfKRe
Wed May 13 00:33:30 +0000 2015,Stopped by The UNO/Community Arena today  ---- Looking Real Good! @UNOmaha @UNO_Hockey #FreshSheet #Mavs #October2015 http://t.co/4V8tYEGNZz
Wed May 13 00:02:44 +0000 2015,http://t.co/2b0FFRiu83 GameTime: Monty Williams Firing  #Mavs http://t.co/8874pHbEdH
Tue May 12 22:53:37 +0000 2015,http://t.co/jaS6zrerJI Men's X-Large Adidas Dallas Mavericks Basketball Player Jersey Se #Mavs http://t.co/125zZVRqLg
Tue May 12 22:38:20 +0000 2015,http://t.co/7R8Q4b6nbw [SB Nation: Mavs Moneyball] - How Charlie Villanueva rejuvenated  #Mavs http://t.co/Tku6pI2C8n
Tue May 12 22:17:16 +0000 2015,http://t.co/2b0FFRiu83 The Starters: Up/Down Report  #Mavs http://t.co/OoyDk8WYfQ
Tue May 12 21:37:14 +0000 2015,Nicely done!! #mavs  https://t.co/QqfOKfl6we
Tue May 12 21:18:33 +0000 2015,RT @fishsports: .@TheMAVERICKBar hanging w the great Victor Villalba #mavs #cowboys http://t.co/eDJSoVsQWj
Tue May 12 21:13:01 +0000 2015,RT @Mavericks10news: 2015 Year in Review :Dwight Powell| http://t.co/LEokz5DXEl #Mavs
Tue May 12 21:12:40 +0000 2015,http://t.co/jaS6zqWQl8 DALLAS MAVERICKS MAVS 'TWINS DEADSTOCK RARE 90'S HAT CAP VINTAGE #Mavs http://t.co/Abs9TZ62cw
Tue May 12 21:05:36 +0000 2015,http://t.co/2b0FFRiu83 Doc Rivers and the Los Angeles Clippers like where they're at right n #Mavs #NBA http://t.co/EivuJHSMft
Tue May 12 21:00:30 +0000 2015,#DallasMavericks Doc Rivers and the Los Angeles Clippers like where they're at right now (Bal... http://t.co/Pqr2VhzebS #Mavs #Mavericks
Tue May 12 20:55:58 +0000 2015,RT @MVPsportsinfo: Where's Rondo? #DALvsHOU #DallasGotNext2 ? #Mavs #NBAPlayoffs http://t.co/zG4AvxNOAR
Tue May 12 20:39:01 +0000 2015,http://t.co/2b0FFRiu83 Draft Combine: Kelly Oubre  #Mavs http://t.co/SME0jDbHcG
Tue May 12 20:28:06 +0000 2015,If the #Mavs can't get DeAndre Jordan then Keeping Tyson Chandler is A MUST #NBA #MFFL http://t.co/3uRAD2TJN5
Tue May 12 19:50:09 +0000 2015,#Mavs: Dirk Nowitzki Not Expected To Retire Anytime Soon http://t.co/GmFmmXV7V4
Tue May 12 19:49:36 +0000 2015,Of course those 3 were against the #Mavs and not the #Clippers. But hey maybe my presence will be the #Rockets good luck charm. #RedNation
Tue May 12 19:41:47 +0000 2015,http://t.co/jaS6zrerJI Dallas Mavericks Retro Snapback bulls lakers knicks pistons scrip #Mavs http://t.co/NIWti1RDiN
Tue May 12 19:25:27 +0000 2015,http://t.co/7R8Q4b6nbw [Dallas Morning News: Dallas Mavericks Blog] - Video surfaces of  #Mavs http://t.co/Gifz03oyuS
Tue May 12 19:24:35 +0000 2015,Reviewing Al-Farouq Aminu and his Mavericks transformation http://t.co/gqU2M5xtOR #Mavs #MFFL‚Ä¶ http://t.co/b2d1ZmmOYf
Tue May 12 19:08:09 +0000 2015,#Mavs #dallasmavericks #mavericks How Charlie Villanueva rejuvenated his career with the Mavericks http://t.co/4dSULEgvNI
Tue May 12 19:05:07 +0000 2015,http://t.co/2b0FFRiu83 Draft Combine: Willie Cauley-Stein  #Mavs http://t.co/LJpoqQrlEf
Tue May 12 19:04:35 +0000 2015,RT @RoteLaterneNBA: How Charlie Villanueva rejuvenated his career with the Mavericks http://t.co/7CQ3GXXc2Q #Mavs #MFFL http://t.co/C2avRYZ‚Ä¶
Tue May 12 18:51:17 +0000 2015,@fishsports G.Hill- Middleton-Parson-Dirk-Jordan// Is this possible for #Mavs
Tue May 12 18:37:11 +0000 2015,How Charlie Villanueva rejuvenated his career with the Mavericks http://t.co/7CQ3GXXc2Q #Mavs #MFFL http://t.co/C2avRYZgQe
Tue May 12 18:35:05 +0000 2015,I'm the one that's living lavish üè°üëïüëñüëüüëûüëìüí∏üí∞üíé like I'm playing for the #mavs
Tue May 12 18:01:20 +0000 2015,RT @RoteLaterneNBA: 3-Step Plan for the Dallas Mavericks to Return to the Playoffs in 2015-16 http://t.co/3ZMN7yl5Pe #MFFL #Mavs
Tue May 12 17:52:40 +0000 2015,3-Step Plan for the Dallas Mavericks to Return to the Playoffs in 2015-16 http://t.co/3ZMN7yl5Pe #MFFL #Mavs
Tue May 12 17:41:34 +0000 2015,http://t.co/7R8Q4b6nbw [SB Nation: Mavs Moneyball] - Dirk makes this German fan's day be #Mavs http://t.co/ysAQdr0zHM
Tue May 12 17:37:18 +0000 2015,RT @IowaMavsAAU: 15U Gosnell 10:00 AM vs. Iowa Elite Cavil 12:10 PM vs. Tri State Steam #MAVS #AAUSTATE
Tue May 12 17:24:30 +0000 2015,RT @IowaMavsAAU: 17U Cleveland: 12:10 PM vs. IMPACTT 2:20 PM vs. Iowa Battlers Moore 7:45 PM vs. @iadynasty Black   #MAVS #AAUSTATE
Tue May 12 17:24:25 +0000 2015,RT @IowaMavsAAU: 17U Huisman: 2:20 PM vs. @iadynasty Green 4:30 PM vs. Iowa Elite Mason #MAVS #AAUSTATE
Tue May 12 17:23:28 +0000 2015,http://t.co/2b0FFRiu83 Warriors and Hawks Both Pull Even at 2-2  #Mavs http://t.co/cEUtjRgefF
Tue May 12 17:15:07 +0000 2015,#SBNation #Mavs Can Dallas afford Al-Farouq Aminu? http://t.co/KraTBFRzX8 http://t.co/Qgb7v50D7o
Tue May 12 17:15:06 +0000 2015,#SBNation #Mavs Watch Dirk make this German fan's day http://t.co/0iQ18MfONl http://t.co/Qgb7v50D7o
Tue May 12 17:07:52 +0000 2015,#Dallas #Mavs  #coach #basketball üèÄüèÄ https://t.co/4HgCFWCJJT
Tue May 12 16:59:29 +0000 2015,RT @MavsFansForLife: Our Twitter started March 7 2013: 9800+ followers.Our website started June 8 2014: 48000+ views.#Mavs #JustThe‚Ä¶
Tue May 12 16:50:04 +0000 2015,RT @dchinellato: #Mavs starting lineup: Rondo Ellis Parsons Nowitzki Chandler. Ring coming? http://t.co/NluyH7BjZE (pic via @NBAPICTURE‚Ä¶
Tue May 12 16:30:39 +0000 2015,Double tap for Dirk #dirknowitzki #getbuckets #asapbuckets #41 #dallas #mavs https://t.co/K3IWDTfMu1
Tue May 12 16:14:16 +0000 2015,RT @IowaMavsAAU: 16U Ash/Cleveland 11:05 AM vs. Attack 10th Moore 1:15 PM vs. @TryonGymHoops #MAVS #AAUSTATE
Tue May 12 16:13:58 +0000 2015,@SkinWade What do you think about @DeronWilliams coming to the #Mavs if Brooklyn buys him out or releases him?
Tue May 12 16:02:47 +0000 2015,http://t.co/7R8Q4b6nbw [Fansided: The Smoking Cuban] - Memorable Mavericks Moments of 20 #Mavs http://t.co/Pn7c9mvtwz
Tue May 12 15:57:18 +0000 2015,RT @IowaMavsAAU: 15U Gosnell 10:00 AM vs. Iowa Elite Cavil 12:10 PM vs. Tri State Steam #MAVS #AAUSTATE
Tue May 12 15:56:53 +0000 2015,15U Gosnell 10:00 AM vs. Iowa Elite Cavil 12:10 PM vs. Tri State Steam #MAVS #AAUSTATE
Tue May 12 15:56:27 +0000 2015,15U Villagrana 10:00 AM vs. Iowa Elite Mason 12:10 PM vs. Prairie Hawks #MAVS #AAUSTATE
Tue May 12 15:55:46 +0000 2015,16U Ash/Cleveland 11:05 AM vs. Attack 10th Moore 1:15 PM vs. @TryonGymHoops #MAVS #AAUSTATE
Tue May 12 15:55:03 +0000 2015,16U Kelly 1:15 PM vs. Attack 10th Henderson 3:25 PM vs. Tri-State Steam #MAVS #AAUSTATE
Tue May 12 15:54:30 +0000 2015,17U Lassen: 11:05 AM vs. Martin Brothers 4:30 PM vs. Iowa Battlers Phillips #MAVS #AAUSTATE
Tue May 12 15:53:55 +0000 2015,17U Huisman: 2:20 PM vs. @iadynasty Green 4:30 PM vs. Iowa Elite Mason #MAVS #AAUSTATE
Tue May 12 15:53:24 +0000 2015,17U Cleveland: 12:10 PM vs. IMPACTT 2:20 PM vs. Iowa Battlers Moore 7:45 PM vs. @iadynasty Black   #MAVS #AAUSTATE
Tue May 12 15:45:38 +0000 2015,#MAVS coordination of antiviral innate immunity http://t.co/jZw9KipeSz
Tue May 12 15:30:30 +0000 2015,#Mavs' Dirk Nowitzki Not Expected To Retire Anytime Soon http://t.co/GmFmmXV7V4
Tue May 12 15:21:34 +0000 2015,RT @Dallas__Nation: If the #Mavs can't get DeAndre Jordan then Keeping Tyson Chandler is A MUST #NBA #MFFL
Tue May 12 15:19:13 +0000 2015,At least @RobThomas @bobisbland &amp other #Spur fans have last year's championship 2 help ease the pain. All this #Mavs fan has is @CWiZombie
Tue May 12 15:16:51 +0000 2015,RT @Dallas__Nation: If the #Mavs can't get DeAndre Jordan then Keeping Tyson Chandler is A MUST #NBA #MFFL
Tue May 12 15:11:27 +0000 2015,What is your favorite SHOE Brand ???#MLB #NFL #NBA #Mavs #Rangers #Cowboys
Tue May 12 15:07:14 +0000 2015,#Mavs #dallasmavericks #mavericks Chandler Parsons expects to be Mavs' lead recruiter in free agency http://t.co/C9zCLPUaGq
Tue May 12 15:04:02 +0000 2015,If the #Mavs can't get DeAndre Jordan then Keeping Tyson Chandler is A MUST #NBA #MFFL
Tue May 12 14:59:07 +0000 2015,Dirk makes this German fan's day before a playoff game http://t.co/2KOuQDzWnc #Mavs #MFFL http://t.co/eeXNQYfQJN
Tue May 12 14:36:10 +0000 2015,#Mavs #dallasmavericks #mavericks 2015 Year in Review: Bernard James http://t.co/InREsNZXW8
Tue May 12 14:36:10 +0000 2015,#Mavs #dallasmavericks #mavericks Dirk makes this German fan's day before a playoff game http://t.co/l4r3ROkoN2
Tue May 12 14:36:09 +0000 2015,#Mavs #dallasmavericks #mavericks The Inadequate Villain: James Harden Is Ruining the Playoffs http://t.co/DHO7SVZR2b
Tue May 12 14:16:17 +0000 2015,http://t.co/7R8Q4b6nbw [SB Nation: Mavs Moneyball] - Reviewing Al-Farouq Aminu and his M #Mavs http://t.co/UcYO8Mxj1e
Tue May 12 13:55:13 +0000 2015,RT @RoteLaterneNBA: Reviewing Al-Farouq Aminu and his Mavericks transformation http://t.co/aRWfPjlu6l #Mavs #MFFL http://t.co/KpkO9NIqHb
Tue May 12 13:52:02 +0000 2015,http://t.co/2b0FFRiu83 Game Time: Teague Aggressive in Game 4  #Mavs http://t.co/na41OAvSHI
Tue May 12 13:51:07 +0000 2015,RT @RoteLaterneNBA: Reviewing Al-Farouq Aminu and his Mavericks transformation http://t.co/aRWfPjlu6l #Mavs #MFFL http://t.co/KpkO9NIqHb
Tue May 12 13:24:36 +0000 2015,Reviewing Al-Farouq Aminu and his Mavericks transformation http://t.co/aRWfPjlu6l #Mavs #MFFL http://t.co/KpkO9NIqHb
Tue May 12 13:09:41 +0000 2015,RT @MavsFansForLife: Our Twitter started March 7 2013: 9800+ followers.Our website started June 8 2014: 48000+ views.#Mavs #JustThe‚Ä¶
Tue May 12 13:07:20 +0000 2015,#Mavs #dallasmavericks #mavericks Reviewing Al-Farouq Aminu and his Mavericks transformation http://t.co/BrCvkSDsUb
Tue May 12 13:01:05 +0000 2015,Our Twitter started March 7 2013: 9800+ followers. Our website started June 8 2014: 48000+ views. #Mavs‚Ä¶ http://t.co/y2prz578h6
Tue May 12 12:53:55 +0000 2015,RT @MavsFansForLife: Our Twitter started March 7 2013: 9800+ followers.Our website started June 8 2014: 48000+ views.#Mavs #JustThe‚Ä¶
Tue May 12 12:44:56 +0000 2015,http://t.co/jaS6zrerJI Black Third Degree Dallas Mavericks #13 Steve Nash Youth/Boys Shi #Mavs http://t.co/YAP3ow9RlD
Tue May 12 12:24:32 +0000 2015,RT @MavsFansForLife: Our Twitter started March 7 2013: 9800+ followers.Our website started June 8 2014: 48000+ views.#Mavs #JustThe‚Ä¶
Tue May 12 12:24:18 +0000 2015,http://t.co/7R8Q4b6nbw [Fansided: Sir Charles In Charge] - NBA Rumors: Mavs‚Äô Dirk Nowitz #Mavs http://t.co/AIwIV8DnbO
Tue May 12 12:23:54 +0000 2015,RT @MavsFansForLife: Our Twitter started March 7 2013: 9800+ followers.Our website started June 8 2014: 48000+ views.#Mavs #JustThe‚Ä¶
Tue May 12 12:23:52 +0000 2015,RT @MavsFansForLife: Our Twitter started March 7 2013: 9800+ followers.Our website started June 8 2014: 48000+ views.#Mavs #JustThe‚Ä¶
Tue May 12 12:20:32 +0000 2015,Our Twitter started March 7 2013: 9800+ followers.Our website started June 8 2014: 48000+ views.#Mavs #JustTheBeginning
Tue May 12 09:15:55 +0000 2015,#aerial #drone at #MyanmarAVS #mavs #multicopter by nyanloneFly Me.http://t.co/MuP4jHib8J http://t.co/p7Qnq4kobS
Tue May 12 09:15:51 +0000 2015,Available at Yangon #phantom3 #phantom3pro #myanmar #MyanmarAVS #mavs #aerial #drone #phot‚Ä¶ http://t.co/3iWzTbmIa8 http://t.co/9mgwV5N8l8
Tue May 12 09:15:42 +0000 2015,RT @hispanosnba: #NBA Dirk Nowitzki piensa seguir jugando hasta que se extinga su contrato en 2017 http://t.co/eVjEGAkbt8 #Mavs
Tue May 12 08:59:42 +0000 2015,Mark Followill on Instagram: ‚ÄúAnyone remember the Dallas Mavericks Press magazine. Gotta love this #Mavs #ba http://t.co/PFjJF3FCKC
Tue May 12 08:54:11 +0000 2015,http://t.co/jaS6zrerJI Vtg Champion NBA Dallas Mavericks Kidd #5 Basketball Jersey Sz 44 #Mavs http://t.co/mxVPfv88J4
Tue May 12 08:43:20 +0000 2015,RT @hispanosnba: #NBA Dirk Nowitzki piensa seguir jugando hasta que se extinga su contrato en 2017 http://t.co/eVjEGAkbt8 #Mavs
Tue May 12 08:42:06 +0000 2015,http://t.co/EEkB0NdMH9: NBA 2k14: Dallas Mavericks vs... http://t.co/0oiJyLgBgi #cavaliers #cleveland #dallas #highlights #mavericks #mavs
Tue May 12 08:41:04 +0000 2015,#NBA Dirk Nowitzki piensa seguir jugando hasta que se extinga su contrato en 2017 http://t.co/eVjEGAkbt8 #Mavs
Tue May 12 06:55:39 +0000 2015,RT @Mavericks10news: After finding his niche Al-Farouq Aminu hopes to find home in Dallas| http://t.co/2La7Chxeul #Mavs
Tue May 12 06:52:50 +0000 2015,http://t.co/7R8Q4b6nbw [Mavs Outsider Report] - Post Mortem: Bernard James  #Mavs http://t.co/voHetpH1QP
Tue May 12 06:37:33 +0000 2015,Look the #Rockets are playing their worst. And it's embarrassing. But #Mavs fan it is still the same team that beat you in 5 so shhh...
Tue May 12 06:31:55 +0000 2015,http://t.co/2b0FFRiu83 May 11: Top 5  #Mavs http://t.co/cWDLClGVB9
Tue May 12 04:28:38 +0000 2015,http://t.co/2b0FFRiu83 Nightly Notable: Stephen Curry  #Mavs http://t.co/HMBlix0JTn
Tue May 12 03:56:53 +0000 2015,At http://t.co/8EYxFHkq0y -- Chandler Parsons! #Dallas #Mavs #Mavericks #DallasMavericks #25 #Texas #ChandlerPars‚Ä¶ http://t.co/m3r9G3Kzuv
Tue May 12 03:30:59 +0000 2015,RT @Adam_Abramson1: @HumbleTeej @dynamite8503 A series loss to the #Mavs would've been worse. I'm just hoping for a miracle now lol
Tue May 12 03:30:26 +0000 2015,@HumbleTeej @dynamite8503 A series loss to the #Mavs would've been worse. I'm just hoping for a miracle now lol
Tue May 12 03:20:24 +0000 2015,RT @Rasesh_Pandya: Proud to say that I have committed to play baseball at Wofford College! #Mavs #Terriors
Tue May 12 03:17:49 +0000 2015,RT @Rasesh_Pandya: Proud to say that I have committed to play baseball at Wofford College! #Mavs #Terriors
Tue May 12 03:12:22 +0000 2015,http://t.co/jaS6zrerJI New NBA Ladies Dallas Mavericks Finals M 8 T Shirt $30  #Mavs http://t.co/2NIluHVWgE
Tue May 12 02:43:39 +0000 2015,RT @jtuck151: @Tsu_Surf used #Wichita #Kansas and #Mavs in his 3rd that's an automatic win in my book lol 2-1 surf
