Wed May 13 01:08:17 +0000 2015,L L #Apparel #Souvenirs Men's #LeBron James #MiamiHeat Sleeveless V-neck #Jersey #Adidas Size XL #eBay #Auction http://t.co/Lsy4p3vIHJ
Wed May 13 01:08:16 +0000 2015,#Apparel #Souvenirs #MiamiHeat #Adidas #NBA Fitted Hat Size 8 Red White Black &amp Orange W/Hologram New http://t.co/znctKxn4BW #eBay #Auction
Wed May 13 01:03:37 +0000 2015,L #Autographs #onsale Pat Riley Autograph on #MiamiHeat Promotional #Photo #Autograph #Forsale http://t.co/M48aV5N2BV
Wed May 13 01:02:36 +0000 2015,#Cards #Card 2014-15 PRESTIGE PLUS PRESTIGIOUS PROS FOIL MARIO CHALMERS #MiamiHeat http://t.co/gDfJ155WXU #Bargain #Deal
Wed May 13 00:57:37 +0000 2015,L #Apparel #Souvenirs #MiamiHeat 16"x25" #NBA Finals Championship Rafter Banner #eBay #Auction http://t.co/crl3lkK0i0
Wed May 13 00:57:36 +0000 2015,#DwyaneWade #Deals 2007-08 TOPPS #3 DWYANE WADE 1957-58 VARIATION GRADED GMA 10 GEM MINT 0702 http://t.co/aaK8eAajhj #NBA #MiamiHeat
Wed May 13 00:57:35 +0000 2015,#DwyaneWade #NBA Dwyane Wade 14-15 Panini Select Blue Prizm Swatches Jersey 40/99 http://t.co/RtGV8QB9v8 #MiamiHeat #HEATwin
Wed May 13 00:53:26 +0000 2015,#NBA #MiamiHeat - Vintage Miami Heat Shirt XL Basketball Court Tee 90s dwyane wade lebr... http://t.co/CQETmEEOL5 http://t.co/lQmogZfBKD
Wed May 13 00:53:13 +0000 2015,L #Cards #Card ALONZO MOURNING 1995-96 SP Championship Champions of the Court #C14 #MiamiHeat #Bargain #Deal http://t.co/CEXshB1EVY
Wed May 13 00:51:36 +0000 2015,#Apparel #Souvenirs Vintage #MiamiHeat Shirt XL #Basketball Court Tee 90s dwyane wade #LeBron james http://t.co/7cjKigY2H0 #eBay #Auction
Wed May 13 00:48:36 +0000 2015,L L #DwyaneWade #Deals Dwyane Wade 2007-08 Bowman Dual Relics Jersey #BRDW (127/199) Miami Heat #NBA #MiamiHeat http://t.co/8uqSFxN1dU
Wed May 13 00:47:17 +0000 2015,L L #Cards #Card 2014-15 Panini Immaculate GORAN DRAGIC Base #39/99 - Phoenix Suns/#MiamiHeat #Bargain #Deal http://t.co/kh7pLl0A1V
Wed May 13 00:47:17 +0000 2015,#Cards #Card 2004-05 SP Authentic #43 Dwyane Wade #MiamiHeat http://t.co/FMsnzmwNbR #Bargain #Deal
Wed May 13 00:44:04 +0000 2015,L #DwyaneWade #Deals Miami Heat Dwyane Wade Auto # 6/50 2005-06 Topps Full Court Auto #NBA #MiamiHeat http://t.co/aFNcrsjgmU
Wed May 13 00:42:06 +0000 2015,#DwyaneWade #Deals Dwyane Wade 2004-05 Hoops Hit List Jersey #HLDW Miami Heat Game Used Worn http://t.co/lZF7UbRhe5 #NBA #MiamiHeat
Wed May 13 00:42:05 +0000 2015,#DwyaneWade #NBA Dwyane Wade 2010-11 Panini Gold Standard Nuggets Jersey #12 (62/199) Miami Heat http://t.co/c7LkFWZca6 #MiamiHeat #HEATwin
Wed May 13 00:40:06 +0000 2015,#Autographs #onsale Dwayne Wade #MiamiHeat Autographed #Basketball #Jersey http://t.co/1aG9bhItP7 #Autograph #Forsale
Wed May 13 00:39:56 +0000 2015,BREAKING: #LebronJames is wearing #MiamiHeat colors on his shoes. Could mean he's going back.
Wed May 13 00:38:51 +0000 2015,Watching #NBA And I'm Here Routing For The #Bullsüòä... My Team #MiamiHeat Is Out So I'm On Another Wagon Jumping #LolüòÑüòÉ #WhyNot...
Wed May 13 00:37:12 +0000 2015,L #Cards #Card 2004 - 05 SPX BASKETBALL #13 #LeBron JAMES #MiamiHeat FORWARD NBA TRADING CARD #Bargain #Deal http://t.co/SoMTpfMyER
Wed May 13 00:35:35 +0000 2015,#Apparel #Souvenirs Dwyane Wade #MiamiHeat #3 #Jersey #Adidas Youth Boys Large 14/16 Black http://t.co/0UzTSdNjir #eBay #Auction
Wed May 13 00:32:34 +0000 2015,L #DwyaneWade #Deals 2014-15 Immaculate STANDARD Dwyane Wade Jumbo Jersey 3/75 Heat #NBA #MiamiHeat http://t.co/cUpcw0psxr
Wed May 13 00:30:41 +0000 2015,#Cards #Card JAMES ENNIS 2014-15 COURT KINGS ROOKIE AUTO #Autograph #MiamiHeat http://t.co/XYRHbrsHz7 #Bargain #Deal
Wed May 13 00:26:13 +0000 2015,#DwyaneWade #Deals 2007-08 Ultimate LeBron James Kobe Bryant Dwyane Wade Kevin Garnett Quad Jersey http://t.co/gtu0cu7tf4 #NBA #MiamiHeat
Wed May 13 00:26:12 +0000 2015,#DwyaneWade #NBA Dwyane Wade 03-04 2003-2004 Topps RC + FREE 04-05 Fleer Showcase (In HEAT‚Ä¶ http://t.co/FvamCaHqFr #MiamiHeat #HEATwin
Wed May 13 00:26:08 +0000 2015,L #Apparel #Souvenirs Men's #LeBron James #MiamiHeat Sleeveless V-neck #Jersey #Adidas Size XL #eBay #Auction http://t.co/WtsFqimiUX
Wed May 13 00:24:36 +0000 2015,#Autographs #onsale Pat Riley Autograph on #MiamiHeat Promotional #Photo http://t.co/Fvt5PJkTg0 #Autograph #Forsale
Wed May 13 00:24:36 +0000 2015,#Sporting #Goods Vtg #MiamiHeat JERSEY REEBOK NBA AUTHENTICS SHAQUILLE O'NEAL MENS XL +2 SEWN ON http://t.co/lDuakZCpBr #Mall #TopSeller
Wed May 13 00:21:09 +0000 2015,L L L #DwyaneWade #NBA 2013-14 Titanium Dwyane Wade 'Elements' jersey card Miami Heat #MiamiHeat #HEATwin http://t.co/WfRV5uc9Of
Wed May 13 00:20:07 +0000 2015,#Apparel #Souvenirs #MiamiHeat 16"x25" #NBA Finals Championship Rafter Banner http://t.co/iYh6HWGOMD #eBay #Auction
Wed May 13 00:18:08 +0000 2015,RT @DyMiRuntheWorld: The #MiamiHeat right now http://t.co/KYFFXknUFO #MakeItReignForever #Strut #BBITF http://t.co/XD5m7KqjVA
Wed May 13 00:14:36 +0000 2015,#Cards #Card ALONZO MOURNING 1995-96 SP Championship Champions of the Court #C14 #MiamiHeat http://t.co/yMsi754vmb #Bargain #Deal
Wed May 13 00:11:09 +0000 2015,I haven't seen Bosh in a minute. My dawg coming back strong. #HeatNation #MiamiHeat
Wed May 13 00:10:07 +0000 2015,#DwyaneWade #Deals 2014-15 Panini Donruss Heat 7 Card Lot James Ennis Mario Chalmers Dwyane Wade http://t.co/AphMouLNIV #NBA #MiamiHeat
Wed May 13 00:10:06 +0000 2015,#DwyaneWade #NBA 2014-15 Panini Donruss Heat 7 Card Lot James Ennis Mario Chalmers Dwyane Wade http://t.co/GAHlngJ6Ba #MiamiHeat #HEATwin
Wed May 13 00:08:03 +0000 2015,http://t.co/3K1XyjOa7r MIAMI HEAT NBA AUTHENTIC NEW ERA 59FIFTY 5950 INSIDE GAME FITTED #MiamiHeat  http://t.co/JXUXS6eETR
Wed May 13 00:05:47 +0000 2015,L #Cards #Card 2014-15 Panini Immaculate GORAN DRAGIC Base #39/99 - Phoenix Suns/#MiamiHeat #Bargain #Deal http://t.co/1SPyx8cTG4
Wed May 13 00:04:08 +0000 2015,#Apparel #Souvenirs #MiamiHeat #Adidas #NBA LICENSED TEAM COLOR BLACK/RED TACTEL FLEX FIT HAT CAP‚Ä¶ http://t.co/lMsKIUBWhk #eBay #Auction
Wed May 13 00:00:37 +0000 2015,L L #Sport #Clothing #NBA #MiamiHeat Short Sleeve #Adidas Tee | Grey | Save Over 50% OFF #onsale #Discount http://t.co/4naqz9qt0I
Wed May 13 00:00:36 +0000 2015,L #DwyaneWade #Deals Dwyane Wade 2007-08 Bowman Dual Relics Jersey #BRDW (127/199) Miami Heat #NBA #MiamiHeat http://t.co/72jYo4EFQE
Tue May 12 23:58:08 +0000 2015,#Cards #Card 2004 - 05 SPX BASKETBALL #13 #LeBron JAMES #MiamiHeat FORWARD NBA TRADING CARD http://t.co/Fuy27RUOL8 #Bargain #Deal
Tue May 12 23:57:51 +0000 2015,http://t.co/TdJQjsB3gj [Sun-Sentinel] - Chris Bosh tells national audience 'I will be r #MiamiHeat  http://t.co/EHUYu29eqM
Tue May 12 23:54:37 +0000 2015,#DwyaneWade #Deals Miami Heat Dwyane Wade Auto # 6/50 2005-06 Topps Full Court Auto http://t.co/tZPP0S0cW5 #NBA #MiamiHeat
Tue May 12 23:54:37 +0000 2015,#DwyaneWade #NBA DWYANE WADE 2005-06 UD HARDCOURT #43 HEAT $2 MAX SHIP http://t.co/K0QBT60bnD #MiamiHeat #HEATwin
Tue May 12 23:53:17 +0000 2015,#MiamiHeat #NBA http://t.co/jq0lypL4ZT It's a #basketball thing! #follow
Tue May 12 23:53:06 +0000 2015,#Autographs #onsale #MiamiHeat Cheerleaders 4x6 #Photo http://t.co/TATDP9e9p9 #Autograph #Forsale
Tue May 12 23:51:28 +0000 2015,#NBA #MiamiHeat - Dwyane Wade Miami Heat #3 Jersey adidas Youth Boys Large 14/16 Black:... http://t.co/sjX5MgWczj http://t.co/lQmogZfBKD
Tue May 12 23:51:28 +0000 2015,#NBA #MiamiHeat - LeBron James Miami Heat Kids Jersey Red Size XL Adidas Very Clean!!: ... http://t.co/uoajS3Ig9b http://t.co/lQmogZfBKD
Tue May 12 23:51:28 +0000 2015,#NBA #MiamiHeat - Miami Heat Adidas NBA Fitted Hat Size 8 Red White Black &amp Orange W/Ho... http://t.co/hpucvSXQwZ http://t.co/lQmogZfBKD
Tue May 12 23:51:27 +0000 2015,#NBA #MiamiHeat - MIAMI HEAT ADIDAS NBA LICENSED TEAM COLOR BLACK/RED TACTEL FLEX FIT H... http://t.co/syvGCSyE0r http://t.co/lQmogZfBKD
Tue May 12 23:51:27 +0000 2015,#NBA #MiamiHeat - Men's LeBron James Miami Heat Sleeveless V-neck Jersey Adidas Size XL... http://t.co/kVEsVawrGz http://t.co/lQmogZfBKD
Tue May 12 23:48:36 +0000 2015,#Apparel #Souvenirs Men's #LeBron James #MiamiHeat Sleeveless V-neck #Jersey #Adidas Size XL http://t.co/qnD2euzFgJ #eBay #Auction
Tue May 12 23:42:42 +0000 2015,#Cards #Card Basketball Cards - 1990-1991 #MiamiHeat http://t.co/194zDW1DP2 #Bargain #Deal
Tue May 12 23:39:08 +0000 2015,#DwyaneWade #Deals 2014-15 Immaculate STANDARD Dwyane Wade Jumbo Jersey 3/75 Heat http://t.co/vSQ2BHtzOW #NBA #MiamiHeat
Tue May 12 23:39:07 +0000 2015,#DwyaneWade #NBA Dwyane Wade 2014-15 Prizm Refractor Representatives Gold SSP 01/10 Ebay 1/1 http://t.co/zLqGz7ZTUa #MiamiHeat #HEATwin
Tue May 12 23:38:12 +0000 2015,#Autographs #onsale CHRIS BOSH #MiamiHeat SIGNED AUTOGRAPHED 11X14 #Photo W/COA http://t.co/xGwCJunqmi #Autograph #Forsale
Tue May 12 23:33:06 +0000 2015,L #Cards #Card 97-97 SKYBOX #AutographICS P.J. BROWN AUTO #MiamiHeat #Bargain #Deal http://t.co/Zom2pUcm9B
Tue May 12 23:33:06 +0000 2015,#Apparel #Souvenirs BOYS #MiamiHeat POWER BALANCE BRACELETT http://t.co/VHWAjSQulx #eBay #Auction
Tue May 12 23:32:26 +0000 2015,Amo esta gorra de #MiamiHeat ‚ô° https://t.co/vxBpoPFk23
Tue May 12 23:31:28 +0000 2015,#Happybirthday #JasonJackson ‚ò∫üëèüç≠üçßüéµüëçüôèüç∏‚ù§üç∑üéÇüç¶üéÅüéäüéâüç¥üé§üíØüî•‚ô®#MiamiHeatüî•‚ô® http://t.co/yS9rejfIPG
Tue May 12 23:29:17 +0000 2015,RT @Nancibunni: All white for the Miami Heat tonight! üèÄüèÄüèÄ #whitehot #miami #miamiheat #basketball http://t.co/jntLytcnD5
Tue May 12 23:29:11 +0000 2015,@KingJames you don't win championship in stupid Cleveland Cavaliers smh #MiamiHeat
Tue May 12 23:27:11 +0000 2015,#Cards #Card 2014-15 Panini Immaculate GORAN DRAGIC Base #39/99 - Phoenix Suns/#MiamiHeat http://t.co/8JDhJgTJV7 #Bargain #Deal
Tue May 12 23:23:17 +0000 2015,L #Sport #Clothing #NBA #MiamiHeat Short Sleeve #Adidas Tee | Grey | Save Over 50% OFF #onsale #Discount http://t.co/lysx32zHTX
Tue May 12 23:23:13 +0000 2015,L L #DwyaneWade #NBA 2013-14 Titanium Dwyane Wade 'Elements' jersey card Miami Heat #MiamiHeat #HEATwin http://t.co/domBQcxXlp
Tue May 12 23:23:12 +0000 2015,#DwyaneWade #Deals DWYANE WADE 2003 TOPPS CHROME BLACK REFRACTOR ROOKIE /500 BGS 9 SUBS (9.5 9 9 9) http://t.co/xBVoqe2eYz #NBA #MiamiHeat
Tue May 12 23:23:12 +0000 2015,#DwyaneWade #NBA DWYANE WADE 2003 TOPPS CHROME BLACK REFRACTOR ROOKIE /500 BGS 9 SUBS (9.5 9 9‚Ä¶ http://t.co/iDykUcMOhp #MiamiHeat #HEATwin
Tue May 12 23:22:08 +0000 2015,#Autographs #onsale #MiamiHeat Cheerleaders 4x6 #Photo http://t.co/T27p4OjhAz #Autograph #Forsale
Tue May 12 23:19:08 +0000 2015,üí™üí™ #NewEra #MiamiHeat #Miami #Heat #Me #Feo @ La Plata https://t.co/yphrGRdoPz
Tue May 12 23:17:09 +0000 2015,#Apparel #Souvenirs EUC - KIDS #Adidas Dwayne Wade #MiamiHeat #Basketball #Jersey - Large (L) http://t.co/2OkpTAWn49 #eBay #Auction
Tue May 12 23:12:35 +0000 2015,#NBA #MiamiHeat - EUC - KIDS adidas Dwayne Wade Miami Heat Basketball Jersey - Large (L... http://t.co/CZMJ33FvjM http://t.co/lQmogZfBKD
Tue May 12 23:12:35 +0000 2015,#NBA #MiamiHeat - BOYS MIAMI HEAT POWER BALANCE BRACELETT:  $5.00End Date: Thursday Jun... http://t.co/pLi6gHxtnA http://t.co/lQmogZfBKD
Tue May 12 23:12:35 +0000 2015,#NBA #MiamiHeat - EUC - KIDS adidas Dwayne Wade Miami Heat Basketball Jersey - Large (L... http://t.co/gcm7cPOour http://t.co/k33Sm3HFUt
Tue May 12 23:12:35 +0000 2015,#NBA #MiamiHeat - Miami Heat T-Shirt Lot - Size Large [14/16]:  $18.00End Date: Friday ... http://t.co/7XkXUpHVUW http://t.co/lQmogZfBKD
Tue May 12 23:12:35 +0000 2015,#NBA #MiamiHeat - BOYS MIAMI HEAT POWER BALANCE BRACELETT:  $5.00End Date: Thursday Jun... http://t.co/lfkcPt9xCs http://t.co/k33Sm3HFUt
Tue May 12 23:12:35 +0000 2015,#NBA #MiamiHeat - Miami Heat T-Shirt Lot - Size Large [14/16]:  $18.00End Date: Friday ... http://t.co/LIM5vHcwcK http://t.co/k33Sm3HFUt
Tue May 12 23:12:34 +0000 2015,#NBA #MiamiHeat - New Era Miami Heat Beanie With Pom:  $9.99End Date: Thursday Jun-11-2... http://t.co/HSU0UcrsnI http://t.co/k33Sm3HFUt
Tue May 12 23:11:09 +0000 2015,#Cards #Card #LeBron James 2008-09 Fleer Hot Prospects Supreme Court Insert Card #MiamiHeat http://t.co/tR49oQUUAS #Bargain #Deal
Tue May 12 23:08:08 +0000 2015,#DwyaneWade #Deals Dwyane Wade 2007-08 Bowman Dual Relics Jersey #BRDW (127/199) Miami Heat http://t.co/ELeOImcX0x #NBA #MiamiHeat
Tue May 12 23:08:08 +0000 2015,#DwyaneWade #NBA Dwyane Wade 2013-14 Panini Prizm Guard Duty http://t.co/87Hl0dTQG0 #MiamiHeat #HEATwin
Tue May 12 23:06:05 +0000 2015,#Autographs #onsale Dwyane Wade #MiamiHeat Autographed Green Shoes with White Logo and Green‚Ä¶ http://t.co/WB4STV1gLB #Autograph #Forsale
Tue May 12 23:01:08 +0000 2015,#Apparel #Souvenirs Mens #Adidas #MiamiHeat #Basketball shorts red L http://t.co/ZOhXmV45TS #eBay #Auction
Tue May 12 22:54:36 +0000 2015,#Cards #Card 97-97 SKYBOX #AutographICS P.J. BROWN AUTO #MiamiHeat http://t.co/doUdFpClXS #Bargain #Deal
Tue May 12 22:52:59 +0000 2015,#SportsNews Dancer Rookie Blog: The Fitness Behind the Dance Moves: by Brittany http://t.co/Nvq5GtsJPx #MiamiHeat
Tue May 12 22:52:08 +0000 2015,#DwyaneWade #Deals Dwyane Wade 2013-14 Panini Prizm Guard Duty http://t.co/mWRreq1ID8 #NBA #MiamiHeat
Tue May 12 22:52:07 +0000 2015,#DwyaneWade #NBA 2003 Topps Pristine Dwyane Wade RC Rookie PSA 10 Gem Mint http://t.co/KWXZePudXN #MiamiHeat #HEATwin
Tue May 12 22:52:06 +0000 2015,L #Apparel #Souvenirs DWAYNE WADE #MiamiHeat SIZE M (10-12) #Adidas #Jersey #eBay #Auction http://t.co/wet4u6kGFe
Tue May 12 22:50:34 +0000 2015,#Autographs #onsale CHRIS BOSH #MiamiHeat AUTOGRAPHED SIGNED 11X14 #Photo W/COA http://t.co/YopwTdr0D8 #Autograph #Forsale
Tue May 12 22:49:43 +0000 2015,Re-Signing Goran Dragic Would Set Table for Miami Heat to Rise Again Next Season - http://t.co/dx7AqTVxGB #MiamiHEAT
Tue May 12 22:47:10 +0000 2015,#Sport #Clothing #NBA #MiamiHeat Short Sleeve #Adidas Tee | Grey | Save Over 50% OFF http://t.co/8zxB9naXs0 #onsale #Discount
Tue May 12 22:45:37 +0000 2015,#Apparel #Souvenirs #MiamiHeat Metal Chrome License Plate Frame Auto Truck Car #NBA http://t.co/oqD0Atw28w #eBay #Auction
Tue May 12 22:45:36 +0000 2015,@hothothoops Top of #miamiheat today! Organize your emails: quickly and easily! Try Unroll.Me http://t.co/b5L804JFEE
Tue May 12 22:44:26 +0000 2015,RT @hothothoops: Heat Links: Could the #MiamiHeat make a run at DeMarre Carroll: http://t.co/0o9PCG7Vb2 http://t.co/eNL5RW2qbk
Tue May 12 22:40:52 +0000 2015,#NBA #MiamiHeat - New Era Miami Heat Beanie With Pom:  $9.99End Date: Thursday Jun-11-2... http://t.co/LPiGdmxSOF http://t.co/lQmogZfBKD
Tue May 12 22:38:36 +0000 2015,#Cards #Card 2014-15 Upper Deck SPx '96 Insert ALONZO MOURNING #MiamiHeat Hornets Hoyas http://t.co/7VL2tpSPWJ #Bargain #Deal
Tue May 12 22:37:36 +0000 2015,#d1lockermedia #nba #nbapost #basketball #ballislife #teamheat #espn #udhaslem #haslem #miamiheat #southbeach #miam‚Ä¶ http://t.co/tvJerXDvgU
Tue May 12 22:35:34 +0000 2015,#DwyaneWade #Deals 7 LOT 2008 TOPPS 50 DWYANE WADE CARMELO ANTHONY TIM DUNCAN D NOWITZKI STOUDEMIRE http://t.co/MRl9KwdmxD #NBA #MiamiHeat
Tue May 12 22:35:34 +0000 2015,#DwyaneWade #NBA Miami Heat Dwyane Wade Auto # 6/50 2005-06 Topps Full Court Auto http://t.co/W1fZrrsLkt #MiamiHeat #HEATwin
Tue May 12 22:35:05 +0000 2015,L #DwyaneWade #NBA 2013-14 Titanium Dwyane Wade 'Elements' jersey card Miami Heat #MiamiHeat #HEATwin http://t.co/3cUPq0yzmQ
Tue May 12 22:34:08 +0000 2015,#Autographs #onsale CHRIS BOSH Hand signed / Auto #MiamiHeat #Jersey with PSA Cert COA http://t.co/d9Ui4xl7zh #Autograph #Forsale
