Wed May 13 01:07:45 +0000 2015,Again pathetic as #Nets are they rallied from 2-3 to win a road G7: that heartless bunch! Stop burying the Bulls in a 2-2 SERIES!
Wed May 13 01:01:10 +0000 2015,http://t.co/j5NQre0uRX NWT Brooklyn Nets Fitted Hat Cap One Size 47 Brand Classic Black  #Nets http://t.co/CE1hjUl3sm
Wed May 13 00:41:44 +0000 2015,RT @BrooklynNets: #Nets Medical Update on Alan Anderson: http://t.co/2x3W0czh1V http://t.co/fFl3eJ1Mcf
Wed May 13 00:31:18 +0000 2015,http://t.co/j5NQre0uRX RARE BROOKLYN NETS VINYL TEAM DUCK FULL SIZE RUBBER DUCKIE NY NEW #Nets http://t.co/kFPBHn0GQm
Wed May 13 00:27:56 +0000 2015,This guy got caught in an abandoned fishing net so we did our best to help free him!! #turtle #nets‚Ä¶ https://t.co/xKOQlIkBQv
Wed May 13 00:18:49 +0000 2015,RT @BrooklynNets: #Nets Medical Update on Alan Anderson: http://t.co/2x3W0czh1V http://t.co/fFl3eJ1Mcf
Wed May 13 00:17:06 +0000 2015,#ESPN #Nets Anderson has successful arthroscopic ankle surgery http://t.co/RwCOOqhJsZ http://t.co/TtvLu4QN1X
Wed May 13 00:10:35 +0000 2015,#nets #brooklyn NBA Free-Agency Rumors: Jeremy Lin to Brooklyn Nets Isn't Far-Fetched Scenario: Th... http://t.co/7c3m1IK4JQ #LetsGoNets
Wed May 13 00:04:47 +0000 2015,RT @TheBKGame: If the #Nets don't trade they either pay Deron $43 mil to not play or they pay $43 mil in lux tax for a 38-44 team: http:/‚Ä¶
Wed May 13 00:04:28 +0000 2015,RT @hispanosnba: #Nets Alan Anderson operado del tobillo izquierdo http://t.co/gZ6NonZPfu  #nba
Wed May 13 00:03:01 +0000 2015,#Nets Alan Anderson operado del tobillo izquierdo http://t.co/gZ6NonZPfu  #nba
Wed May 13 00:02:04 +0000 2015,Nets GM :Brook Lopez wanted back other Big 3 are trade chips| http://t.co/4p2jeErtLk #Nets #NBA
Tue May 12 23:57:30 +0000 2015,#NBA #Nets - NWT  Brooklyn Nets Joe Johnson #7 Men's Swingman Adidas Jersey White Size ... http://t.co/1YjvRr4WAE http://t.co/k33Sm3HFUt
Tue May 12 23:57:30 +0000 2015,#NBA #Nets - New Brooklyn Nets Hat Cap Mitchell &amp Ness:  $26.99End Date: Tuesday May-19... http://t.co/H5Xx7iTfyL http://t.co/k33Sm3HFUt
Tue May 12 23:57:30 +0000 2015,#NBA #Nets - BROOKLYN NETS LONGSLEEVE SHIRT ADULT MMM MADE BY ADIDAS CLIMALITE:  $9.00E... http://t.co/EEqxFnWVAV http://t.co/k33Sm3HFUt
Tue May 12 23:57:29 +0000 2015,#NBA #Nets - adidas NBA JET  Brooklyn Nets Truth Swingman Jersey Black NWT Large $110: ... http://t.co/mVFK4DEZah http://t.co/k33Sm3HFUt
Tue May 12 23:57:29 +0000 2015,#NBA #Nets - Brooklyn Nets Adidas NBA Stitched Logo Structured FlexFit Hat Cap L/XL:  $... http://t.co/ty1dDpxql1 http://t.co/k33Sm3HFUt
Tue May 12 23:39:28 +0000 2015,http://t.co/j5NQre0uRX [CBS Sports] - Bulls' Gasol out for Game 5 with bad hamstring  #Nets http://t.co/fqfzKsGCYi
Tue May 12 23:35:18 +0000 2015,Bugle Got Game :Nets Media Day Part 2 [Video] http://t.co/DOmPljxlrM #Nets #NBA
Tue May 12 23:33:20 +0000 2015,http://t.co/j5NQre0uRX [http://t.co/sf0HSeYH2N] - NBA playoffs 2015: Chicago Bulls vs. Cleveland Cavalie #Nets http://t.co/BCy9SKKDKz
Tue May 12 23:30:05 +0000 2015,RT @AndyVsTheWorId: #Knicks #winning #knickstape #ny #knick #nets http://t.co/pMkc37ao
Tue May 12 23:29:47 +0000 2015,RT @AndyVsTheWorId: #Knicks #winning #knickstape #ny #knick #nets http://t.co/pMkc37ao
Tue May 12 23:27:02 +0000 2015,Best Potential Free-Agent Landing Spots for Brook Lopez During 2015 Offseason| http://t.co/onAjAnqeyX #Nets #NBA
Tue May 12 23:14:23 +0000 2015,not saying any1 wants to lose G5 tied 2-2 but stop acting like that automatically ends series. #NETS rallied from that last yr of all teams!
Tue May 12 23:10:56 +0000 2015,RT @FredKatz: Nets announce Alan Anderson has undergone successful ankle surgery. http://t.co/aVmlUarnTa #Nets
Tue May 12 23:10:20 +0000 2015,The problem is always going to be finding a taker for overpaid contracts this summer.#Nets
Tue May 12 23:10:17 +0000 2015,Bugle Got Game :Junkersfeld On The #Nets First Pre-Season Game Of 2013 [Video] http://t.co/luOkVepCPs #Nets #NBA
Tue May 12 23:09:34 +0000 2015,RT @BrooklynNets RT @SKgetbuckets: Life is beautiful!!! #vacation #PuertoRico #summer #chillin http://t.co/vlK6hJuQIv #nets
Tue May 12 23:04:02 +0000 2015,#nets #brooklyn Anderson has successful arthroscopic ankle surgery: Brooklyn Nets swingman Alan An... http://t.co/qZKTfDZQmk #LetsGoNets
Tue May 12 23:00:29 +0000 2015,Nets announce Alan Anderson has undergone successful ankle surgery. http://t.co/aVmlUarnTa #Nets
Tue May 12 22:59:47 +0000 2015,RT @TheBKGame: For the 5th straight year the #Nets will host the NBA Draft. It'll be held at Barclays Center on June 25th at 7PM: http://t‚Ä¶
Tue May 12 22:53:41 +0000 2015,RT @bsmart4life: üòçüòçüòç #NETS üòè https://t.co/VPXRkBN6EX
Tue May 12 22:52:18 +0000 2015,üòçüòçüòç #NETS üòè https://t.co/VPXRkBN6EX
Tue May 12 22:52:00 +0000 2015,Hollins Says He√¢¬Ä¬ôd Rather Be Playing Game 6 in Barclays Center Than Anywhere Else| http://t.co/DvOoMdZDSI #Nets #NBA
Tue May 12 22:49:31 +0000 2015,Joe Johnson for Tyreke Evans and Eric Gordon works under the cap. Also saves New Orleans an extra year on Tyreke's salary. #Nets
Tue May 12 22:49:07 +0000 2015,#NBA #Nets - Brooklyn Nets Adidas NBA Grey/Black Structured Snapback Hat Cap OSFA:  $9.... http://t.co/e5ifyIuxYy http://t.co/k33Sm3HFUt
Tue May 12 22:49:07 +0000 2015,#NBA #Nets - Brooklyn Nets Adidas NBA Black Rounded Top Bucket Hat Cap S/M:  $9.99 (0 B... http://t.co/WVjLpYSTG1 http://t.co/k33Sm3HFUt
Tue May 12 22:49:07 +0000 2015,#NBA #Nets - adidas Brooklyn Nets Represent Shirt NBA T-Shirt Jersey Tee Mens Size S M... http://t.co/nGtZj2ExMt http://t.co/k33Sm3HFUt
Tue May 12 22:45:54 +0000 2015,@BrooklynNets Congrats top of #nets! Unroll.Me can simplify your email's inbox. http://t.co/G5hZEfzqF4
Tue May 12 22:45:17 +0000 2015,Bugle Got Game :Kidd‚Äôs Jersey Retired Nets Dominate Heat [Video] http://t.co/uMwiGBhQzy #Nets #NBA
Tue May 12 22:41:25 +0000 2015,RT @WeMustBeNets: Fellow #Nets fans check out my newest post: What To Expect When You're Not Expecting Much http://t.co/8bnWMMn3qO #BKNets‚Ä¶
Tue May 12 22:38:38 +0000 2015,#Nets Tweets: Life is beautiful!!! #vacation #PuertoRico #summer #chillin‚Ä¶ #NBA http://t.co/yiE6n7siMN http://t.co/Ma0mDNiUCC
Tue May 12 22:38:31 +0000 2015,Why playoffs are ‚Äòno big deal‚Äô for #Nets‚Äô #Bogd ... #BogdanovicATLANTA #BojanBogdanovic #CroatianNationalTeam http://t.co/eUv8oUVXle
Tue May 12 22:28:10 +0000 2015,RT @NetsDaily: Deadspin reports union will audit 5 NBA teams and predicts #Nets (and Knicks) will among the 5.  http://t.co/gs7hot39n3
Tue May 12 22:23:58 +0000 2015,#Nets: Brooklyn Heroes - Dorian Germany
Tue May 12 22:20:16 +0000 2015,Tepid Start and Hawks Are Too Much for the Nets http://t.co/y8ZMEcd2lV #Nets #NBA
Tue May 12 22:17:35 +0000 2015,RT @NetsDaily: Deadspin reports union will audit 5 NBA teams and predicts #Nets (and Knicks) will among the 5.  http://t.co/gs7hot39n3
Tue May 12 22:16:45 +0000 2015,RT @NetsDaily: Deadspin reports union will audit 5 NBA teams and predicts #Nets (and Knicks) will among the 5.  http://t.co/gs7hot39n3
Tue May 12 22:14:11 +0000 2015,RT @NetsDaily: Deadspin reports union will audit 5 NBA teams and predicts #Nets (and Knicks) will among the 5.  http://t.co/gs7hot39n3
Tue May 12 22:12:53 +0000 2015,Deadspin reports union will audit 5 NBA teams and predicts #Nets (and Knicks) will among the 5.  http://t.co/gs7hot39n3
Tue May 12 22:07:00 +0000 2015,http://t.co/j5NQre0uRX MITCHELL &amp NESS BROOKLYN NETS POM BEANIE nba jay z ny supreme har #Nets http://t.co/dq0U6oumcT
Tue May 12 21:58:47 +0000 2015,http://t.co/G8m8wClR5s NBA draft to be held at Barclays Center on June 25 (The Assoc #NBA #NETS http://t.co/tUGn9ehAXB
Tue May 12 21:57:20 +0000 2015,The tweets from LA fans rooting for the Lakers &amp Clippers makes me think if Knicks fans would root for the #Nets if they were in the finals?
Tue May 12 21:55:15 +0000 2015,Hawks Eliminate Nets in Game 6 http://t.co/bXWEoLubZX #Nets #NBA
Tue May 12 21:50:08 +0000 2015,http://t.co/j5NQre0uRX ALAN ANDERSON MEDICAL UPDATE  #Nets http://t.co/bVuTX2a07m
Tue May 12 21:50:08 +0000 2015,RT @TheBKGame: New: Report: Don‚Äôt expect Deron Williams buyout http://t.co/pH3Qw0DghP #Nets
Tue May 12 21:42:09 +0000 2015,#Nets Tweets: Congrats to @B_VillJC on graduating! One of our‚Ä¶ http://t.co/zTdDtmeR1j #NBA http://t.co/yiE6n7siMN http://t.co/3NCFlbHl8s
Tue May 12 21:40:17 +0000 2015,RT @TheBKGame: For the 5th straight year the #Nets will host the NBA Draft. It'll be held at Barclays Center on June 25th at 7PM: http://t‚Ä¶
Tue May 12 21:39:03 +0000 2015,#Nets: Check out our favorite moments from our 2014 - 2015 season! http://t.co/j06p2vBLv6
Tue May 12 21:38:43 +0000 2015,#nets has
Tue May 12 21:36:16 +0000 2015,#BrooklynNets #Nets #Brooklyn Anderson has successful arthroscopic ankle surgery http://t.co/91TvJXbN28
Tue May 12 21:34:41 +0000 2015,PITTSBURGH NETS 2-DAY SKILLS CLINIC!!DM for more info!Email pittsburghnets@gmail.comCome Get Better!#NETS üèÄ http://t.co/xteXtZ5Dqu
Tue May 12 21:30:14 +0000 2015,Keeping Brook Lopez Is Priority for Nets http://t.co/nJNdBVEFN4 #Nets #NBA
Tue May 12 21:24:20 +0000 2015,RT @_140sports: Brooklyn #Nets might explore trading Joe Johnson in offseason - @NBA http://t.co/JOR9BzAQyA http://t.co/4nt85NicZM
Tue May 12 21:20:53 +0000 2015,RT @TheBKGame: New: Alan Anderson has successful surgery http://t.co/N8eMU8qECN #Nets
Tue May 12 21:20:23 +0000 2015,#Nets Medical Update on Alan Anderson: http://t.co/RupjGGvpd2 http://t.co/hQI6SGTxNu http://t.co/KtQjH29B5M
Tue May 12 21:19:50 +0000 2015,RT @InsideHoops: Alan Anderson had ankle surgery today: http://t.co/XRaWozOyjO #Nets
Tue May 12 21:12:26 +0000 2015,S/o to @AlexFultz24 and @joe_giac37 for getting better running sprints on the football field #puttinginwork #Nets
Tue May 12 21:11:28 +0000 2015,RT @InsideHoops: Alan Anderson had ankle surgery today: http://t.co/XRaWozOyjO #Nets
Tue May 12 21:09:13 +0000 2015,Brooklyn #Nets might explore trading Joe Johnson in offseason - @NBA http://t.co/JOR9BzAQyA http://t.co/4nt85NicZM
Tue May 12 21:08:08 +0000 2015,#BrooklynNets #Nets #netsnation 2014-2015 Brooklyn Nets Player Review: End of the Bench http://t.co/kVu9EIbLC7
Tue May 12 21:07:36 +0000 2015,RT @NBA_Sneakers: #nets #brooklyn Members fo the largest graduating class in NJCU history receive their diplomas: Br... http://t.co/NPZr8KM‚Ä¶
Tue May 12 21:05:14 +0000 2015,Nets GM :Brook Lopez wanted back other Big 3 are trade chips http://t.co/99DVDBFO1R #Nets #NBA
Tue May 12 21:02:34 +0000 2015,Chad Ford slams Billy King says #Nets should draft new GM http://t.co/mQw9rtxwjp http://t.co/ktQ87jRiWV http://t.co/2XyW4F7Nzm
Tue May 12 20:59:32 +0000 2015,RT @InsideHoops: Alan Anderson had ankle surgery today: http://t.co/XRaWozOyjO #Nets
Tue May 12 20:58:45 +0000 2015,RT @InsideHoops: Alan Anderson had ankle surgery today: http://t.co/XRaWozOyjO #Nets
Tue May 12 20:54:47 +0000 2015,#Nets‚Äô #Anderson gets ankle #surgery 2 ready 4 3 agency #Anderson #manager #Nets #surgery http://t.co/1obRzCwwIK...
Tue May 12 20:54:04 +0000 2015,@InsideHoops Anderson ankle injury.  Karma strikes agains.  Anderson swiped Amir Johhsnon's ankle &amp then sat on him in 2014 playoffs #Nets
Tue May 12 20:53:49 +0000 2015,RT @InsideHoops: Alan Anderson had ankle surgery today: http://t.co/XRaWozOyjO #Nets
Tue May 12 20:53:13 +0000 2015,RT @InsideHoops: Alan Anderson had ankle surgery today: http://t.co/XRaWozOyjO #Nets
Tue May 12 20:52:53 +0000 2015,Alan Anderson had ankle surgery today: http://t.co/XRaWozOyjO #Nets
Tue May 12 20:52:29 +0000 2015,#nets #brooklyn Members fo the largest graduating class in NJCU history receive their diplomas: Br... http://t.co/NPZr8KMuqH #LetsGoNets
Tue May 12 20:51:41 +0000 2015,RT @BrooklynNets: #Nets Medical Update on Alan Anderson: http://t.co/2x3W0czh1V http://t.co/fFl3eJ1Mcf
Tue May 12 20:50:33 +0000 2015,RT @BrooklynNets: #Nets Medical Update on Alan Anderson: http://t.co/2x3W0czh1V http://t.co/fFl3eJ1Mcf
Tue May 12 20:46:10 +0000 2015,Alan Anderson goes under knife for ankle will be back in July #BrooklynNets #Nets http://t.co/MegrtHZreF http://t.co/qTgAPCNy8c
Tue May 12 20:41:15 +0000 2015,RT @BrooklynNets: #Nets Medical Update on Alan Anderson: http://t.co/2x3W0czh1V http://t.co/fFl3eJ1Mcf
Tue May 12 20:40:13 +0000 2015,How Nets will approach all 15 players in busy crucial summer http://t.co/2VOq6Peoqz #Nets #NBA
Tue May 12 20:39:08 +0000 2015,http://t.co/j5NQre0uRX [CBS Sports] - Wizards' Wall (wrist) still uncertain for Game 5  #Nets http://t.co/TvWZf0WxQV
Tue May 12 20:38:28 +0000 2015,#NBA #Nets - BROOKLYN NETS JASON KIDD JERSEY ADULT XLARGE IN GOOD CONDITION:  $12.00End... http://t.co/1KMl6VCZDV http://t.co/k33Sm3HFUt
Tue May 12 20:38:27 +0000 2015,#NBA #Nets - BROOKLYN NETS VINCE CARTER JERSEY YOUTH 10/12 LENGTH +2 PRETTY GOOD CONDIT... http://t.co/KQNuG8b6KK http://t.co/k33Sm3HFUt
Tue May 12 20:32:30 +0000 2015,#Islanders #NetsNOTHING LIKE A GAME 7!!RANGERS VS CAPITALSWED. 7:30PMSAVE REAL BIG $$$$http://t.co/89LWISaEu5 http://t.co/owQ8lJHzE4
Tue May 12 20:30:02 +0000 2015,http://t.co/j5NQre0uRX [The Brooklyn Game] - Alan Anderson has successful surgery  #Nets http://t.co/S3K4UltELT
Tue May 12 20:26:29 +0000 2015,I don't get why #Nets fans are mad about 76ers' new logo. Like the game is basketball so it makes perfect sense to feature one in the logo?
Tue May 12 20:23:07 +0000 2015,@BrooklynNets G Alan Anderson undergoes arthroscopic knee successful surgery to remove bone chips #Nets http://t.co/Edp3cflUSu
Tue May 12 20:22:59 +0000 2015,Last shot to enter the contest of  deadstockdynasty with repostapp.#deadstockdynasty #nets #fan‚Ä¶ https://t.co/GYEVvCmgvV
Tue May 12 20:15:12 +0000 2015,Ranking the very best of New York‚Äôs title teams http://t.co/Ef4eSXza4x #Nets #NBA
Tue May 12 20:13:18 +0000 2015,RT @TheBKGame: Sadly the Hawks did not forget about their pick swap with the #Nets. Brooklyn's 29th pick is officially official: http://t.‚Ä¶
Tue May 12 20:12:07 +0000 2015,Jeff Teague on art of the playmaker| http://t.co/fHil2doDlR #Nets #NBA
Tue May 12 20:07:02 +0000 2015,#BrooklynNets #Nets #netsnation Alan Anderson goes under knife for ankle will be back in July http://t.co/NDSMt5E9EK
Tue May 12 20:04:23 +0000 2015,#Report: If #Nets buy out Deron Williams he could rejoin the #Jazz - http://t.co/RLyaumPTdg #NYC #NJ #Brooklyn #Utah #SaltLakeCity #NBA #BKN
