Wed May 13 00:33:49 +0000 2015,May 19th is the NBA Draft Lotto: Tim Connelly told us Josh Kroenke likely to represent #Nuggets on stage. https://t.co/IdBsHREEY8
Wed May 13 00:30:12 +0000 2015,http://t.co/EEkB0NdMH9: NBA Picks: Oklahoma City Thunder vs. Denver... http://t.co/F9RS71xpVn #denver #nuggets #oklahoma #picks #thunder
Wed May 13 00:27:10 +0000 2015,http://t.co/hvEMr29AFD ADIDAS MENS DENVER NUGGETS SZ 2XL CLIMA 365 WARM UP JACKET  #Nuggets http://t.co/64acNRb1lo
Wed May 13 00:23:38 +0000 2015,@itsemilyangel hey Emily you see how you're amazing n cool plz could you unblock me on you streams nuff luv Sent #realhommie #nuggets üòç
Wed May 13 00:09:28 +0000 2015,RT @BeforeFamePics: Today In Sports History1994  ~ The Denver #Nuggets became the 1st NBA #8 seed to beat a #1 seed beating Seattle http:/‚Ä¶
Wed May 13 00:01:39 +0000 2015,Knicks Become the First Team to Lose 50 Games This Season - http://t.co/5YWoE094wy #Nuggets #NBA
Tue May 12 23:55:11 +0000 2015,FAV si te provoca unos crujientes #Nuggets a esta hora #EnComboEsMejor
Tue May 12 23:37:19 +0000 2015,@hochman Is it bad as a #Nuggets fan I‚Äôm now even more jealous of the Sixers because they have a cooler logo AND a smarter rebuilding plan?
Tue May 12 23:33:44 +0000 2015,RT @BeforeFamePics: Today In Sports History1994  ~ The Denver #Nuggets became the 1st NBA #8 seed to beat a #1 seed beating Seattle http:/‚Ä¶
Tue May 12 23:30:50 +0000 2015,Para los m√°s peque√±os te recomendamos nuestros deliciosos #NUGGETS ¬°Se divertir√°n como en casa! #ComeGrandeComeBigBurger #Barquisimeto
Tue May 12 23:26:37 +0000 2015,Patriots dump veteran slot CB Kyle Arrington - Kyle Arrington | FA - http://t.co/7LmJ5sX1Cv #Nuggets #NBA
Tue May 12 23:11:26 +0000 2015,http://t.co/hvEMr29AFD Autographed Julius Hodge 2005-06 SP Signature Edition Card #AS #Nuggets http://t.co/IQftk5irKF
Tue May 12 23:05:38 +0000 2015,So seven days until we finally now when to pick in the Draft. Really hope to see Lawson being traded for another lotto pick too. #Nuggets
Tue May 12 23:03:59 +0000 2015,#NBA #Nuggets - Denver Nuggets Carmelo Anthony Mitchell &amp Ness NBA Sewn Throwback Jerse... http://t.co/7yYptoCU4l http://t.co/k33Sm3HFUt
Tue May 12 23:03:59 +0000 2015,#NBA #Nuggets - NIKE Denver Nuggets Carmelo Anthony Jersey: Mens: Large: Polyester: EUC... http://t.co/XX291B6nFG http://t.co/k33Sm3HFUt
Tue May 12 23:03:59 +0000 2015,#NBA #Nuggets - Vintage Denver Nuggets Carmelo Anthony #15 Nike NBA Swingman Jersey Adu... http://t.co/t5Xz6fCZw4 http://t.co/k33Sm3HFUt
Tue May 12 23:03:58 +0000 2015,#NBA #Nuggets - Denver Nuggets Adidas NBA Grey Military Womens Adjustable Hat Cap OSFA:... http://t.co/vJPFy8LaVM http://t.co/k33Sm3HFUt
Tue May 12 23:03:58 +0000 2015,#NBA #Nuggets - Denver Nuggets Adidas NBA Wte/Yell Flat Brim Snapback Hat Cap OSFA:  $9... http://t.co/jo2oMXnWKs http://t.co/k33Sm3HFUt
Tue May 12 23:01:11 +0000 2015,RT @RealOwenWright: #oiriopro is underway!! Tricky conditions but a few #nuggets haha @wsl üì∑ @marulho__ http://t.co/b6IYNb8wlj
Tue May 12 22:48:46 +0000 2015,RT @RealOwenWright: #oiriopro is underway!! Tricky conditions but a few #nuggets haha @wsl üì∑ @marulho__ http://t.co/b6IYNb8wlj
Tue May 12 22:48:39 +0000 2015,RT @RealOwenWright: #oiriopro is underway!! Tricky conditions but a few #nuggets haha @wsl üì∑ @marulho__ http://t.co/b6IYNb8wlj
Tue May 12 22:43:49 +0000 2015,RT @RealOwenWright: #oiriopro is underway!! Tricky conditions but a few #nuggets haha @wsl üì∑ @marulho__ http://t.co/b6IYNb8wlj
Tue May 12 22:38:46 +0000 2015,RT @RealOwenWright: #oiriopro is underway!! Tricky conditions but a few #nuggets haha @wsl üì∑ @marulho__ http://t.co/b6IYNb8wlj
Tue May 12 22:34:21 +0000 2015,#oiriopro is underway!! Tricky conditions but a few #nuggets haha @wsl üì∑ @marulho__ http://t.co/b6IYNb8wlj
Tue May 12 22:28:13 +0000 2015,this was taken the same night as that skype call hehehehe #NUGGETS @RetroRuns @themartonfi +alphadolphin http://t.co/BKzzeUwwHZ
Tue May 12 22:16:33 +0000 2015,Texans cut 2013 2nd-rd pick D.J. Swearinger - D.J. Swearinger | FA - http://t.co/RvKID1X6UW #Nuggets #NBA
Tue May 12 22:14:14 +0000 2015,Owen Wright just posted this on Instagram ! #oiriopro is underway!! Tricky conditions but a few #nuggets haha @wsl ‚Ä¶ http://t.co/9HLo0aWZt6
Tue May 12 22:14:13 +0000 2015,Owen Wright just posted this on Instagram ! #oiriopro is underway!! Tricky conditions but a few #nuggets haha @wsl ‚Ä¶ http://t.co/6FQvaHvYEP
Tue May 12 22:02:41 +0000 2015,http://t.co/hvEMr29AFD Nike Carmelo Anthony Vintage NBA Denver Nuggets Baseball Sz XL #Nuggets http://t.co/l79Xao53KI
Tue May 12 21:42:56 +0000 2015,Je suis heureuse üëåüèΩ #nuggets https://t.co/4GXKx5YnHA
Tue May 12 21:41:31 +0000 2015,Did the Denver Nuggets lose the Rudy Gobert trade? - http://t.co/0JyRONECxH #Nuggets #NBA
Tue May 12 21:37:04 +0000 2015,#denvernuggets #Nuggets #Denver New Denver Nuggets Rumors. Tuesday May 12 2015 http://t.co/SCMooR0hTs
Tue May 12 21:29:10 +0000 2015,How does the firing of Monty Williams affect the #Nuggets? @HPbasketball tells @NateKreckman next! #NBA
Tue May 12 21:23:42 +0000 2015,RT @dempseypost: What Monty Williams firing in New Orleans could mean for the #Nuggets coaching search http://t.co/m3ZkU1IP4N
Tue May 12 21:06:29 +0000 2015,Will the Nuggets talk to Scott Brooks in their coaching search? - http://t.co/yBW5DOJf0S #Nuggets #NBA
Tue May 12 20:47:38 +0000 2015,http://t.co/hvEMr29AFD Denver Nuggets Ladies Ash Basic Logo Triblend T-shirt  #Nuggets http://t.co/xI01gpVzM2
Tue May 12 20:18:06 +0000 2015,#Avalanche #NuggetsNOTHING LIKE A GAME 7!!RANGERS VS CAPITALSWED. 7:30PMSAVE REAL BIG $$http://t.co/et0f91tkyA http://t.co/j1kVzpae56
Tue May 12 20:14:38 +0000 2015,RT @dempseypost: What Monty Williams firing in New Orleans could mean for the #Nuggets coaching search http://t.co/m3ZkU1IP4N
Tue May 12 20:11:44 +0000 2015,Lakers / Heat Stoke NBA '12-13 - http://t.co/werJ2PCKMT #Nuggets #NBA
Tue May 12 20:04:39 +0000 2015,@anniehopley_ #numbercrunch #flare #nuggets
Tue May 12 20:00:54 +0000 2015,http://t.co/hvEMr29AFD Spalding NBA Courtside Team Outdoor Rubber Basketball Denver N #Nuggets http://t.co/kym4vAqui5
Tue May 12 19:59:08 +0000 2015,What Monty Williams firing in New Orleans could mean for the #Nuggets coaching search http://t.co/iPxGOPo2yI http://t.co/nFYoWHIGEN
Tue May 12 19:52:12 +0000 2015,Just think people used to say suarez never did it against good teams üòÇüòÇüòÇüòÇ #nuggets
Tue May 12 19:48:07 +0000 2015,#denvernuggets #Nuggets Late entrants into NBA head coach market might speed up Nuggets' search http://t.co/qe181TYh8S
Tue May 12 19:48:03 +0000 2015,#denvernuggets #Nuggets #Denver Fallout From/Reaction To Monty Williams Firing http://t.co/E6FIbjee16
Tue May 12 19:47:29 +0000 2015,#Instagram! Si empezamos as√≠ c√≥mo acabaremos... #Entrantes que te dejan loco. #Nuggets #O‚Ä¶ http://t.co/WDOMuvzXmw http://t.co/EcuaqhORyT
Tue May 12 19:44:35 +0000 2015,#NBA #Nuggets - NBA Denver Nuggets National Basketball Association Fan Throwback Green ... http://t.co/eWFG8AGPA5 http://t.co/k33Sm3HFUt
Tue May 12 19:44:35 +0000 2015,#NBA #Nuggets - Carmelo Anthony Nike Stitched Denver Nuggets Jersey S:  $15.00 (0 Bids)... http://t.co/GfMp6NWcWg http://t.co/k33Sm3HFUt
Tue May 12 19:40:44 +0000 2015,http://t.co/hvEMr29AFD Denver Nuggets Retro Snapback bulls script raiders starter log #Nuggets http://t.co/USeg0nVdpO
Tue May 12 19:36:11 +0000 2015,Think Monty Williams would be a good fit in Denver? #NBA #Nuggets
Tue May 12 19:32:46 +0000 2015,RT @dempseypost: What Monty Williams firing in New Orleans could mean for the #Nuggets coaching search http://t.co/m3ZkU1IP4N
Tue May 12 19:32:30 +0000 2015,#Instagram! Si empezamos as√≠ c√≥mo acabaremos... #Entrantes que te dejan loco. #Nuggets #Olisec #NuevaCarta... http://t.co/WoPJQeHOpq
Tue May 12 19:32:28 +0000 2015,#Instagram! Si empezamos as√≠ c√≥mo acabaremos... #Entrantes que te dejan loco. #Nuggets #O‚Ä¶ http://t.co/WDOMuvzXmw http://t.co/v7nDlVQEtL
Tue May 12 19:30:35 +0000 2015,RT @dempseypost: What Monty Williams firing in New Orleans could mean for the #Nuggets coaching search http://t.co/m3ZkU1IP4N
Tue May 12 19:29:52 +0000 2015,RT @ewheeler2917: Be sure to check out the latest piece by @Adam_Mares on D'Angelo Russell. Incredible read and breakdown. #Nuggets http://‚Ä¶
Tue May 12 19:28:41 +0000 2015,Agradece de una forma diferente #nuggets #detallespersonalizados #Gracias #IsfrigoCreaciones https://t.co/LY3kB8aiai
Tue May 12 19:28:33 +0000 2015,RT @dempseypost: What Monty Williams firing in New Orleans could mean for the #Nuggets coaching search http://t.co/m3ZkU1IP4N
Tue May 12 19:28:30 +0000 2015,http://t.co/hvEMr29AFD [The Denver Post: Nuggets Ink] - Late entrants into NBA head c #Nuggets http://t.co/j1y6AVABnW
Tue May 12 19:28:27 +0000 2015,RT @dempseypost: What Monty Williams firing in New Orleans could mean for the #Nuggets coaching search http://t.co/m3ZkU1IP4N
Tue May 12 19:26:25 +0000 2015,Just-fired Monty Williams will be a great fit for Denver. #NBA #Nuggets #NBAPlayoffs
Tue May 12 19:26:08 +0000 2015,RT @dempseypost: What Monty Williams firing in New Orleans could mean for the #Nuggets coaching search http://t.co/m3ZkU1IP4N
Tue May 12 19:21:09 +0000 2015,RT @dempseypost: What Monty Williams firing in New Orleans could mean for the #Nuggets coaching search http://t.co/m3ZkU1IP4N
Tue May 12 19:21:01 +0000 2015,What Monty Williams firing in New Orleans could mean for the #Nuggets coaching search http://t.co/m3ZkU1IP4N
Tue May 12 19:20:39 +0000 2015,Three byte size #career #nuggets for your next career destination:1. Surround yourself with positive minded people http://t.co/73LSf7Jqna
Tue May 12 19:20:36 +0000 2015,Three byte size #career #nuggets for your next career destination:1. Surround yourself with positive minded people http://t.co/2pLuiod1k1
Tue May 12 19:13:50 +0000 2015,*** Who's the real Wakeupnow 2.0 ? ***#Nuggets http://t.co/knv11Wn6B6
Tue May 12 19:09:45 +0000 2015,Be sure to check out the latest piece by @Adam_Mares on D'Angelo Russell. Incredible read and breakdown. #Nuggets http://t.co/jAuGKS86yS
Tue May 12 19:08:28 +0000 2015,@denverchefdude You're top of #nuggets! Want to declutter you inbox quickly? Try Unroll.Me: http://t.co/toPWsOOyN7
Tue May 12 19:05:50 +0000 2015,#Nuggets fans do yourself a favor and head over to @denverstiffs for some phenomenal pieces on this draft class. Amazing work by everyone.
Tue May 12 19:01:43 +0000 2015,One of many reasons we love charlotte @Charlottegshore #nuggets #mcspa #charlotteisbae http://t.co/ujlwv2G5IV
Tue May 12 19:01:39 +0000 2015,The rookies who matter - http://t.co/mviM5sr5wV #Nuggets #NBA
Tue May 12 18:57:52 +0000 2015,Curious as to what playing fast means to #Nuggets GM Tim Connelly? We asked him on our recent podcast: http://t.co/VyDf3eBoYH
Tue May 12 18:40:38 +0000 2015,http://t.co/hvEMr29AFD Allen Iverson 76ers Denver Nuggets autographed 8x10 photo  #Nuggets http://t.co/DWv8NRT9hc
Tue May 12 18:33:30 +0000 2015,We are all like angels with one wing. We can't fly unless we learn to embrace eachother. #Together #WeFly #NBA #Goals #InItToWinIt #Nuggets
Tue May 12 18:29:31 +0000 2015,RT @denverchefdude: Homemade #Chicken #Nuggets + Honey Mustard Dipping Sauce  http://t.co/PQqMaXvnbk http://t.co/UTKSBW6j0e
Tue May 12 18:26:53 +0000 2015,RT @denverchefdude: Homemade #Chicken #Nuggets + Honey Mustard Dipping Sauce  http://t.co/PQqMaXvnbk http://t.co/UTKSBW6j0e
Tue May 12 18:26:37 +0000 2015,Reports :NFL denied Blackmon reinstatement - Justin Blackmon | JAC - http://t.co/CrV8DAGWKN #Nuggets #NBA
Tue May 12 18:03:43 +0000 2015,Nugggggettttttsssssss #Zombie #Nuggets
Tue May 12 18:01:07 +0000 2015,http://t.co/hvEMr29AFD Denver Nuggets #15 Anthony rare vintage NBA basketball jersey  #Nuggets http://t.co/XIxbzlD4PG
Tue May 12 17:48:25 +0000 2015,RT @SnoopCal: ....that's what this #Nuggets squad needs now.. another coach they can tune out AGAIN !!!
Tue May 12 17:44:46 +0000 2015,....that's what this #Nuggets squad needs now.. another coach they can tune out AGAIN !!!
Tue May 12 17:42:46 +0000 2015,RT @NbaOldies: "2007" Allen Iverson &amp Carmelo Anthony #NbaHistory #NBA #Basketball #AI #AllenIverson #CarmeloAnthony #Nuggets http://t.co/1‚Ä¶
Tue May 12 17:38:58 +0000 2015,http://t.co/hvEMr29AFD NBA Denver Nuggets Melo 15 Hat/baseball cap NWT Size 7 3/8 BY  #Nuggets http://t.co/I99Zh98OEY
Tue May 12 17:25:50 +0000 2015,http://t.co/hvEMr29AFD [Pickaxe And Roll] - Denver Nuggets 2015 NBA Draft Prospect: D #Nuggets http://t.co/ec6z8wtJQJ
Tue May 12 17:17:05 +0000 2015,#SBNation #Nuggets Nuggets Draft Prospect: D'Angelo Russell http://t.co/AZjr3ImaBy http://t.co/o1fORNrm5z
Tue May 12 17:16:33 +0000 2015,Ex-Nuggets having an impact on 2015 NBA Playoffs - http://t.co/ZEQESbD4lb #Nuggets #NBA
Tue May 12 17:12:55 +0000 2015,http://t.co/EEkB0NdMH9: Evan Fournier Spins &ampamp Hits... http://t.co/Eq5aTeAVcI #evan #fournier #grizzlies #hits #january #nuggets #spins
Tue May 12 17:11:13 +0000 2015,The best way to Spring clean. #saucey #ChickFilAstyle #Nuggets http://t.co/06teZ3b0aY
Tue May 12 17:09:33 +0000 2015,#Nuggets may need to consider speeding their hiring up. Chicago Cleveland and Houston could all join New Orleans with openings...
Tue May 12 17:04:10 +0000 2015,#NBA #Nuggets - Denver Nuggets- #15 Carmelo Anthony - Kids Large:  $1.00 (0 Bids)End Da... http://t.co/lKXond8g96 http://t.co/k33Sm3HFUt
Tue May 12 17:04:09 +0000 2015,#NBA #Nuggets - Carmelo Anthony Denver Nuggets Costacos Poster 18"x24":  $4.50End Date:... http://t.co/ozRkgVV4Vb http://t.co/k33Sm3HFUt
Tue May 12 17:04:09 +0000 2015,#NBA #Nuggets - DENVER NUGGETS AARON AAFLALO YELLOW YOUTH MEDIUM JERSEY:  $9.99End Date... http://t.co/WG4Mnd7at7 http://t.co/k33Sm3HFUt
Tue May 12 17:04:09 +0000 2015,#NBA #Nuggets - Authentic CARMELO ANTHONY DENVER NUGGETS Jersey DarkBlue Adidas Dazzle ... http://t.co/Usl6V87vEn http://t.co/k33Sm3HFUt
Tue May 12 17:04:09 +0000 2015,#NBA #Nuggets - EUC Nike Mens Carmelo Anthony Denver Nuggets Swingman Sewn NBA Jersey S... http://t.co/RtIFInjB47 http://t.co/k33Sm3HFUt
Tue May 12 17:00:52 +0000 2015,#Pelicans job jumps to top of list ahead of #Nuggets and #Magic
Tue May 12 16:59:19 +0000 2015,RT @NateTimmonsCO: Have you listened to our podcast with #Nuggets GM Tim Connelly yet? Give it a listen if you like: http://t.co/VyDf3eBoYH
Tue May 12 16:58:39 +0000 2015,#Nuggets #Magic and #Pelicans all have openings now. https://t.co/AjIaxLEUkn
Tue May 12 16:58:27 +0000 2015,RT @NateTimmonsCO: Have you listened to our podcast with #Nuggets GM Tim Connelly yet? Give it a listen if you like: http://t.co/VyDf3eBoYH
Tue May 12 16:57:46 +0000 2015,Have you listened to our podcast with #Nuggets GM Tim Connelly yet? Give it a listen if you like: http://t.co/VyDf3eBoYH
Tue May 12 16:57:14 +0000 2015,#Nuggets "@WojYahooNBA: New Orleans has fired coach Monty Williams league sources tell Yahoo Sports."
