Tue May 12 22:02:11 +0000 2015,@russwest44 #okcthunder https://t.co/XynfDchdoh
Tue May 12 21:56:53 +0000 2015,Check out NIKE KD VI All Star "Gumbo" http://t.co/fS8cPPvRic via @faimuxlyonx #kevindurant #okcthunder #nbaplayoffs
Tue May 12 21:55:10 +0000 2015,Check out KD Trey 5 II CH PACK  Rare! http://t.co/sNq6JWkC5K via @faimuxlyonx  #kevindurant #kdshoes #okcthunder
Tue May 12 21:48:50 +0000 2015,Sam Presti Sheds Light on Donovan Hire Draft and More http://t.co/5Q82ds0MVc #OKCThunder #ThunderUp
Tue May 12 21:43:35 +0000 2015,Note to OKC Thunder Fans: R-E-L-A-X http://t.co/OYn0HjDBXn #OKCThunder #ThunderUp
Tue May 12 21:40:43 +0000 2015,Should the Thunder Re-Sign Kyle Singler? http://t.co/EcJZwTs4rE #OKCThunder #ThunderUp
Tue May 12 21:35:12 +0000 2015,Who Will the Oklahoma City Thunder Sign if Kanter Moves on? http://t.co/ifmhHGjAUq #OKCThunder #ThunderUp
Tue May 12 21:33:15 +0000 2015,Re-signing Enes Kanter and Trades Needed to Make it Happen http://t.co/BboGCID4Yj #OKCThunder #ThunderUp
Tue May 12 21:08:13 +0000 2015,#ThunderUp #OKC #OKCthunder #nba Monty Williams takes the absolute high road after being fired (Video) (Ball D.. http://t.co/zVQXPofVeI
Tue May 12 19:25:32 +0000 2015,@TheRealMalik__ that dumb ass shit to ?? üòêüòê i outta whoop his ass !!! üò≠üò≠üò≠ but monty williams can come to us üèÄüèÄ#OkcThunder @okcthunder
Tue May 12 19:22:17 +0000 2015,.@gregsnewby @SydOKC They are fun for us too. Make #Sooners #OKState #OKCThunder playoff games a blast. #clarkclass
Tue May 12 19:09:03 +0000 2015,#okcthunder #ThunderUp #forum #nba Pelicans fire head coach Monty Williams http://t.co/dxC5Ify1GR
Tue May 12 18:26:33 +0000 2015,2014-15 Thunder Player Grades: Serge Ibaka Hob... #OKCThunder #OklahomaCityThunder http://t.co/TpPHlsjyVz http://t.co/MPOStiPgLQ
Tue May 12 18:09:08 +0000 2015,#okcthunder #ThunderUp #OKCthunder 2014-15 Thunder Player Grades: Serge Ibaka Hobbles Along With Hobbled Thunder http://t.co/c13bxV5jnj
Tue May 12 17:46:06 +0000 2015,#Pelicans HC Monty Williams is gonzo. His ugly birds made the 2015 Playoffs primarily because of #OKCThunder injuries http://t.co/4oSolB4G9R
Tue May 12 17:39:49 +0000 2015,Bday present from my sister just came in the mail. #Frankenstein #OKCThunder https://t.co/pQiPU6lPiy
Tue May 12 16:57:17 +0000 2015,RT @NewsOK: Could Scott Brooks be LeBron's next coach? http://t.co/eUOaaNlY1f #okcthunder #NBA http://t.co/aCPdnmwTdV
Tue May 12 16:25:03 +0000 2015,Could Scott Brooks be LeBron's next coach? http://t.co/eUOaaNlY1f #okcthunder #NBA http://t.co/aCPdnmwTdV
Tue May 12 14:27:02 +0000 2015,Ford-Pelton: Team draft fixes: Suns Thunder Nets Celtics #OKC #OKCThunder http://t.co/znwbnHGf5v http://t.co/X7L0Vz89Tn
Tue May 12 13:46:40 +0000 2015,Round Table Discussion: Early Offseason Review #OKC #OKCThunder http://t.co/CGdd3vwoZm http://t.co/z2RA2P6Fxm
Tue May 12 13:08:05 +0000 2015,#okcthunder #ThunderUp #OKCthunder Does Billy Donovan spell redemption for Jeremy Lamb? http://t.co/Par9kPYwfB
Tue May 12 05:40:20 +0000 2015,Kevin Durant leave Mcallen alone we can't sleep dude #mcallenweather #OKCThunder http://t.co/JI8zb0IS7F
Tue May 12 05:37:05 +0000 2015,#okcthunder #ThunderUp #forum #nba Could these former Gators follow Billy Donovan to OKC? (247 Sports http://t.co/sjnVJR13Q3
Tue May 12 03:46:02 +0000 2015,@KDTrey5 got your amazing  @sonicdrivein All-Star Slush!! #okcthunder http://t.co/sprTjsN8hL
Tue May 12 01:37:02 +0000 2015,#okcthunder #ThunderUp #forum #nba Take care of yourselves guys http://t.co/kYewwvL5aw
Mon May 11 22:07:00 +0000 2015,#NBA ‚Äî Russell Westbrook (@rustwest44) gives diploma to brother at #collegegraduation ‚Äî http://t.co/6HCrKCvTqf #OKCThunder
Mon May 11 19:09:04 +0000 2015,#ThunderUp #OKC #OKCthunder #nba The 10-man rotation starring Paul Pierce for President of Poland (Ball Don't.. http://t.co/AbI5jQTMTO
Mon May 11 18:37:09 +0000 2015,#okc #okcthunder #ThunderUp #nba New Oklahoma City Thunder Rumors. Monday May 11 2015 http://t.co/gqLDfUgYzw
Mon May 11 17:07:19 +0000 2015,RT @NewsOKThunder: Come join @DarnellMayberry for some #okcthunder and #NBAPlayoffs talk on the live chat: http://t.co/X25wIvIXMF
Mon May 11 16:34:04 +0000 2015,Come join #DarnellMayberry for some #okcthunder and #NBAPlayoffs talk on the live chat: http://t.co/U5uw9ZNkDj http://t.co/qNnOkiFfh1
Mon May 11 16:02:16 +0000 2015,RT @NewsOKSports: LIVE: Join @DarnellMayberry for some #NBAPlayoffs #okcthunder talk right now: http://t.co/5QKEAeR2oI
Mon May 11 16:00:19 +0000 2015,LIVE: Join @DarnellMayberry for some #NBAPlayoffs #okcthunder talk right now: http://t.co/5QKEAeR2oI
Mon May 11 16:00:18 +0000 2015,LIVE: Join @DarnellMayberry for some #NBAPlayoffs #okcthunder talk right now: http://t.co/X25wIvIXMF
Mon May 11 15:48:04 +0000 2015,RT @NewsOKThunder: Get your #okcthunder #NBAPlayoffs questions in to @DarnellMayberry on the live chat. Starting in 15 minutes: http://t.co‚Ä¶
Mon May 11 15:45:07 +0000 2015,Get your #okcthunder #NBAPlayoffs questions in to @DarnellMayberry on the live chat. Starting in 15 minutes: http://t.co/X25wIvIXMF
Mon May 11 15:45:05 +0000 2015,Get your #okcthunder #NBAPlayoffs questions in to @DarnellMayberry on the live chat. Starting in 15 minutes: http://t.co/5QKEAeR2oI
Mon May 11 15:33:58 +0000 2015,RT @NewsOKThunder: Come join @DarnellMayberry for some #okcthunder and #NBAPlayoffs talk on the live chat: http://t.co/X25wIvIXMF
Mon May 11 15:33:53 +0000 2015,RT @NewsOKThunder: Come join @DarnellMayberry for some #okcthunder and #NBAPlayoffs talk on the live chat: http://t.co/X25wIvIXMF
Mon May 11 15:33:24 +0000 2015,RT @NewsOKThunder: Come join @DarnellMayberry for some #okcthunder and #NBAPlayoffs talk on the live chat: http://t.co/X25wIvIXMF
Mon May 11 15:30:12 +0000 2015,#NBAPlayoffs #okcthunder questions? Join @DarnellMayberry on the Power Lunch chat at 11: http://t.co/5QKEAeR2oI
Mon May 11 15:30:12 +0000 2015,#NBAPlayoffs #okcthunder questions? Join @DarnellMayberry on the Power Lunch chat at 11: http://t.co/X25wIvIXMF
Mon May 11 15:15:08 +0000 2015,Come join @DarnellMayberry for some #okcthunder and #NBAPlayoffs talk on the live chat: http://t.co/X25wIvIXMF
Mon May 11 15:15:05 +0000 2015,Come join @DarnellMayberry for some #okcthunder and #NBAPlayoffs talk on the live chat: http://t.co/5QKEAeR2oI
Mon May 11 12:21:18 +0000 2015,2014-15 Thunder Player Grades: Reggie Jackson was terrible #OKC #OKCThunder http://t.co/ge5Zgw1I8E http://t.co/UKvbKHQbtC
Mon May 11 12:09:36 +0000 2015,RT @ThunderViews: #okcthunder #ThunderUp #OKCthunder 2014-15 Thunder Player Grades: Reggie Jackson was terrible http://t.co/ZW2i5ApGhd
Mon May 11 12:08:05 +0000 2015,#okcthunder #ThunderUp #OKCthunder 2014-15 Thunder Player Grades: Reggie Jackson was terrible http://t.co/ZW2i5ApGhd
Mon May 11 08:54:23 +0000 2015,@KDTrey5 @russwest44 at school can't wait to ball outside #ThunderUp #oklahoma #okcthunder #okc #germany http://t.co/NRjAzFaXvB
Mon May 11 08:44:23 +0000 2015,@KDTrey5 can you get me a okc thunder pride jersey? I don't get them in germany #ThunderUp  #germany represent #okcthunder
Mon May 11 06:27:38 +0000 2015,üèÄ Nope not a fan.. #okcthunder #laclippers #lalakers https://t.co/kfsZUosgx5
Mon May 11 05:56:05 +0000 2015,Kevin Durant slushes at Sonic?!?! I wish LA had Sonic üò© #OKCthunder
Mon May 11 05:23:22 +0000 2015,@SnottieDrippen @hjsbaker I thought Snottie was an #OKCThunder fan actually. This #BOS stuff is news to me
Mon May 11 03:08:04 +0000 2015,#okcthunder #ThunderUp #forum #nba Rockets are laughable http://t.co/2doffJwXIq
Sun May 10 22:42:23 +0000 2015,RT @Carlos_Dorsey: Man I wish my team was in the playoffs and we was healthy #OKCthunder
Sun May 10 22:13:52 +0000 2015,Man I wish my team was in the playoffs and we was healthy #OKCthunder
Sun May 10 22:08:58 +0000 2015,RT @3Hopo: üòÇüòÇüòÇüòÇüòÇüòÇ Bulls fan so hurt #thunderup #OKC #OKCthunder #kevindurant #russellwestbrook
Sun May 10 22:08:41 +0000 2015,üòÇüòÇüòÇüòÇüòÇüòÇ Bulls fan so hurt #thunderup #OKC #OKCthunder #kevindurant #russellwestbrook
Sun May 10 19:36:54 +0000 2015,Anthony Morrow has a Super Mom #OKC #OKCThunder http://t.co/JMCelQ51fA http://t.co/RsQgR6AIUd
Sun May 10 19:35:38 +0000 2015,Coach Maria needed a pic with the tourney host himself @KyleSingler üòå #SinglerOpen üèÜüèÄ #OKCthunder üòçüíôüíõ http://t.co/1SQVooPyiN
Sun May 10 19:08:08 +0000 2015,#okcthunder #ThunderUp #OKCthunder Anthony Morrow has a Super Mom http://t.co/IH3UJ2SugL
Sun May 10 15:29:07 +0000 2015,Happy Mother‚Äôs Day to all the Mom‚Äôs. You are the real MVP.#YVR#NBA#Mom#OKCTHunder#KevinDurant#NBACanada... http://t.co/2MrEOU4EkI
Sun May 10 15:21:36 +0000 2015,#okcthunder #russwest44 here's y artwork! http://t.co/LaGkhULo91
Sun May 10 14:11:37 +0000 2015,@SherwoodStrauss @JonMHamm #okcthunder reasoning at its finest. Although I don't think Green is a max.
Sun May 10 12:37:07 +0000 2015,#okc #okcthunder #ThunderUp #nba New Oklahoma City Thunder Rumors. Sunday May 10 2015 http://t.co/gqLDfUgYzw
Sun May 10 09:07:07 +0000 2015,#okcthunder #ThunderUp #OKCthunder Josh Huestis could stay in D-League for 2015-16 http://t.co/8r2i9wV2Pa
Sun May 10 02:56:01 +0000 2015,So I sold Russel Westbrook a drink today. #OKCThunder
Sun May 10 02:52:22 +0000 2015,A low scoring game favors the #Grizzlies. #Warriors learning what #OKCTHUNDER have known for years grizzles are a‚Ä¶ http://t.co/QQbAYWGckh
Sun May 10 02:36:48 +0000 2015,http://t.co/EEkB0NdMH9: 2014-02-11 Thunder vs Blazers http://t.co/PnVYGk0Oth #okcthunder #portland #trailblazers
Sun May 10 02:35:57 +0000 2015,Slow motion lightning. #stillfast #okcthunder https://t.co/1ibuzDJavQ
Sun May 10 01:59:36 +0000 2015,RT @mrjasoncbell: Learning to Appreciate the Billy Donovan Hire http://t.co/M2DyXV1Zhc #OKCThunder #ThunderUp
Sun May 10 00:56:50 +0000 2015,A low scoring game favors the #Grizzlies. #Warriors learning what  #OKCTHUNDER have known for years grizzles are a tough out. #NBAPlayoffs
Sun May 10 00:56:50 +0000 2015,A low scoring game favors the #Grizzlies. #Warriors learning what  #OKCTHUNDER have known for years grizzles are a tough out. #NBAPlayoffs
Sun May 10 00:25:35 +0000 2015,As an avid #OKCThunder fan I never thought I would hear my self say this but Go Memphis ! #NBAPlayoffs #MemphisGrizzlies #OKCThunderFan
Sun May 10 00:09:15 +0000 2015,Russell Westbrook made an appearance at UCO graduation.  #okcthunder‚ö°Ô∏è https://t.co/LrM9cDoyYl
Sat May 09 23:54:32 +0000 2015,Russell Westbrook was at my brothers graduation for a family members graduation from uco. #okcthunder
Sat May 09 23:35:50 +0000 2015,RT @ThunderObsessed: #OKCThunder officially announce purchase of a land we saw them secure last season http://t.co/POP7zbZx7r http://t.co/‚Ä¶
Sat May 09 23:33:04 +0000 2015,#OKCThunder officially announce purchase of a land we saw them secure last season http://t.co/POP7zbZx7r http://t.co/axygmGSmWf
Sat May 09 22:07:58 +0000 2015,I also think about the team you said would be playing them in the finals. #OKCThunder right? What happened to them? *bird call* @tiepod
Sat May 09 18:56:16 +0000 2015,How To Raise A Pro Athlete From Their Moms #OKC #OKCThunder http://t.co/z1NgKhodbT http://t.co/YQnbt0rZWK
Sat May 09 15:36:09 +0000 2015,#okcthunder #ThunderUp #forum #nba NBA 2015 Draft Lottery: Pick Thunder GM's brain... http://t.co/a9VTfp3XN6
Sat May 09 13:55:26 +0000 2015,My new @KDTrey5 basketball shorts! #nikebasketball #nba #nike #kevindurant #OKCThunder @nikebasketball @NBAcom http://t.co/5Xboc8XKOt
Sat May 09 10:28:48 +0000 2015,#nba2k15 #mycareer #okcthunder #ps3 #videogame https://t.co/YZ0CXJjHKY
Sat May 09 07:00:57 +0000 2015,Classic Thunder trash-talking moments #OKC #OKCThunder http://t.co/2MZFktz4hh http://t.co/EcGKWjmi1W
Sat May 09 07:00:47 +0000 2015,Did Sam Presti consult Kevin Durant before hiring Billy Donovan? #OKC #OKCThunder http://t.co/xSB0lx1vqI http://t.co/AYZ33hYzlB
Sat May 09 07:00:24 +0000 2015,Lack of MVP votes will only fuel Russell Westbrook #OKC #OKCThunder http://t.co/zHNmuFssQZ http://t.co/7mH5vvA46H
Sat May 09 02:29:24 +0000 2015,Real #PlayOffs is back i just wish my #OKCThunder boyz was out there #ballin üèÄ
Sat May 09 02:07:26 +0000 2015,Que equipo serian hoy gigantes los tres! #OKCThunder http://t.co/QAExOGCYkv
Sat May 09 01:37:05 +0000 2015,#okcthunder #ThunderUp #forum #nba Matt Barnes fined 50K for comments to Harden's Momma http://t.co/ZnkLy7r74x
Sat May 09 01:32:50 +0000 2015,#OKCThunder BillyD's lessons on leadership during his 1st press conference. 3 types of commitment: verbal physical &amp emotional. Awesome!
Sat May 09 00:21:49 +0000 2015,@jhuestis NOW ya know why we are #OKCThunder and our junior dance team are Raindrops.
Sat May 09 00:15:59 +0000 2015,One more of Mickey Max! #allisonbondsphotography #OKC #okie #okcthunder #okcmetro #photooftheday‚Ä¶ https://t.co/OUUZqo5PMV
Fri May 08 23:19:05 +0000 2015,Max! #allisonbondsphotography #OKC #okcthunder #oklahomacity #localokc #photooftheday #okie @ Allison‚Ä¶ https://t.co/fqY3h4cbc1
Fri May 08 22:52:38 +0000 2015,The #OKCThunder would have had a home game tonight.  We missed the best home court advantage ever missing the playoffs. #okwx @KDTrey5
Fri May 08 22:38:47 +0000 2015,IG: http://t.co/QE0KX7scr7 "This is how we live #Oklahoma. #tornado #tornadoalley #okc #okcthunder #okcweather #weather #bruh #rainraingo‚Ä¶
Fri May 08 22:14:24 +0000 2015,Our first #okcthunder #emersonparamount  is out the door to our boy @mikemiyahara !!  Thanks man‚Ä¶ https://t.co/B2WdWWdMdq
Fri May 08 21:41:32 +0000 2015,RT @MikeSherman: Here's @anthonyVslater on what hiring Anthony Grant does for Billy Donovan's #OKCThunder staff http://t.co/IIs5n0YJXl @The‚Ä¶
Fri May 08 21:10:38 +0000 2015,RT @MikeSherman: Here's @anthonyVslater on what hiring Anthony Grant does for Billy Donovan's #OKCThunder staff http://t.co/IIs5n0YJXl @The‚Ä¶
Fri May 08 21:06:08 +0000 2015,#OKCThunder officially announce purchase of a land we saw them secure last season http://t.co/POP7zbZx7r
Fri May 08 20:36:13 +0000 2015,#okcthunder #ThunderUp #forum #nba Bill Simmons gets FIRED from ESPN http://t.co/bqPgfp1Bke
Fri May 08 20:20:05 +0000 2015,Here's #anthonyVslater on what hiring Anthony Grant does for Billy Donovan's #OKCThunder staff‚Ä¶ http://t.co/zdcOSNHM1W
Fri May 08 20:14:28 +0000 2015,RT @MikeSherman: Here's @anthonyVslater on what hiring Anthony Grant does for Billy Donovan's #OKCThunder staff http://t.co/IIs5n0YJXl @The‚Ä¶
