Wed May 13 01:08:35 +0000 2015,L L #NBA 2014-15 Panini Select Nikola Vucevic Aaron Gordon Tobias Harris #OrlandoMagic #Card #Cards http://t.co/kftZhmAd8W
Wed May 13 01:08:08 +0000 2015,#NBA Used Flaw Nike Mens Cool Tracy McGrady #OrlandoMagic NBA Swag Sewn #Jersey Sz XL http://t.co/Mgl82ksp1Z #BestSeller #Deals
Wed May 13 01:07:03 +0000 2015,Help get @elfrid follow us back üíØüò©üôèüèΩ @OrlandoMagic #Ep2x2 #PureMagic #LetsGoMagic #ElfridPayton #OrlandoMagic #FollowBack #HelpUs
Wed May 13 01:05:40 +0000 2015,@yfernandez74 Appreciate the follow! Tag the biggest Magic fan you know! #PureMagic #OrlandoMagic via http://t.co/kAeDU7XJlw
Wed May 13 01:05:39 +0000 2015,@DangerousDM219 Appreciate the follow! Tag the biggest Magic fan you know! #PureMagic #OrlandoMagic via http://t.co/kAeDU7XJlw
Wed May 13 01:05:39 +0000 2015,@jonbcosby Appreciate the follow! Tag the biggest Magic fan you know! #PureMagic #OrlandoMagic via http://t.co/kAeDU7XJlw
Wed May 13 01:05:39 +0000 2015,@MHoodrat1898 Appreciate the follow! Tag the biggest Magic fan you know! #PureMagic #OrlandoMagic via http://t.co/kAeDU7XJlw
Wed May 13 01:05:39 +0000 2015,@MarketACourse Appreciate the follow! Tag the biggest Magic fan you know! #PureMagic #OrlandoMagic via http://t.co/kAeDU7XJlw
Wed May 13 01:05:38 +0000 2015,@AmandaSinco Appreciate the follow! Tag the biggest Magic fan you know! #PureMagic #OrlandoMagic via http://t.co/kAeDU7XJlw
Wed May 13 01:05:38 +0000 2015,@PhilGee23 Appreciate the follow! Tag the biggest Magic fan you know! #PureMagic #OrlandoMagic via http://t.co/kAeDU7XJlw
Wed May 13 01:04:07 +0000 2015,#NBA #Magic #OrlandoMagic #1 Tracy McGrady T-Mac Blue Stars Road Away Swingman Sz 3X #Jersey http://t.co/hLZuvftkEk #Bargains #Forsale
Wed May 13 01:04:06 +0000 2015,#Basketball #Magic #OrlandoMagic 20TH ANNIVERSARY VIEWFINDER http://t.co/qRXgk8sTWd #Auction #Cheap
Wed May 13 00:57:36 +0000 2015,L #Basketball #Magic Vtg 90s Shaquille O'Neal Shaq #OrlandoMagic #Jersey Youth Boy L NBA Basketball #Auction #Cheap http://t.co/0GqbknqsLe
Wed May 13 00:57:35 +0000 2015,#NBA 2014-15 Immaculate INK Autograph #54 Anfernee Hardaway 47/49 Auto #OrlandoMagic http://t.co/FmUrK6y799 #Card #Cards
Wed May 13 00:51:36 +0000 2015,#NBA RARE New Tracy McGrady #OrlandoMagic Stitched Nike Basketball #Jersey Youth S http://t.co/uQkrgQO99K #BestSeller #Deals
Wed May 13 00:48:05 +0000 2015,#NBA #Magic #OrlandoMagic Black Starter X-Large Polo Shirt XL http://t.co/DnWbKGUbL1 #Bargains #Forsale
Wed May 13 00:48:05 +0000 2015,#Basketball #Magic Mens Champion NBA #OrlandoMagic Shaquille O'Neal Shaq Basketball #Jersey Size 44 http://t.co/52PD7tnrbN #Auction #Cheap
Wed May 13 00:47:08 +0000 2015,L #NBA Vtg 90s Shaquille O'Neal Shaq #OrlandoMagic #Jersey Youth Boy L NBA Basketball #BestSeller #Deals http://t.co/heth4SXUqY
Wed May 13 00:42:05 +0000 2015,#NBA 2007-08 Fleer Ultra #Basketball Dwight Howard #OrlandoMagic #133 http://t.co/rsSNlcWii7 #Card #Cards
Wed May 13 00:37:07 +0000 2015,L #Basketball #Magic Vtg Shaq #OrlandoMagic #Snapback #Hat Cap Reebok Shaquille O'Neal Wool Black #Auction #Cheap http://t.co/MeSav1PaZf
Wed May 13 00:37:04 +0000 2015,#OrlandoMagic #Orlando #gomagic #Magic New Orleans Pelicans fire Monty Williams create another coaching vacancy http://t.co/jRPF4zFKEF
Wed May 13 00:32:35 +0000 2015,#NBA #Magic vintage 90s #OrlandoMagic EASTERN CONFERENCE CHAMPIONS GREY 95 NBA #TShirt MED M http://t.co/uySbIgav2B #Bargains #Forsale
Wed May 13 00:32:34 +0000 2015,#Basketball #Magic vintage 90s #OrlandoMagic EASTERN CONFERENCE CHAMPIONS GREY 95 NBA #TShirt MED M http://t.co/VizzPlsdho #Auction #Cheap
Wed May 13 00:32:10 +0000 2015,L #NBA 2014-15 Panini Select Nikola Vucevic Aaron Gordon Tobias Harris #OrlandoMagic #Card #Cards http://t.co/3XoinApbGC
Wed May 13 00:26:06 +0000 2015,#NBA NBA Hoops 1990 Nick Anderson #OrlandoMagic card 214 Free Shipping http://t.co/ooyscDq49s #Card #Cards
Wed May 13 00:16:07 +0000 2015,#NBA #Magic #OrlandoMagic Shirt XL Blue Sixth-Man 6 Ignite Playoffs #Basketball NBA FL Gordon http://t.co/KmTj63LzWt #Bargains #Forsale
Wed May 13 00:16:06 +0000 2015,#Basketball #Magic Vtg 90s Shaquille O'Neal Shaq #OrlandoMagic #Jersey Youth Boy L NBA Basketball http://t.co/iQDpSeOCsj #Auction #Cheap
Wed May 13 00:11:07 +0000 2015,L #NBA #Magic #OrlandoMagic Men's long sleeve shirt size XL #Bargains #Forsale http://t.co/VrV6sn7zSI
Wed May 13 00:10:07 +0000 2015,#NBA Nikola Vucevic 2013-14 Panini Signatures film insert NM #8/35 #OrlandoMagic http://t.co/AjdwGiCYRu #Card #Cards
Wed May 13 00:04:10 +0000 2015,#NBA Vtg 90s Shaquille O'Neal Shaq #OrlandoMagic #Jersey Youth Boy L NBA Basketball http://t.co/99dEVP5gzb #BestSeller #Deals
Wed May 13 00:00:43 +0000 2015,L #NBA 2014-15 Panini Threads #OrlandoMagic Tobias Harris Victor Oladipo Channing Frye #Card #Cards http://t.co/w9DoRkY37x
Wed May 13 00:00:43 +0000 2015,#NBA #Magic Vtg 90s Shaquille O'Neal Shaq #OrlandoMagic #Jersey Youth Boy L NBA #Basketball http://t.co/R6NITKRFW2 #Bargains #Forsale
Wed May 13 00:00:42 +0000 2015,#Basketball #Magic Vtg Shaq #OrlandoMagic #Snapback #Hat Cap Reebok Shaquille O'Neal Wool Black http://t.co/ivZIcqaQwD #Auction #Cheap
Tue May 12 23:58:23 +0000 2015,#NBA #OrlandoMagic - Vtg 90s Shaquille O'Neal Shaq Orlando Magic Jersey Youth Boy L NBA... http://t.co/WA2QkWVoJL http://t.co/k33Sm3HFUt
Tue May 12 23:58:23 +0000 2015,#NBA #OrlandoMagic - VINTAGE 90'S SALEM SPORTSWEAR ORLANDO MAGIC ANGRY MAGICIAN SWEATSH... http://t.co/zbXuEUGKth http://t.co/k33Sm3HFUt
Tue May 12 23:58:23 +0000 2015,#NBA #OrlandoMagic - Orlando Magic Black Starter X-Large Polo Shirt XL:  $15.95End Date... http://t.co/pzU3zHaNWA http://t.co/k33Sm3HFUt
Tue May 12 23:58:22 +0000 2015,#NBA #OrlandoMagic - ORLANDO MAGIC  SNAPBACK HAT VINTAGE 1980'S IN PRETTY GOOD CONDITIO... http://t.co/0src29BIhr http://t.co/k33Sm3HFUt
Tue May 12 23:58:22 +0000 2015,#NBA #OrlandoMagic - Orlando Magic Shirt XL Blue Sixth-Man 6 Ignite Playoffs Basketball... http://t.co/TqWOTI6qmw http://t.co/k33Sm3HFUt
Tue May 12 23:54:37 +0000 2015,#NBA 2014-15 Panini Select Nikola Vucevic Aaron Gordon Tobias Harris #OrlandoMagic http://t.co/Aqr0uFf5AA #Card #Cards
Tue May 12 23:54:05 +0000 2015,#OrlandoMagic NBA Draft Lottery: Which Teams With The Worst Odds Have Won The No.1 Pick? http://t.co/g9uMypiHPv #SportsRoadhouse
Tue May 12 23:50:05 +0000 2015,L #NBA Champion #OrlandoMagic Shaq Shaquille O'Neal #Jersey Sz 40 #BestSeller #Deals http://t.co/RnPBT40qE4
Tue May 12 23:44:19 +0000 2015,#NBA #Magic #OrlandoMagic #Snapback #Hat VINTAGE 1980'S IN PRETTY GOOD CONDITION http://t.co/D9M6DfyIGC #Bargains #Forsale
Tue May 12 23:44:19 +0000 2015,#Basketball #Magic #OrlandoMagic Black Starter X-Large Polo Shirt XL http://t.co/2eAi6em4XU #Auction #Cheap
Tue May 12 23:39:07 +0000 2015,#NBA Elfrid Payton 2014-15 Select orange prizm rookie RC jersey #59/60 #OrlandoMagic http://t.co/xP6KkZO5p0 #Card #Cards
Tue May 12 23:38:34 +0000 2015,L #NBA #Magic Vtg Shaq #OrlandoMagic #Snapback #Hat Cap Reebok Shaquille O'Neal Wool Black #Bargains #Forsale http://t.co/DmvF72jAvk
Tue May 12 23:33:06 +0000 2015,#NBA #OrlandoMagic #1 Tracy McGrady T-Mac Blue Stars Road Away Swingman Sz 3X #Jersey http://t.co/J8JDGWkglu #BestSeller #Deals
Tue May 12 23:29:14 +0000 2015,#NBA #Magic #OrlandoMagic Men's long sleeve shirt size XL http://t.co/6pVaaKoOuO #Bargains #Forsale
Tue May 12 23:29:13 +0000 2015,#Basketball #Magic #OrlandoMagic #Snapback #Hat VINTAGE 1980'S IN PRETTY GOOD CONDITION http://t.co/bNXk0qMWt5 #Auction #Cheap
Tue May 12 23:23:16 +0000 2015,#NBA 2014-15 Panini Threads #OrlandoMagic Tobias Harris Victor Oladipo Channing Frye http://t.co/tCmYosCBSa #Card #Cards
Tue May 12 23:23:15 +0000 2015,L #Basketball #Magic #OrlandoMagic Men's long sleeve shirt size XL #Auction #Cheap http://t.co/XhVtriQz5b
Tue May 12 23:17:09 +0000 2015,#NBA Champion #OrlandoMagic Shaq Shaquille O'Neal #Jersey Sz 40 http://t.co/jiY0WYGHPe #BestSeller #Deals
Tue May 12 23:13:09 +0000 2015,#NBA #Magic Mens Champion NBA #OrlandoMagic Shaquille O'Neal Shaq #Basketball #Jersey Size 44 http://t.co/u9aETARykS #Bargains #Forsale
Tue May 12 23:13:09 +0000 2015,#Basketball #Magic Anfernee Hardaway XL Adidas #OrlandoMagic Hwd Classic Throwback Swingman #Jersey http://t.co/7BkNsh5Bvq #Auction #Cheap
Tue May 12 23:02:08 +0000 2015,#OrlandoMagic Lions count on Kak√° to be their No. 10 http://t.co/eYGCTgRsuG #SportsRoadhouse
Tue May 12 22:57:08 +0000 2015,L #NBA DWIGHT HOWARD #OrlandoMagic SIZE MEDIUM ADIDAS #Jersey #BestSeller #Deals http://t.co/lXvoGgOCus
Tue May 12 22:57:07 +0000 2015,#NBA #Magic Vtg Shaq #OrlandoMagic #Snapback #Hat Cap Reebok Shaquille O'Neal Wool Black http://t.co/CHnljdTgd1 #Bargains #Forsale
Tue May 12 22:57:07 +0000 2015,#Basketball #Magic BRAND NEW MEN'S NBA #OrlandoMagic EMBROIDERED FLEXFIT ADIDAS CAP #Hat OSFA http://t.co/0RZtgc4vpE #Auction #Cheap
Tue May 12 22:52:07 +0000 2015,#NBA (7) #OrlandoMagic 2013 PANINI PRESTIGE TEAM SET victor oladipo rc nikola vucevic http://t.co/HZ4UgqQmBk #Card #Cards
Tue May 12 22:50:04 +0000 2015,#NBA #OrlandoMagic - Vtg Shaq Orlando Magic Snapback Hat Cap Reebok Shaquille O'Neal Wo... http://t.co/72cM18GTQv http://t.co/k33Sm3HFUt
Tue May 12 22:50:03 +0000 2015,#NBA #OrlandoMagic - DWIGHT HOWARD ORLANDO MAGIC SIZE MEDIUM ADIDAS JERSEY:  $24.99End ... http://t.co/iiny8Ed28L http://t.co/k33Sm3HFUt
Tue May 12 22:50:03 +0000 2015,#NBA #OrlandoMagic - BRAND NEW MEN'S NBA  ORLANDO MAGIC EMBROIDERED    FLEXFIT ADIDAS C... http://t.co/WgYplsLcDe http://t.co/k33Sm3HFUt
Tue May 12 22:41:04 +0000 2015,#NBA #Magic DWIGHT HOWARD #OrlandoMagic SIZE MEDIUM ADIDAS #Jersey http://t.co/7J3D2vx6JY #Bargains #Forsale
Tue May 12 22:41:04 +0000 2015,#Basketball #Magic #OrlandoMagic Men's long sleeve shirt size XL http://t.co/9fe5k7NnfH #Auction #Cheap
Tue May 12 22:37:41 +0000 2015,#d1lockermedia #NBA #USA #TheGreatest #Champions #Legends #TracyMcGrady #TMac #OrlandoMagic #Toronto #Raptors #Toro‚Ä¶ http://t.co/5D4g46RVAV
Tue May 12 22:37:04 +0000 2015,#OrlandoMagic 2014-15 Season Review: Evan Fournier http://t.co/QrhCRuHOk3
Tue May 12 22:26:11 +0000 2015,#NBA #Magic Vtg #OrlandoMagic NBA Hooded Sweatshirt #TShirt L STARTER http://t.co/UTBzvI0qSX #Bargains #Forsale
Tue May 12 22:26:10 +0000 2015,#Basketball #Magic DWIGHT HOWARD #OrlandoMagic SIZE MEDIUM ADIDAS #Jersey http://t.co/947w1PaSHa #Auction #Cheap
Tue May 12 22:24:36 +0000 2015,L L #NBA #Magic #OrlandoMagic Black Lee Sport X-Large Sweatshirt XL #Bargains #Forsale http://t.co/l7QLGPBHEQ
Tue May 12 22:23:12 +0000 2015,#OrlandoMagic 2014-15 Season Review: Evan Fournier http://t.co/C25AI4QjGr #SportsRoadhouse
Tue May 12 22:20:36 +0000 2015,#NBA #OrlandoMagic- 2014-15 Season Review: Evan Fournier: By John DentonMay 12 2015 http://t.co/P82CQG3kxe http://t.co/lQmogZfBKD
Tue May 12 22:20:08 +0000 2015,#NBA Nikola Vucevic - #OrlandoMagic Panini Prestige 2013-14 card #118 autographed http://t.co/fIqBSW5AW1 #Card #Cards
Tue May 12 22:14:07 +0000 2015,#NBA DWIGHT HOWARD #OrlandoMagic SIZE MEDIUM ADIDAS #Jersey http://t.co/hkXVhte6CX #BestSeller #Deals
Tue May 12 22:11:32 +0000 2015,Also on #OpenMike radio in morning: Are #OrlandoMagic taking too long for coaching search? Listen live: http://t.co/PajwWFG3it
Tue May 12 22:09:36 +0000 2015,#NBA #Magic NBA #OrlandoMagic Blue Black Champion Official shooting shirt Regular Season Lg http://t.co/EkzxkKHSRi #Bargains #Forsale
Tue May 12 22:09:36 +0000 2015,#Basketball #Magic NBA #OrlandoMagic Blue Black Champion Official shooting shirt Regular Season Lg http://t.co/mCuXGVfDOr #Auction #Cheap
Tue May 12 22:03:09 +0000 2015,L #NBA #Magic NIB #OrlandoMagic SHAQ SHAQUILLE O'NEAL FRAMED PICTURE #Bargains #Forsale http://t.co/ny2nitHFbt
Tue May 12 21:53:34 +0000 2015,#NBA #Magic #OrlandoMagic Men's long sleeve shirt blue size XL NBA http://t.co/yh75xF2fRG #Bargains #Forsale
Tue May 12 21:53:34 +0000 2015,#Basketball #Magic #OrlandoMagic Men's long sleeve shirt blue size XL NBA http://t.co/ZizeA6ae9v #Auction #Cheap
Tue May 12 21:53:09 +0000 2015,#OrlandoMagic The "Orlando Clippers" are playing a major role this postseason http://t.co/MaMt8nSuhA #SportsRoadhouse
Tue May 12 21:47:11 +0000 2015,L #NBA #Magic #OrlandoMagic Black Lee Sport X-Large Sweatshirt XL #Bargains #Forsale http://t.co/uA2q4DVtrl
Tue May 12 21:42:07 +0000 2015,L L #NBA #Magic 2XL STEVE FRANCIS #OrlandoMagic #Jersey BLUE 3 SEWN ART #Bargains #Forsale http://t.co/ZpH0gL1sEw
Tue May 12 21:41:36 +0000 2015,#NBA Anfernee Hardaway XL Adidas #OrlandoMagic Hwd Classic Throwback Swingman #Jersey http://t.co/HJinGtByP2 #BestSeller #Deals
Tue May 12 21:38:06 +0000 2015,#NBA #Magic Anfernee Hardaway XL Adidas #OrlandoMagic Hwd Classic Throwback Swingman #Jersey http://t.co/OIZItthCWn #Bargains #Forsale
Tue May 12 21:38:06 +0000 2015,#Basketball #Magic Mitchell and Ness #OrlandoMagic #Snapback http://t.co/uaTTz4Q2Jy #Auction #Cheap
Tue May 12 21:32:11 +0000 2015,#NBA 2008-09 MVP Dwight Howard #OrlandoMagic Center Team MVP #191 http://t.co/xlClTfgwYE #Card #Cards
Tue May 12 21:31:08 +0000 2015,L L #NBA ARRON AFFLALO Card PANINI 2012 2013 #OrlandoMagic THREADS White Jersey 34 AARON #Card #Cards http://t.co/cAufXjR5he
Tue May 12 21:22:07 +0000 2015,#NBA #Magic NIB #OrlandoMagic SHAQ SHAQUILLE O'NEAL FRAMED PICTURE http://t.co/UX8lGf4laZ #Bargains #Forsale
Tue May 12 21:22:07 +0000 2015,#Basketball #Magic #OrlandoMagic Black Lee Sport X-Large Sweatshirt XL http://t.co/GSiW8OSR3H #Auction #Cheap
Tue May 12 21:20:10 +0000 2015,L #Basketball #Magic Vtg #OrlandoMagic NBA Hooded Sweatshirt #TShirt L STARTER #Auction #Cheap http://t.co/VLHVJqrXZj
Tue May 12 21:15:38 +0000 2015,#NBA 2014-15 Upper Deck SPx DARIO SARIC #OrlandoMagic Croatia http://t.co/QNr11NVyYn #Card #Cards
Tue May 12 21:06:06 +0000 2015,#NBA #Magic #OrlandoMagic Black Lee Sport X-Large Sweatshirt XL http://t.co/GFAyDs9EzG #Bargains #Forsale
Tue May 12 21:06:05 +0000 2015,#Basketball #Magic NIB #OrlandoMagic SHAQ SHAQUILLE O'NEAL FRAMED PICTURE http://t.co/pOwvRx6ZdI #Auction #Cheap
Tue May 12 21:05:10 +0000 2015,L #NBA #Magic 2XL STEVE FRANCIS #OrlandoMagic #Jersey BLUE 3 SEWN ART #Bargains #Forsale http://t.co/MAxVoZXq5l
Tue May 12 21:00:37 +0000 2015,#NBA Tobias harris Immaculate RC auto Patch #54/75 2014/15 Panini 4clrs #OrlandoMagic http://t.co/HW7UaxDG3z #Card #Cards
Tue May 12 20:53:35 +0000 2015,L L #NBA 2014-15 Panini Hoops Aaron Gordon rookie auto #OrlandoMagic RC #Card #Cards http://t.co/KSceHTF463
Tue May 12 20:50:14 +0000 2015,#NBA #Magic DENNIS SCOTT LITTERIAL GREEN SIGNED #OrlandoMagic CARD CARDS http://t.co/vlCVxEjm5V #Bargains #Forsale
Tue May 12 20:50:14 +0000 2015,#Basketball #Magic 2XL STEVE FRANCIS #OrlandoMagic #Jersey BLUE 3 SEWN ART http://t.co/ZYF9q1OKuw #Auction #Cheap
Tue May 12 20:48:06 +0000 2015,L #NBA ARRON AFFLALO Card PANINI 2012 2013 #OrlandoMagic THREADS White Jersey 34 AARON #Card #Cards http://t.co/nmwNPW6JA5
Tue May 12 20:39:20 +0000 2015,#NBA #OrlandoMagic - Vtg Orlando Magic NBA Hooded Sweatshirt T-shirt L STARTER:  $9.99E... http://t.co/WeKQQGevFO http://t.co/k33Sm3HFUt
Tue May 12 20:39:20 +0000 2015,#NBA #OrlandoMagic - ORLANDO MAGIC NEW DWIGHT HOWARD SEWN NBA Basketball Jersey Size 2X... http://t.co/qTC9umwuCt http://t.co/k33Sm3HFUt
