Wed May 13 01:06:35 +0000 2015,#WeightLoss #Fit Struggling With Belly Fat - Can It Make You Ill? http://t.co/ZfhiqEOpOG #Pacers #Healthy
Wed May 13 01:05:06 +0000 2015,#Collectible #Buzz Indiana #Pacers 'mini' Lanyard! New http://t.co/vOXTyVg3ft #Bestseller #Buy
Wed May 13 01:05:05 +0000 2015,#Sports #Goods INDIANA #Pacers MAJESTIC BRAND ROY HIBBERT # 55 BLUE T-SHIRT #Jersey SIZE MEDIUM http://t.co/SIiCBIrUWu #Forsale #onsale
Wed May 13 01:05:05 +0000 2015,#NBA #Basketball BRAND NEW #Adidas Authentic NBA Indiana #Pacers Blank Basketball #Jersey Men XL http://t.co/SkcW7Bq4i0 #eBay #Auction
Wed May 13 01:04:06 +0000 2015,L B #NBA #Basketball NWT Mens NBA #Adidas Paul George Indiana #Pacers Gold #24 Swingman #Jersey XL SEWN #eBay… http://t.co/vW8BpoiVFX
Wed May 13 01:00:14 +0000 2015,Pacers draft prospects :A closer look at Cameron Payne http://t.co/kSglEQXgg7 #Pacers #NBA
Wed May 13 00:59:10 +0000 2015,L #Collectible #Buzz Boys Starter Indiana #Pacers Jacket Youth Medium #Bestseller #Buy http://t.co/DXuEP5Y1Ic
Wed May 13 00:55:12 +0000 2015,RT @ScottAgness: The NBA Draft Lottery is in exactly one week. Larry Bird plans to be on stage to represent the #Pacers. http://t.co/SZnQ8V…
Wed May 13 00:54:07 +0000 2015,L #Sports #Goods Vtg Lee Sport Indiana #Pacers #NBA #Basketball Sweatshirt Navy Blue Mens M/L #Forsale #onsale http://t.co/N7o8HIqdjw
Wed May 13 00:51:40 +0000 2015,RT @ScottAgness: The NBA Draft Lottery is in exactly one week. Larry Bird plans to be on stage to represent the #Pacers. http://t.co/SZnQ8V…
Wed May 13 00:50:06 +0000 2015,#Collectible #Buzz #NBA Indiana #Pacers Fleece! By Majestic Used http://t.co/mX526hmbqQ #Bestseller #Buy
Wed May 13 00:50:06 +0000 2015,#Sports #Goods #NBA Indiana #Pacers Fleece! By Majestic Used http://t.co/Xrr50XBuNC #Forsale #onsale
Wed May 13 00:50:05 +0000 2015,#NBA #Basketball NBA Indiana #Pacers Fleece! By Majestic Used http://t.co/KpX88GPbzE #eBay #Auction
Wed May 13 00:48:36 +0000 2015,L #Collectible #Buzz Indiana #Pacers 1988-89 #NBA Collector's Pin 1 inch #Bestseller #Buy http://t.co/MKnrqxD1tK
Wed May 13 00:44:03 +0000 2015,L #Sports #Goods Vintage Mens #NBA Aba Indiana #Pacers #Basketball Satin Button Starter Jacket Sz:M #Forsale #onsale http://t.co/GOnRPK1SVj
Wed May 13 00:38:04 +0000 2015,RT @ScottAgness: The NBA Draft Lottery is in exactly one week. Larry Bird plans to be on stage to represent the #Pacers. http://t.co/SZnQ8V…
Wed May 13 00:37:07 +0000 2015,#WeightLoss #Fit Natural Forskolin - An Effective and Healthy Weight Loss Supplement http://t.co/U8wfatORVJ #Pacers #Healthy
Wed May 13 00:37:00 +0000 2015,@ReidWilkins @JayOnrait you shoulda seen this guy play basketball. #pacers #Legendary
Wed May 13 00:35:47 +0000 2015,RT @ScottAgness: The NBA Draft Lottery is in exactly one week. Larry Bird plans to be on stage to represent the #Pacers. http://t.co/SZnQ8V…
Wed May 13 00:34:39 +0000 2015,Paul George Poses with Bass Says He Won a Fishing Tournament| http://t.co/Gk6pGONeck #pacers
Wed May 13 00:34:08 +0000 2015,#Collectible #Buzz Vtg Lee Sport Indiana #Pacers #NBA #Basketball Sweatshirt Navy Blue Mens M/L http://t.co/dBS6U2bbFp #Bestseller #Buy
Wed May 13 00:34:07 +0000 2015,#NBA #Basketball Vintage Mens Nba Aba Indiana #Pacers Basketball Satin Button Starter Jacket Sz:M http://t.co/gs1tEjqTNJ #eBay #Auction
Wed May 13 00:33:38 +0000 2015,L L #Sports #Goods Vintage Mens #NBA Aba Indiana #Pacers #Basketball Satin Button Starter Jacket Sz:M #Forsale… http://t.co/WHVlEvtfXz
Wed May 13 00:32:46 +0000 2015,RT @ScottAgness: The NBA Draft Lottery is in exactly one week. Larry Bird plans to be on stage to represent the #Pacers. http://t.co/SZnQ8V…
Wed May 13 00:32:40 +0000 2015,RT @ScottAgness: The NBA Draft Lottery is in exactly one week. Larry Bird plans to be on stage to represent the #Pacers. http://t.co/SZnQ8V…
Wed May 13 00:32:21 +0000 2015,RT @ScottAgness: The NBA Draft Lottery is in exactly one week. Larry Bird plans to be on stage to represent the #Pacers. http://t.co/SZnQ8V…
Wed May 13 00:32:06 +0000 2015,The NBA Draft Lottery is in exactly one week. Larry Bird plans to be on stage to represent the #Pacers. http://t.co/SZnQ8VzzCh
Wed May 13 00:31:32 +0000 2015,Go #Pacers http://t.co/jq0lypL4ZT #follow #NBA #IndianaPacers
Wed May 13 00:28:06 +0000 2015,L D #NBA #Basketball Vtg 2003 NBA INDIANA #Pacers #7 O'NEAL All Star Game #Reebok PRINTED #Jersey 60 #eBay… http://t.co/eOLpLjyrGc
Wed May 13 00:21:07 +0000 2015,#WeightLoss #Fit The Guide to Losing Weight With Smoothies http://t.co/n4lOY8EL55 #Pacers #Healthy
Wed May 13 00:18:39 +0000 2015,#Collectible #Buzz Mitchell &amp Ness Indiana #Pacers Beanie http://t.co/5rdiq2Qru9 #Bestseller #Buy
Wed May 13 00:18:38 +0000 2015,#Sports #Goods Mitchell &amp Ness Indiana #Pacers Beanie http://t.co/mG2BoUZHBK #Forsale #onsale
Wed May 13 00:18:38 +0000 2015,#NBA #Basketball Mitchell &amp Ness Indiana #Pacers Beanie http://t.co/StL0MhpB4k #eBay #Auction
Wed May 13 00:18:38 +0000 2015,L L #Sports #Goods Indiana #Pacers Paul George #Jersey Men's 2X #Forsale #onsale http://t.co/YffC6REUXc
Wed May 13 00:18:12 +0000 2015,RT @Pacers: The NBA Draft Lottery is 1 week from today. The draft order will be finalized then but the #Pacers are currently slotted for t…
Wed May 13 00:12:25 +0000 2015,http://t.co/gGx2yAbTLR Smith Swats It Aside  #Pacers http://t.co/g8Ai2HgHQS
Wed May 13 00:08:38 +0000 2015,L L L #NBA #Basketball Indiana #Pacers Official NBA Basketball Large Iron On Patch #eBay #Auction http://t.co/sbnS2cAqC4
Wed May 13 00:07:29 +0000 2015,#IndianaPacers #Pacers #forum Bulls' Gasol (hammy) out again eyes Game 6 [ESPN] http://t.co/UkgdCSZhGf
Wed May 13 00:05:37 +0000 2015,#WeightLoss #Fit Weight Loss With Time-Restricted Diets http://t.co/8WZhSSlEX8 #Pacers #Healthy
Wed May 13 00:02:37 +0000 2015,L L L #NBA #Basketball NWT Mens NBA #Adidas Paul George Indiana #Pacers Gold #24 Swingman #Jersey XL SEWN #eBay… http://t.co/VZw3pt9ONL
Wed May 13 00:02:36 +0000 2015,#Collectible #Buzz Boys Starter Indiana #Pacers Jacket Youth Medium http://t.co/Zi0OeD02oQ #Bestseller #Buy
Wed May 13 00:02:35 +0000 2015,#Sports #Goods Vtg Lee Sport Indiana #Pacers #NBA #Basketball Sweatshirt Navy Blue Mens M/L http://t.co/zJTSV8Z5Ni #Forsale #onsale
Wed May 13 00:02:35 +0000 2015,#NBA #Basketball Indiana #Pacers 1988-89 NBA Collector's Pin 1 inch http://t.co/WQywoZBQCc #eBay #Auction
Tue May 12 23:59:37 +0000 2015,Kravitz :Pacers' many advantages leave Magic grasping| http://t.co/3NFMIr3zwm #pacers
Tue May 12 23:58:06 +0000 2015,The #Pacers Summer Basketball Camps are at 15 central Indiana locations. Sign up your child at… http://t.co/wCQFYDhhYy
Tue May 12 23:57:05 +0000 2015,L #Collectible #Buzz Vintage Mens #NBA Aba Indiana #Pacers #Basketball Satin Button Starter Jacket… #Bestseller #Buy http://t.co/q1XoBin5o7
Tue May 12 23:54:18 +0000 2015,RT @Pacers: The #Pacers Summer Basketball Camps are at 15 central Indiana locations. Sign up your child at http://t.co/axrswwYC8s http://t.…
Tue May 12 23:52:07 +0000 2015,L #Sports #Goods Vintage USA #Basketball Reggie Miller #Pacers Champion #Basketball #Jersey Sz:44 #Forsale #onsale http://t.co/TmicRcgMCz
Tue May 12 23:47:11 +0000 2015,#Collectible #Buzz Indiana #Pacers 1988-89 #NBA Collector's Pin 1 inch http://t.co/a9PXR8yFZI #Bestseller #Buy
Tue May 12 23:47:11 +0000 2015,#Sports #Goods Vintage Mens #NBA Aba Indiana #Pacers #Basketball Satin Button Starter Jacket Sz:M http://t.co/iTc9G9dKuk #Forsale #onsale
Tue May 12 23:47:10 +0000 2015,#NBA #Basketball Vtg Lee Sport Indiana #Pacers NBA Basketball Sweatshirt Navy Blue Mens M/L http://t.co/a6EZompzy4 #eBay #Auction
Tue May 12 23:47:10 +0000 2015,L #Collectible #Buzz Vintage Mens #NBA Aba Indiana #Pacers #Basketball Satin Button Starter Jacket… #Bestseller #Buy http://t.co/SrzQ1tl4xr
Tue May 12 23:41:33 +0000 2015,L #Sports #Goods Vintage Mens #NBA Aba Indiana #Pacers #Basketball Satin Button Starter Jacket Sz:M #Forsale #onsale http://t.co/hw6IScRT65
Tue May 12 23:41:09 +0000 2015,RT @Pacers: The #Pacers Summer Basketball Camps are at 15 central Indiana locations. Sign up your child at http://t.co/axrswwYC8s http://t.…
Tue May 12 23:36:05 +0000 2015,#WeightLoss #Fit Is Losing Weight An Uphill Battle? Follow These Handy Tips To Achieve Success! http://t.co/TXvHU90DS6 #Pacers #Healthy
Tue May 12 23:36:04 +0000 2015,L L C #NBA #Basketball Vtg 2003 NBA INDIANA #Pacers #7 O'NEAL All Star Game #Reebok PRINTED #Jersey 60 #eBay… http://t.co/Qm8uDc4rYt
Tue May 12 23:32:38 +0000 2015,RT @MissClarkSES3rd: "Read Like A Pro" was a blast! Thank you CSI! #WeAreMG #Pacers #ThankYou #readingisfun http://t.co/Sxh28jGYmS
Tue May 12 23:32:23 +0000 2015,Trending Vines for #PACERS on Twitter Compilation RT↺ http://t.co/z1DHU4HcKG ↺Please Favorite
Tue May 12 23:32:15 +0000 2015,#Collectible #Buzz Vintage USA #Basketball Reggie Miller #Pacers Champion #Basketball #Jersey Sz:44 http://t.co/yyZcYzzfN7 #Bestseller #Buy
Tue May 12 23:32:14 +0000 2015,#Sports #Goods Boys Starter Indiana #Pacers Jacket Youth Medium http://t.co/92V4KS24Ys #Forsale #onsale
Tue May 12 23:32:14 +0000 2015,#NBA #Basketball Boys Starter Indiana #Pacers Jacket Youth Medium http://t.co/3T08LLm4t2 #eBay #Auction
Tue May 12 23:30:38 +0000 2015,L #Sports #Goods Indiana #Pacers Paul George #Jersey Men's 2X #Forsale #onsale http://t.co/jSnBRvL78D
Tue May 12 23:20:50 +0000 2015,#WeightLoss #Fit Reducing Weight Effectively By Eating Chocolate For Breakfast http://t.co/xde4Yb2u8V #Pacers #Healthy
Tue May 12 23:20:50 +0000 2015,#Pacers #Indiana Inside the Draft Lottery: If any of those combinations belong to the Pacers... http://t.co/qU4MRA82RT #pacersgamenight
Tue May 12 23:20:50 +0000 2015,L L #NBA #Basketball Indiana #Pacers Official NBA Basketball Large Iron On Patch #eBay #Auction http://t.co/f1sqDllLq9
Tue May 12 23:15:37 +0000 2015,#Collectible #Buzz Men's #Reebok Indiana #Pacers Jamaal Tinsley White #Jersey - Size XXL http://t.co/8WXBaFPYUt #Bestseller #Buy
Tue May 12 23:15:36 +0000 2015,#Sports #Goods Indiana #Pacers 1988-89 #NBA Collector's Pin 1 inch http://t.co/h2oaHfkOx7 #Forsale #onsale
Tue May 12 23:15:36 +0000 2015,#NBA #Basketball Men's #Reebok Indiana #Pacers Jamaal Tinsley White #Jersey - Size XXL http://t.co/4aZLxM3xxq #eBay #Auction
Tue May 12 23:15:05 +0000 2015,L #NBA #Basketball #Adidas Indiana #Pacers Gold Button Up Shoot Around Warm Up Shirt Mens XL #eBay #Auction http://t.co/1OqZbckaNf
Tue May 12 23:12:31 +0000 2015,Indiana Pacers Should Pursue Trade For PG Ty Lawson:  http://t.co/iD0sSnLkqf #NBA #Pacers
Tue May 12 23:09:36 +0000 2015,L L #NBA #Basketball NWT Mens NBA #Adidas Paul George Indiana #Pacers Gold #24 Swingman #Jersey XL SEWN #eBay… http://t.co/N8qi4l8bvv
Tue May 12 23:08:08 +0000 2015,#IndianaPacers #Pacers #forum Dwight Howard fights with frustration [ESPN] http://t.co/uikirWJ31R
Tue May 12 23:03:09 +0000 2015,Trending Vines for #PACERS on Twitter Compilation RT↺ http://t.co/z1DHU4HcKG ↺Please Favorite
Tue May 12 23:00:08 +0000 2015,#Collectible #Buzz Vintage Mens #NBA Aba Indiana #Pacers #Basketball Satin Button Starter Jacket… http://t.co/RjNpogRiI7 #Bestseller #Buy
Tue May 12 23:00:07 +0000 2015,#Sports #Goods Vintage USA #Basketball Reggie Miller #Pacers Champion #Basketball #Jersey Sz:44 http://t.co/szyFcgibUi #Forsale #onsale
Tue May 12 23:00:06 +0000 2015,#NBA #Basketball Vintage Mens Nba Aba Indiana #Pacers Basketball Satin Button Starter Jacket Sz:M http://t.co/T1NEV5bTPW #eBay #Auction
Tue May 12 22:59:41 +0000 2015,L L #Collectible #Buzz mens #NBA danny granger indiana #Pacers #Jersey size large #Bestseller #Buy http://t.co/XKREFVPekc
Tue May 12 22:55:09 +0000 2015,Best #ReggieChallenge Submissions http://t.co/VA6jY36xyc #Pacers #NBA
Tue May 12 22:49:33 +0000 2015,Player Review 2015 :David West| http://t.co/6Aqdzmkv7J #pacers
Tue May 12 22:48:45 +0000 2015,L L #Sports #Goods mens #NBA danny granger indiana #Pacers #Jersey size large #Forsale #onsale http://t.co/e3dhGY7u5E
Tue May 12 22:45:04 +0000 2015,@Juanlu_num7 Top #pacers influencer! Want to declutter you inbox quickly? Unroll.Me can help: http://t.co/76NfmmP1Ld
Tue May 12 22:44:37 +0000 2015,#Collectible #Buzz Vintage Mens #NBA Aba Indiana #Pacers #Basketball Satin Button Starter Jacket… http://t.co/SIymTttcfF #Bestseller #Buy
Tue May 12 22:44:37 +0000 2015,#Sports #Goods Vintage Mens #NBA Aba Indiana #Pacers #Basketball Satin Button Starter Jacket Sz:M http://t.co/sYE7amKFVY #Forsale #onsale
Tue May 12 22:44:35 +0000 2015,#NBA #Basketball Vintage USA Basketball Reggie Miller #Pacers Champion Basketball #Jersey Sz:44 http://t.co/xCWCICa3zS #eBay #Auction
Tue May 12 22:43:08 +0000 2015,L C #NBA #Basketball Vtg 2003 NBA INDIANA #Pacers #7 O'NEAL All Star Game #Reebok PRINTED #Jersey 60 #eBay… http://t.co/5xhlr2SYAg
Tue May 12 22:38:10 +0000 2015,L L #Collectible #Buzz JERMAINE O'NEAL INDIANA #Pacers #7 THROWBACK #Jersey YOUTH XTRA LARGE #Bestseller #Buy http://t.co/pEGIp4Pytm
Tue May 12 22:36:50 +0000 2015,RT @Pacers: The #Pacers Summer Basketball Camps are at 15 central Indiana locations. Sign up your child at http://t.co/axrswwYC8s http://t.…
Tue May 12 22:35:56 +0000 2015,RT @Pacers: The #Pacers Summer Basketball Camps are at 15 central Indiana locations. Sign up your child at http://t.co/axrswwYC8s http://t.…
Tue May 12 22:34:08 +0000 2015,Trending Vines for #PACERS on Twitter Compilation RT↺ http://t.co/z1DHU4HcKG ↺Please Favorite
Tue May 12 22:32:36 +0000 2015,L L #Sports #Goods JERMAINE O'NEAL INDIANA #Pacers #7 THROWBACK #Jersey YOUTH XTRA LARGE #Forsale #onsale http://t.co/zTFsG2Egei
Tue May 12 22:30:00 +0000 2015,RT @Pacers: The #Pacers Summer Basketball Camps are at 15 central Indiana locations. Sign up your child at http://t.co/axrswwYC8s http://t.…
Tue May 12 22:29:07 +0000 2015,#Collectible #Buzz Indiana #Pacers Paul George #Jersey Men's 2X http://t.co/qUWRd5ZMRh #Bestseller #Buy
Tue May 12 22:29:07 +0000 2015,#Sports #Goods Indiana #Pacers Paul George #Jersey Men's 2X http://t.co/mjT47B0j4B #Forsale #onsale
Tue May 12 22:29:07 +0000 2015,#NBA #Basketball Indiana #Pacers Paul George #Jersey Men's 2X http://t.co/cc61aABw9X #eBay #Auction
Tue May 12 22:26:36 +0000 2015,L #NBA #Basketball Indiana #Pacers Official NBA Basketball Large Iron On Patch #eBay #Auction http://t.co/DifC5HVyPq
Tue May 12 22:25:08 +0000 2015,Player Review 2015 :Shayne Whittington http://t.co/xSP5imID1t #Pacers #NBA
Tue May 12 22:17:13 +0000 2015,L L L #Collectible #Buzz #NBA Dark Blue Indiana #Pacers Adjustable Hat Baseball Cap NEW Licensed #Bestseller #Buy http://t.co/PAGmr3ICid
Tue May 12 22:14:41 +0000 2015,http://t.co/gGx2yAbTLR The Starters: Up/Down Report  #Pacers http://t.co/rYZotB8Pui
Tue May 12 22:14:19 +0000 2015,#Pacers #Indiana Seventh Annual Caroline Symmes Celebrity Softball Challenge set for Thursday... http://t.co/Cr5Ih5C9tn #pacersgamenight
Tue May 12 22:14:07 +0000 2015,#Collectible #Buzz #Adidas Indiana #Pacers Gold Button Up Shoot Around Warm Up Shirt Mens XL http://t.co/b8KvE1w1jI #Bestseller #Buy
