Wed May 13 01:08:35 +0000 2015,L L #NBA #Basketball NEW MEN'S NBA DETROIT #Pistons FLATBILL SNAPBACK EMBROIDERED CAP HAT OSFA #Sales #Discount http://t.co/PtDWdRJQwR
Wed May 13 01:03:37 +0000 2015,L #Collectible #Buzz New with Detroit #Pistons 11"x 18'' 2-Sided Car Flag w/Free Shipp!! #eBay #Auction http://t.co/MC3SCva6jA
Wed May 13 01:01:25 +0000 2015,@horacegrant54 @chicagobulls @nyknicks or #Pistons or #Celtics LMAO
Wed May 13 01:00:09 +0000 2015,RT @topPistons: Atlantic Notes :Anderson Iverson Knicks http://t.co/TC2jB9i69z #Pistons #NBA
Wed May 13 00:57:41 +0000 2015,L L L #Collectible #Buzz 1995 GRANT HILL #Pistons KRSI Lithograph Print Original Art Collectible Matted #eBay… http://t.co/8fYcV727dv
Wed May 13 00:57:40 +0000 2015,#Collectible #Buzz #Pistons #Jersey 3 Reebok Xl #NBA Authentic Wallace Detroit http://t.co/e3LjtTD93l #eBay #Auction
Wed May 13 00:57:40 +0000 2015,#NBA #Basketball 1990 DETROIT #Pistons PORTLAND TRAILBLAZERS ISIAH DREXLER NBA FINALS T-SHIRT XL http://t.co/WFh1HALRfh #Sales #Discount
Wed May 13 00:57:40 +0000 2015,#Detroit #Pistons 1990 DETROIT PISTONS PORTLAND TRAILBLAZERS ISIAH DREXLER NBA FINALS T-SHIRT XL http://t.co/91cmUqKaKt #NBA #Great #Deals
Wed May 13 00:55:03 +0000 2015,Atlantic Notes :Anderson Iverson Knicks http://t.co/TC2jB9i69z #Pistons #NBA
Wed May 13 00:54:52 +0000 2015,http://t.co/QgDJRG8ddN #Detroit #Pistons Nwt*** Two (2) Detroit Pistons Bottle Suit w/Free Shipping http://t.co/KLViuOlgKs #NBA #Great …
Wed May 13 00:53:17 +0000 2015,L L #NBA #Basketball 5-Detroit #Pistons Officially Licensed NBA Sport Pins (’79-’96 Logo) #Sales #Discount http://t.co/qHD2WUivBX
Wed May 13 00:47:12 +0000 2015,#Solution #Fitness 10 Simple Tips for Weight Loss http://t.co/6RAM0QhRrO #Pistons #Skinny
Wed May 13 00:46:33 +0000 2015,RT @JmillzHot97: Let em know fam #Pistons  https://t.co/g9vi5YfsOg
Wed May 13 00:42:35 +0000 2015,L #NBA #Basketball NWT***Two (2) NBA Detroit #Pistons Kolder Holders By Neoprene w/Free Shipping! #Sales #Discount http://t.co/FPKgRMJp1a
Wed May 13 00:42:06 +0000 2015,#Collectible #Buzz Chauncey Billups Detroit #Pistons #Jersey # 1 Large L Stitched Grey/RedAdidas http://t.co/mQtf2tXRYh #eBay #Auction
Wed May 13 00:42:05 +0000 2015,#NBA #Basketball Chauncey Billups Detroit #Pistons #Jersey # 1 Large L Stitched Grey/RedAdidas http://t.co/tecxMvBROF #Sales #Discount
Wed May 13 00:42:05 +0000 2015,#Detroit #Pistons Nwt*** Two (2) Detroit Pistons Bottle Suit w/Free Shipping http://t.co/ftzff1w4Ma #NBA #Great #Deals
Wed May 13 00:37:10 +0000 2015,L #Collectible #Buzz Adidas Red Rasheed WALLACE Detroit #Pistons #Basketball #Jersey Youth Large 14-16 #eBay… http://t.co/XnmOBZcxHg
Wed May 13 00:36:57 +0000 2015,Let em know fam #Pistons  https://t.co/g9vi5YfsOg
Wed May 13 00:34:22 +0000 2015,http://t.co/Nu5mqZnsfy NIKE AIR JORDAN VI 6 RETRO DETROIT PISTONS BLACK / RED 384664- #Pistons http://t.co/p4HfPdqNKt
Wed May 13 00:33:11 +0000 2015,RT DetroitPistonsv: L #Detroit #Pistons Nwt*** One Detroit Piston Bottle Suit &amp One Detroit Piston Can Holder w/Fr… http://t.co/OYOzoLfH8R
Wed May 13 00:32:12 +0000 2015,#Solution #Fitness 10 Simple Ways To Help Your Weight Loss http://t.co/cU3gygVuSO #Pistons #Skinny
Wed May 13 00:32:12 +0000 2015,L #Detroit #Pistons Nwt*** One Detroit Piston Bottle Suit &ampamp One Detroit Piston Can Holder w/Free… #NBA #Great… http://t.co/AGYu6fB4n9
Wed May 13 00:30:15 +0000 2015,Only twice since 1989 Chicago #Bulls lost a playoff series after being up 2-1 #Pistons in '89 &amp against #Wizards in 2005.
Wed May 13 00:26:17 +0000 2015,#Collectible #Buzz Nwt*** Two (2) Detroit #Pistons Bottle Suit w/Free Shipping http://t.co/UPPetqaz1y #eBay #Auction
Wed May 13 00:26:17 +0000 2015,#NBA #Basketball Men's Reebok Authentic Detroit #Pistons Shooting Warmup Jacket http://t.co/bYOY42xqSV #Sales #Discount
Wed May 13 00:26:16 +0000 2015,#Detroit #Pistons NBA Men's Detroit Pistons Zipway pants Size M (Medium)...NWOT!!! http://t.co/OA5IWcobFL #NBA #Great #Deals
Wed May 13 00:26:16 +0000 2015,L L #Detroit #Pistons DETROIT PISTONS 2004 NBA CHAMPIONS SHIRT ADULT LARGE MADE BY REEBOK #NBA #Great #Deals http://t.co/6MNgJ4VMBi
Wed May 13 00:25:16 +0000 2015,Nets Move Into Eighth in the East With a Win Over the Mavericks http://t.co/yk5nYlV5dg #Pistons #NBA
Wed May 13 00:22:52 +0000 2015,#Detroit #Pistons NBA Free-Agency Rumors: Jeremy Lin to Brooklyn Nets Isn't Far-Fetched Sce... http://t.co/tjtI3DJANm #DetroitBasketball
Wed May 13 00:21:10 +0000 2015,L #Collectible #Buzz NEW MEN'S #NBA DETROIT #Pistons FLATBILL SNAPBACK EMBROIDERED CAP HAT OSFA #eBay #Auction http://t.co/9lQcidxH5e
Wed May 13 00:13:01 +0000 2015,http://t.co/Nu5mqZnsfy The race for a top 5 draft pick  #Pistons http://t.co/6eCXgDKc52
Wed May 13 00:11:09 +0000 2015,L #NBA #Basketball NEW MEN'S NBA DETROIT #Pistons FLATBILL SNAPBACK EMBROIDERED CAP HAT OSFA #Sales #Discount http://t.co/SEJkXJkkZN
Wed May 13 00:10:08 +0000 2015,#Collectible #Buzz New with Detroit #Pistons 11"x 18'' 2-Sided Car Flag w/Free Shipp!! http://t.co/tyzXYYnvbW #eBay #Auction
Wed May 13 00:10:07 +0000 2015,#Detroit #Pistons NEW MEN'S NBA DETROIT PISTONS FLATBILL SNAPBACK EMBROIDERED CAP HAT OSFA http://t.co/f88eDggGa3 #NBA #Great #Deals
Wed May 13 00:07:43 +0000 2015,Lot of former #pistons on tonight's @NBAonTNT #bullsvscavs broadcast #CHIvsCLE #NBAPlayoffs .. very objective
Wed May 13 00:05:38 +0000 2015,L L #Collectible #Buzz 1995 GRANT HILL #Pistons KRSI Lithograph Print Original Art Collectible Matted #eBay #Auction http://t.co/qK5U1JOOHT
Wed May 13 00:04:03 +0000 2015,I never thought it possible to dislike a team more than the #Pistons but the #Cavaliers have passed them..
Wed May 13 00:03:41 +0000 2015,Go #Pistons http://t.co/jq0lypL4ZT #follow #NBA #DetroitPistons
Wed May 13 00:02:09 +0000 2015,#Solution #Fitness Weight Loss With Time-Restricted Diets http://t.co/teEHGYFecg #Pistons #Skinny
Wed May 13 00:00:40 +0000 2015,L #NBA #Basketball 5-Detroit #Pistons Officially Licensed NBA Sport Pins (’79-’96 Logo) #Sales #Discount http://t.co/xaXf1VXj6a
Wed May 13 00:00:15 +0000 2015,Pistons Hold Off Raptors Down Stretch http://t.co/XtcyrmXKxN #Pistons #NBA
Tue May 12 23:59:32 +0000 2015,NBA roundup :Spurs crush Jazz lead series 2-0| http://t.co/beu4aqKsyC #Pistons
Tue May 12 23:54:39 +0000 2015,#Collectible #Buzz Original Mitchell And Ness Isaiah Isiah Thomas Detroit #Pistons 88-89 #Jersey #NBA http://t.co/5mlf7kHFc1 #eBay #Auction
Tue May 12 23:54:39 +0000 2015,#NBA #Basketball NWT***Two (2) NBA Detroit #Pistons Kolder Holders By Neoprene w/Free Shipping! http://t.co/fm6AnLOPRy #Sales #Discount
Tue May 12 23:54:38 +0000 2015,#Detroit #Pistons Men's Reebok Authentic Detroit Pistons Shooting Warmup Jacket http://t.co/vLuvzqjOVX #NBA #Great #Deals
Tue May 12 23:50:31 +0000 2015,#NBA #Pistons - Nwt*** Two (2) Detroit Pistons Bottle Suit w/Free Shipping:  $8.99End D... http://t.co/zcq5N3Hf44 http://t.co/k33Sm3HFUt
Tue May 12 23:50:30 +0000 2015,#NBA #Pistons - Nwt*** One Detroit Piston Bottle Suit &amp One Detroit Piston Can Holder w... http://t.co/ZKsGBItYOd http://t.co/k33Sm3HFUt
Tue May 12 23:50:29 +0000 2015,#NBA #Pistons - NWT***Two (2) NBA Detroit Pistons Kolder Holders By Neoprene w/Free Shi... http://t.co/PHiVZsPyI9 http://t.co/k33Sm3HFUt
Tue May 12 23:50:11 +0000 2015,L L #Collectible #Buzz Adidas Rasheed WALLACE Detroit #Pistons #Jersey Yth M #eBay #Auction http://t.co/3ORu2ExoHx
Tue May 12 23:44:10 +0000 2015,L B #Collectible #Buzz RASHEED WALLACE DETROIT #Pistons #Jersey MEDIUM YOUTH BLUE 36 #eBay #Auction http://t.co/3S0DAR5OFh
Tue May 12 23:43:27 +0000 2015,RT @HamNewton5: “@freepsports: The #Pistons are looking to hire a specialist for the mental side of the game. http://t.co/HsnQ87mHQm #nba” …
Tue May 12 23:38:41 +0000 2015,#Collectible #Buzz Adidas Red Rasheed WALLACE Detroit #Pistons #Basketball #Jersey Youth Large 14-16 http://t.co/jBN8jnxasm #eBay #Auction
Tue May 12 23:38:41 +0000 2015,#NBA #Basketball Nwt*** Two (2) Detroit #Pistons Bottle Suit w/Free Shipping http://t.co/6ik15tsynU #Sales #Discount
Tue May 12 23:38:40 +0000 2015,#Detroit #Pistons Nwt*** One Detroit Piston Bottle Suit &amp One Detroit Piston Can Holder w/Free… http://t.co/AfGZKcUq1N #NBA #Great #Deals
Tue May 12 23:38:40 +0000 2015,L #Detroit #Pistons Adidas Blue CHRIS WEBBER Detroit Pistons Basketball Jersey Youth Large 14-16 #NBA #Great #Deals http://t.co/USGjibHgUG
Tue May 12 23:35:14 +0000 2015,N.B.A. Playoffs :Story Lines to Watch http://t.co/IcZ6clrCcq #Pistons #NBA
Tue May 12 23:33:06 +0000 2015,L L L #Collectible #Buzz BNWT ADIDAS #NBA Detroit #Pistons On-Court Warm-Up Jacket Men's Medium 6937A $110 #eBay… http://t.co/pUd2jNrHxG
Tue May 12 23:30:36 +0000 2015,#Solution #Fitness Exotic Fruit Juice Recipes for Weight Loss http://t.co/qMF7Gg3TOb #Pistons #Skinny
Tue May 12 23:23:18 +0000 2015,L #Detroit #Pistons DETROIT PISTONS 2004 NBA CHAMPIONS SHIRT ADULT LARGE MADE BY REEBOK #NBA #Great #Deals http://t.co/cr6h2pBemU
Tue May 12 23:23:18 +0000 2015,#Collectible #Buzz NEW MEN'S #NBA DETROIT #Pistons FLATBILL SNAPBACK EMBROIDERED CAP HAT OSFA http://t.co/yvXSFJMasD #eBay #Auction
Tue May 12 23:23:18 +0000 2015,#NBA #Basketball NEW MEN'S NBA DETROIT #Pistons FLATBILL SNAPBACK EMBROIDERED CAP HAT OSFA http://t.co/dVYbW8FUDj #Sales #Discount
Tue May 12 23:23:17 +0000 2015,#Detroit #Pistons Pistons Jersey 3 Reebok Xl Nba Authentic Wallace Detroit http://t.co/TyHuUkkVyG #NBA #Great #Deals
Tue May 12 23:18:06 +0000 2015,L B #NBA #Basketball RASHEED WALLACE DETROIT #Pistons #Jersey MEDIUM YOUTH BLUE 36 #Sales #Discount http://t.co/aSJxiqobh2
Tue May 12 23:17:27 +0000 2015,#Detroit #Pistons Rick Mahorn can see positives for Pistons: (Photo: Clarence Tabb Jr. Det... http://t.co/Ahvh5TWE6u #DetroitBasketball
Tue May 12 23:14:34 +0000 2015,#Solution #Fitness Gym Workout Bodybuilding Tips http://t.co/zkCRKmO2dt #Pistons #Skinny
Tue May 12 23:12:36 +0000 2015,L #Collectible #Buzz 1995 GRANT HILL #Pistons KRSI Lithograph Print Original Art Collectible Matted #eBay #Auction http://t.co/FmGSR8xfND
Tue May 12 23:10:14 +0000 2015,What We Learned About the Detroit Pistons During the 2014-15 NBA Season http://t.co/nKhuMCxh8P #Pistons #NBA
Tue May 12 23:08:08 +0000 2015,#Collectible #Buzz 2004 Limited Edition Detroit #Pistons Burger King TAYSHAUN PRINCE Bobblehead http://t.co/NejAm0ywIx #eBay #Auction
Tue May 12 23:08:08 +0000 2015,#NBA #Basketball 5-Detroit #Pistons Officially Licensed NBA Sport Pins (’79-’96 Logo) http://t.co/1d2fNoEcaH #Sales #Discount
Tue May 12 23:08:08 +0000 2015,#Detroit #Pistons LARGE DETROIT PISTONS VINTAGE CHAMPION SHOOTING SHIRT JERSEY http://t.co/CznuImktgC #NBA #Great #Deals
Tue May 12 23:06:35 +0000 2015,L B #Detroit #Pistons VINTAGE NBA HOOPS ACTION PHOTO'S DETROIT PISTONS #11 ISIAH THOMAS 8"X10" #NBA #Great #Deals http://t.co/8dXq4igoDY
Tue May 12 23:00:41 +0000 2015,RT DetroitPistonsv: #Detroit #Pistons Adidas Blue CHRIS WEBBER Detroit Pistons Basketball Jersey Youth Large 14-16… http://t.co/OYOzoLfH8R
Tue May 12 22:59:39 +0000 2015,#Solution #Fitness Can I Use Garcinia Cambogia To Lose Weight? http://t.co/wAI3cWyUl2 #Pistons #Skinny
Tue May 12 22:57:05 +0000 2015,L #Collectible #Buzz Adidas Rasheed WALLACE Detroit #Pistons #Jersey Yth M #eBay #Auction http://t.co/skiIr9HoP9
Tue May 12 22:55:13 +0000 2015,RT @TrueHoopNetwork: New @PistonPowered: Report: Joe Dumars already advising Pelicans http://t.co/OU2mo37vPO #pistons #nba
Tue May 12 22:54:22 +0000 2015,RT @DetroitPistons: Rock your #Pistons gear this summer. Get 25% off hats and t-shirts at http://t.co/G1vOAdBJPE with code TEE25S http://…
Tue May 12 22:52:08 +0000 2015,L L L #Collectible #Buzz RASHEED WALLACE DETROIT #Pistons #Jersey MEDIUM YOUTH BLUE 36 #eBay #Auction http://t.co/v3kp4RRYcz
Tue May 12 22:52:07 +0000 2015,#Collectible #Buzz Reebok Red Rasheed WALLACE Detroit #Pistons #Basketball #Jersey Youth L 14-16 http://t.co/zHhfP0zhT0 #eBay #Auction
Tue May 12 22:52:07 +0000 2015,#NBA #Basketball Detroit #Pistons 2009 Team Calendar http://t.co/iyDSsKWFmq #Sales #Discount
Tue May 12 22:52:06 +0000 2015,#Detroit #Pistons Adidas Blue CHRIS WEBBER Detroit Pistons Basketball Jersey Youth Large 14-16 http://t.co/4OoMSZOIyU #NBA #Great #Deals
Tue May 12 22:47:13 +0000 2015,L L #Collectible #Buzz BNWT ADIDAS #NBA Detroit #Pistons On-Court Warm-Up Jacket Men's Medium 6937A $110 #eBay… http://t.co/7ZXmJYSaed
Tue May 12 22:45:13 +0000 2015,Woelfel On Thibodeau Carter-Williams Middleton http://t.co/wXyRGNlqS5 #Pistons #NBA
Tue May 12 22:44:07 +0000 2015,#Solution #Fitness Natural Results For Weight Loss http://t.co/8yQ8qGQedw #Pistons #Skinny
Tue May 12 22:42:05 +0000 2015,L #Collectible #Buzz Detroit #Pistons Richard Hamilton Blue Adidas Road #Jersey EUC - Youth Small 8 #eBay #Auction http://t.co/m5YStsghsA
Tue May 12 22:42:05 +0000 2015,#NBA #Pistons - 5-Detroit Pistons Officially Licensed NBA Sport Pins (’79-’96 Logo):  $... http://t.co/MSSPOdlBqz http://t.co/k33Sm3HFUt
Tue May 12 22:42:04 +0000 2015,#NBA #Pistons - Adidas Blue CHRIS WEBBER Detroit Pistons Basketball Jersey Youth Large ... http://t.co/vvSGy5vYSM http://t.co/k33Sm3HFUt
Tue May 12 22:42:04 +0000 2015,#NBA #Pistons - Adidas Red Rasheed WALLACE Detroit Pistons Basketball Jersey Youth Larg... http://t.co/WHdkFxPoP9 http://t.co/k33Sm3HFUt
Tue May 12 22:42:04 +0000 2015,#NBA #Pistons - Reebok Red Rasheed WALLACE Detroit Pistons Basketball Jersey Youth L 14... http://t.co/9u0Ui64y5t http://t.co/k33Sm3HFUt
Tue May 12 22:42:04 +0000 2015,#NBA #Pistons - Adidas Rasheed WALLACE Detroit Pistons Jersey Yth M:  $7.99End Date: Tu... http://t.co/kyvN2BhtGK http://t.co/k33Sm3HFUt
Tue May 12 22:35:36 +0000 2015,#Collectible #Buzz 5-Detroit #Pistons Officially Licensed #NBA Sport Pins (’79-’96 Logo) http://t.co/VKGtxJiwiT #eBay #Auction
Tue May 12 22:35:35 +0000 2015,#NBA #Basketball #Pistons #Jersey 3 Reebok Xl Nba Authentic Wallace Detroit http://t.co/lcYDwX8MoE #Sales #Discount
Tue May 12 22:35:35 +0000 2015,#Detroit #Pistons DETROIT PISTONS 2004 NBA CHAMPIONS SHIRT ADULT LARGE MADE BY REEBOK http://t.co/cYfjfawyAH #NBA #Great #Deals
Tue May 12 22:32:11 +0000 2015,L L L #NBA #Basketball RASHEED WALLACE DETROIT #Pistons #Jersey MEDIUM YOUTH BLUE 36 #Sales #Discount http://t.co/Rb203er31O
Tue May 12 22:29:15 +0000 2015,#Solution #Fitness Dr. Oz's 'magic weight-loss cure' loses remaining support http://t.co/ke9ED2sBv6 #Pistons #Skinny
Tue May 12 22:28:11 +0000 2015,Draymond Green&amp#039s mom on his free-agency: &amp#039Dray l  http://t.co/yd1EX7N2dL  #detroit #goldenstate #pistons
Tue May 12 22:26:06 +0000 2015,L L #NBA #Basketball DETROIT #Pistons 2004 NBA CHAMPIONS SHIRT ADULT LARGE MADE BY REEBOK #Sales #Discount http://t.co/rPOHnvzba9
Tue May 12 22:21:32 +0000 2015,RT @HamNewton5: “@freepsports: The #Pistons are looking to hire a specialist for the mental side of the game. http://t.co/HsnQ87mHQm #nba” …
Tue May 12 22:20:12 +0000 2015,Bulls Interested In Alvin Gentry http://t.co/b4qXcZHVQJ #Pistons #NBA
Tue May 12 22:20:08 +0000 2015,#Collectible #Buzz 1995 GRANT HILL #Pistons KRSI Lithograph Print Original Art Collectible Matted http://t.co/lMvDBSUKu5 #eBay #Auction
