Wed May 13 01:09:03 +0000 2015,Timofey Mozgov Leads In Rim Protection During Playoffs| http://t.co/lW9d2l4ntS #Raptors
Wed May 13 01:08:13 +0000 2015,#Raptors #Toronto #TorontoRaptors Toronto Raptors Not Panicking is Admirable But Dwane Casey Should Have Been.. http://t.co/BCMgK9ggPR
Wed May 13 01:04:02 +0000 2015,Award winning advertising series | Sandy Nicholson 2/3#Raptors#WeTheNorth#AppliedArtsAwards#AmirJohnson http://t.co/fy4Ppe3M7D
Wed May 13 01:00:51 +0000 2015,@DaveZarum &amp @JDBunkis are joined by @swirsk054 to talk #Bulls &amp his days with the #Raptors https://t.co/vSrxG1K8Rp http://t.co/pbdRiYz4Yg
Wed May 13 01:00:18 +0000 2015,Toronto #Raptors Not Panickin is Admirable But Dwane Casey Should Have Been Fird  http://t.co/veJfA83Y6N #players #season #Valanciunas
Wed May 13 01:00:16 +0000 2015,Lowry shouldn‚Äôt have say in future of coach :Feschuk http://t.co/RVC9Dr4FAC #Raptors #NBA
Wed May 13 00:59:32 +0000 2015,RT @Howevolution: ICYMI there's no reason for the #Raptors not to take a look at Scott Brooks via @HoopsHabit: http://t.co/yH0OuwcSWM
Wed May 13 00:58:28 +0000 2015,RT @TheHoopTrends: #Raptors bringing back Dwayne Casey. Is that the right move?
Wed May 13 00:58:17 +0000 2015,I'm sorry I really do want to stay positive about the @Raptors but lately they aren't giving us much hope #Raptors
Wed May 13 00:55:29 +0000 2015,RT @IamJJ3: Oh yea Next Year - Is OUR Year NO I IN WE#Raptors#RTZ#WeThe3 #Wethenorth save the file
Wed May 13 00:52:44 +0000 2015,http://t.co/j1D4So2WMC Raptors looking to tweak coaching staff  #Raptors http://t.co/JUh2AGuNP5
Wed May 13 00:51:46 +0000 2015,So glad the #Raptors are bringing back coach Casey for 2015/16 season
Wed May 13 00:51:44 +0000 2015,RT @canusaSD: Report: #Raptors will keep Dwane Casey as their head coach may shuffle assistant staff.
Wed May 13 00:51:26 +0000 2015,RT @canusaSD: Report: #Raptors will keep Dwane Casey as their head coach may shuffle assistant staff.
Wed May 13 00:51:06 +0000 2015,Report: #Raptors will keep Dwane Casey as their head coach may shuffle assistant staff.
Wed May 13 00:49:59 +0000 2015,RT @letsnbaok: And if the #Raptors cut Tom Sterner they better be prepared for an angry mob. My pitchfork is ready #rtz #WeTheNorth
Wed May 13 00:48:25 +0000 2015,RT @SlamSports: No news is good news as #Raptors will bring back Dwane Casey as head coach. http://t.co/RA62xO0DeB #RTZ http://t.co/NvRvpra‚Ä¶
Wed May 13 00:46:29 +0000 2015,No news is good news as #Raptors will bring back Dwane Casey as head coach. http://t.co/RA62xO0DeB #RTZ http://t.co/NvRvpra41r
Wed May 13 00:46:29 +0000 2015,No news is good news as #Raptors will bring back Dwane Casey as head coach. http://t.co/WMEeWdfgp3 #RTZ http://t.co/UPXWNBk9sl
Wed May 13 00:45:39 +0000 2015,RT @CARaptorsFan: @OutsiderNba As long as Amir is gone the #Raptors will be fine.  Just really bad chemistry with Jonas.
Wed May 13 00:44:29 +0000 2015,@okdeadhead @dividedwilson Falcon's eat any and all varmints they can find. #Raptors
Wed May 13 00:44:02 +0000 2015,The @Raptors bringing Casey back makes me worry about next season. No Offence terrible defence...oh boy #Raptors
Wed May 13 00:41:27 +0000 2015,I'm thinking that keeping Casey means we're blowing the team up - why pay two coaches in a re-building year? #firecasey #raptors
Wed May 13 00:40:15 +0000 2015,Details murky on where Raptors-affiliated team would fit in NBA D-League http://t.co/vsxsPmHzom #Raptors #NBA
Wed May 13 00:37:57 +0000 2015,RT @RaptorsViews: #TorontoRaptors #Raptors Raptors bringing back Dwane Casey as head coach http://t.co/M8EaI8OJpS
Wed May 13 00:37:04 +0000 2015,#TorontoRaptors #Raptors Raptors bringing back Dwane Casey as head coach http://t.co/M8EaI8OJpS
Wed May 13 00:36:27 +0000 2015,Rose aggravates "Wonky" right wrist #Raptors
Wed May 13 00:34:43 +0000 2015,#Raptors Dwyane Casey repetir√° en el banquillo pero pr√°cticamente todo su staff sera removido a petici√≥n de la Gerencia. #NBA
Wed May 13 00:34:01 +0000 2015,Raptors meek exit from NBA playoffs √¢¬Ä¬òunacceptable√¢¬Ä¬ô GM Masai Ujiri says| http://t.co/jyc8BxXLj5 #Raptors
Wed May 13 00:32:49 +0000 2015,RT @Mitch_Lawrence: #Raptors' Dwane Casey no longer on hot seat. Per league sources he‚Äôs returning to Toronto for next season probably wi‚Ä¶
Wed May 13 00:31:08 +0000 2015,Coach Casey will be back as Toronto Head Coach. Great news &amp well deserved. #Raptors I love the continuity and stability with this move.
Wed May 13 00:22:28 +0000 2015,RT @TheHoopTrends: #Raptors bringing back Dwayne Casey. Is that the right move?
Wed May 13 00:21:07 +0000 2015,RT @TheHoopTrends: #Raptors bringing back Dwayne Casey. Is that the right move?
Wed May 13 00:20:20 +0000 2015,#Raptors bringing back Dwayne Casey. Is that the right move?
Wed May 13 00:20:14 +0000 2015,Five possible homes for Raptors proposed NBA D-League team http://t.co/V1z1kkKV1j #Raptors #NBA
Wed May 13 00:19:02 +0000 2015,RT @DawkinsMTA: REUPLOAD: @kobebryant Full Highlights 2006.01.22 #Lakers vs #Raptors - NASTY Career-HiGH 81 Pts!http://t.co/u7OMDOJGgQ
Wed May 13 00:14:13 +0000 2015,LOVED seeing the #AirCanada #Raptors fan and sponsorship spot during the #BULLSvsCAVS game!!!! @NBAonTNT  ‚úàüèÄüòçüòöüòé
Wed May 13 00:13:39 +0000 2015,#RaptorNation Toronto Raptors to bring back Dwane Casey as head coach: reports: Dwane Casey ... http://t.co/4rkerz5wlA #raptors #toronto
Wed May 13 00:09:10 +0000 2015,And if the #Raptors cut Tom Sterner they better be prepared for an angry mob. My pitchfork is ready #rtz #WeTheNorth
Wed May 13 00:07:51 +0000 2015,ICYMI there's no reason for the #Raptors not to take a look at Scott Brooks via @HoopsHabit: http://t.co/yH0OuwcSWM
Wed May 13 00:00:28 +0000 2015,http://t.co/j1D4SnLlV4 Report: Raptors to Fire Assistant Coaches Retain Dwane Casey (Upd #Raptors http://t.co/1FF8kLFmsK
Wed May 13 00:00:14 +0000 2015,Too hurt? Why athletes choose to sit or play through injuries http://t.co/GuJD2Uer0z #Raptors #NBA
Tue May 12 23:58:59 +0000 2015,1st 2012 NBA MOCK DRAFT!| http://t.co/BOQlqNJCin #Raptors
Tue May 12 23:49:22 +0000 2015,RT @Jgrewal15: Gonna miss the soul reaper Mr. Tom Sterner on the sidelines. He was definitely the silver lining this season. #rtz #WeTheNor‚Ä¶
Tue May 12 23:42:11 +0000 2015,Raptors looking to tweak coaching staff http://t.co/YfSkFQ9A4j #raptors
Tue May 12 23:42:04 +0000 2015,http://t.co/EEkB0NdMH9: Kemba Walker Hits... http://t.co/yxUMl2LR1I #beater #buzzer #cavaliers #cleveland #hits #kemba #raptors #walker
Tue May 12 23:40:11 +0000 2015,Bulls Interested In Alvin Gentry http://t.co/FhGeTVwyGX #Raptors #NBA
Tue May 12 23:39:17 +0000 2015,#Raptors 75-Million-Year-Old Fossil Belongs to New Dinosaur Species http://t.co/rQcmkXejss
Tue May 12 23:38:45 +0000 2015,Raptor 7s üò¥üò¥ #raptors #retros #solecollector #REBONES #Poptartkicks #dynamicduo dynamicduo23‚Ä¶ https://t.co/s341mkxSKF
Tue May 12 23:25:10 +0000 2015,As much the #Raptors need improvement the local media covering them in #Toronto needs even more improvment
Tue May 12 23:24:41 +0000 2015,http://t.co/2EmsA2ahiG [Pro Bball Report] - Toronto Raptors Are Keeping Coach Casey  #Raptors http://t.co/CfMux1D80r
Tue May 12 23:23:57 +0000 2015,Roster Report| http://t.co/3luRPyF1ma #Raptors
Tue May 12 23:21:05 +0000 2015,Put him in a #Raptors uniform next season https://t.co/CTDcehF8BN
Tue May 12 23:20:11 +0000 2015,Southwest Notes :Dumars Rockets Parsons http://t.co/0rgfCFAuI9 #Raptors #NBA
Tue May 12 23:17:42 +0000 2015,http://t.co/2EmsA2ahiG KEVIN WILLIS #42 NBA Toronto Raptors Atlanta Hawks Rockets Sig #Raptors http://t.co/izFeP7epa9
Tue May 12 23:11:22 +0000 2015,RT @RaptorsMilGrau: UM POUQUINHO DE SEDUZ√äNCIA ENQUANTO ACOMPANHAMOS OS PLAYOFFS #rtz #Raptors http://t.co/5q0s5Y8Ycx
Tue May 12 23:09:01 +0000 2015,UM POUQUINHO DE SEDUZ√äNCIA ENQUANTO ACOMPANHAMOS OS PLAYOFFS #rtz #Raptors http://t.co/5q0s5Y8Ycx
Tue May 12 23:08:45 +0000 2015,Fill in the blank: _____ pisses me off more than MLSE. #Raptors #RTZ
Tue May 12 23:06:39 +0000 2015,#RaptorNation Terrence Ross Raptors forward has stern message for fans: Guess what Toronto... http://t.co/c9DeeRYhY6 #raptors #toronto
Tue May 12 23:05:07 +0000 2015,Some real bad news. All signs point to Dwane Casey returning to coach the #Raptors. #RTZ #WeTheNorth... http://t.co/il0SmJ3blp
Tue May 12 23:04:43 +0000 2015,Gonna miss the soul reaper Mr. Tom Sterner on the sidelines. He was definitely the silver lining this season. #rtz #WeTheNorth #Raptors
Tue May 12 23:03:54 +0000 2015,Excited for the #CavsBulls game.  With the #Raptors out I guess I'll have to jump on the LeBron bandwagon for the remainder of the playoffs.
Tue May 12 23:02:35 +0000 2015,#toronto #raptors #news : Raptors looking to tweak coaching staff http://t.co/OKVLSSmoma
Tue May 12 23:00:10 +0000 2015,Pelicans Fire Monty Williams http://t.co/O34Xo5D5Re #Raptors #NBA
Tue May 12 22:57:00 +0000 2015,#NBA #Raptors- Toronto Raptors Fitted Cap 7 5/8:  $16.00End Date: Thursday Jun-11-2015 ... http://t.co/bXVmOJi4Rr http://t.co/k33Sm3HFUt
Tue May 12 22:57:00 +0000 2015,#NBA #Raptors- Toronto Raptors Snapback Adjustable:  $18.00End Date: Thursday Jun-11-20... http://t.co/fTY6dwgiiW http://t.co/k33Sm3HFUt
Tue May 12 22:57:00 +0000 2015,#NBA #Raptors- Vtg VINCE CARTER Toronto Raptors White Champion Blank NBA Adult Jersey S... http://t.co/ffHz9Iq1HD http://t.co/k33Sm3HFUt
Tue May 12 22:56:59 +0000 2015,#NBA #Raptors- Toronto Raptors Fitted Cap 7 5/8:  $16.00End Date: Thursday Jun-11-2015 ... http://t.co/WL0rti1wQb http://t.co/k33Sm3HFUt
Tue May 12 22:54:16 +0000 2015,RT @CARaptorsFan: AFAIK there were several #Raptors AC who have expiring contracts next month.  My guess is some are not rethired but Masai‚Ä¶
Tue May 12 22:53:02 +0000 2015,@Sportsnet terrance ross is a LOSER! wake up huddy u aren't that good! u are a bench player at best. #raptors #rtz
Tue May 12 22:48:22 +0000 2015,Dwane Casey continuar√° al frente del banquillo de los Toronto¬†#Raptors http://t.co/JLPiyk1zZJ via @nbamaniacs #NBA
Tue May 12 22:47:30 +0000 2015,RT @danfavale: I take ‚ÄúDwane Casey is safe‚Äù to mean ‚ÄúThe #Raptors know Tom Thibodeau prefers #Pelicans."
Tue May 12 22:46:33 +0000 2015,RT @Mitch_Lawrence: #Raptors' Dwane Casey no longer on hot seat. Per league sources he‚Äôs returning to Toronto for next season probably wi‚Ä¶
Tue May 12 22:39:20 +0000 2015,My nigga @TeamLou23 takin over #liquidtuesday at @ONYXAtlanta 2nite #NDIVODKA #raptors #The6ix http://t.co/OXzz0Ml7lE
Tue May 12 22:37:41 +0000 2015,#d1lockermedia #NBA #USA #TheGreatest #Champions #Legends #TracyMcGrady #TMac #OrlandoMagic #Toronto #Raptors #Toro‚Ä¶ http://t.co/5D4g46RVAV
Tue May 12 22:36:58 +0000 2015,Osprey at HoleyLand WMA http://t.co/dFaIwRvIDX #bird #birds #of #prey #raptors
Tue May 12 22:35:18 +0000 2015,No surprise here - the #Toronto #Raptors are keeping head coach Dwane Casey http://t.co/47kCgCqYbb http://t.co/NRZluPrEAG
Tue May 12 22:35:12 +0000 2015,DeMar and Diane DeRozan's special mother-son relationship http://t.co/3e39zLaFYJ #Raptors #NBA
Tue May 12 22:28:08 +0000 2015,Osprey at HoleyLand WMA http://t.co/dFaIwRNjvv #bird #birds #of #prey #raptors
Tue May 12 22:26:36 +0000 2015,Casey returning to coach #Raptors next season http://t.co/xGkOYDox8z
Tue May 12 22:24:29 +0000 2015,#Raptors Dwane Casey is likely to return as the head coach of the Raptors next season.  http://t.co/ojOABVyels
Tue May 12 22:15:12 +0000 2015,Toronto Raptors Player Reviews :The Forgotten Souls http://t.co/gpFctTkhyn #Raptors #NBA
Tue May 12 22:13:53 +0000 2015,Lowry shouldn√¢¬Ä¬ôt have say in future of coach :Feschuk| http://t.co/sWepFTUc3G #Raptors
Tue May 12 22:03:17 +0000 2015,RT @Mitch_Lawrence: #Raptors' Dwane Casey no longer on hot seat. Per league sources he‚Äôs returning to Toronto for next season probably wi‚Ä¶
Tue May 12 22:01:47 +0000 2015,RT @Mitch_Lawrence: #Raptors' Dwane Casey no longer on hot seat. Per league sources he‚Äôs returning to Toronto for next season probably wi‚Ä¶
Tue May 12 22:00:15 +0000 2015,#RaptorNation Toronto man fired after he tries to justify vulgar TV remark: TORONTO ‚Äî A Toro... http://t.co/GrhydZRCRK #raptors #toronto
Tue May 12 21:56:56 +0000 2015,http://t.co/2EmsA2ahiG DV1306 Toronto Raptors Logo Basketball Sport Art 32x24 Print P #Raptors http://t.co/RVWX0YUQuh
Tue May 12 21:55:28 +0000 2015,Hopefully no one is shocked - the #Toronto #Raptors are (obviously) keeping Head Coach Dwane Casey http://t.co/47kCgCqYbb
Tue May 12 21:55:11 +0000 2015,Terrence Ross Has A Message For Raptors Fans :"Bare With Us We'll Only Get Better" http://t.co/lxF2BJiOlM #Raptors #NBA
Tue May 12 21:41:27 +0000 2015,Casey gets a free pass for a team that COLLAPSED but his assistants get axed? #CopOut #MakesNoSense #Raptors
Tue May 12 21:38:56 +0000 2015,Dwane Casey is going to be back as coach for the #Raptors? Ugh. No. Just No. Ah well makes me happy I'm a #GSWarriors fan.
Tue May 12 21:37:02 +0000 2015,#TorontoRaptors #Raptors #Toronto Report: Raptors to Fire Assistant Coaches Retain Dwane Casey http://t.co/AAOyDdsps3
Tue May 12 21:37:02 +0000 2015,#TorontoRaptors #Raptors #Toronto Dwane Casey Will Remain Head Coach Of Raptors http://t.co/Cwj4hQ4HEA
Tue May 12 21:30:23 +0000 2015,@JoeWhalen17 Ross had a bad year and bad playoff maybe the team decided to put his name on it to improve his image with #Raptors fans
Tue May 12 21:28:54 +0000 2015,RT @Mitch_Lawrence: #Raptors' Dwane Casey no longer on hot seat. Per league sources he‚Äôs returning to Toronto for next season probably wi‚Ä¶
Tue May 12 21:28:45 +0000 2015,RT @Mitch_Lawrence: #Raptors' Dwane Casey no longer on hot seat. Per league sources he‚Äôs returning to Toronto for next season probably wi‚Ä¶
Tue May 12 21:28:22 +0000 2015,AFAIK there were several #Raptors AC who have expiring contracts next month.  My guess is some are not rethired but Masai fires no one.
Tue May 12 21:26:27 +0000 2015,There is an rumor being spread by some #Raptors will fire some AC.  Could be they just let those go with expiring contracts not fire anyone
Tue May 12 21:17:00 +0000 2015,I expected this from a Raptors player Terrence wasn't the guy I thought would do it good on him. #Raptors https://t.co/Cs1Ywzjoai
Tue May 12 21:15:33 +0000 2015,DeRo! #WeTheNorth #Raptors #DeRozan #Compton #California #NBA #Basketball #NBAPlayOffs #DeRozan #Demar #LouWilliams‚Ä¶ http://t.co/25zgSg6P2Q
