Wed May 13 01:05:41 +0000 2015,Tristan Thompson would look good in a @Suns uniform next season. #Suns
Wed May 13 01:01:32 +0000 2015,This is @mzemek --I doubt either Taj/Delly will be suspended 4 G6 but as a native of Phoenix I recall surprising playoff suspensions #SUNS
Wed May 13 01:00:10 +0000 2015,Evaluating Last Year‚Äôs Rookie Scale Extensions http://t.co/OYfbQIGUaH #Suns #NBA
Wed May 13 00:52:12 +0000 2015,Never Forget #Eric_Saar took a look at why the Phoenix #Suns should look at trading up in the 2015 NBA Draft:‚Ä¶ http://t.co/NP0B5jyzk5
Wed May 13 00:51:35 +0000 2015,ICYMI #Eric_Saar took a look at why the Phoenix #Suns should look at trading up in the 2015 NBA Draft:‚Ä¶ http://t.co/dsUPbQ0kpc
Wed May 13 00:42:59 +0000 2015,RT @InstaYoga: Toning it up from morning till night! Yoga after this gorgeous sunset üåÑ #tiu #tiumom #suns‚Ä¶ http://t.co/4DguKDKcWn http://t.‚Ä¶
Wed May 13 00:40:40 +0000 2015,S/O 2all the Real Bulls Fans who have stuck around since Michael Jordan days.Don't worry I'm hangin round since Charles Barclay days! #Suns
Wed May 13 00:40:39 +0000 2015,Toning it up from morning till night! Yoga after this gorgeous sunset üåÑ #tiu #tiumom #suns‚Ä¶ http://t.co/4DguKDKcWn http://t.co/Bs3izwfA0s
Wed May 13 00:06:24 +0000 2015,RT @AustinRanard: I just had to get them... #Suns #retro8's #sneakerhead #sneakerfamily http://t.co/u7dwCtxJW1
Wed May 13 00:03:49 +0000 2015,#Suns Tweets: Lady Luck hasn't exactly been the @Suns date when‚Ä¶ http://t.co/qIhKKfwRbQ #NBA http://t.co/EwGtOThIj1 http://t.co/uN7Mb9aCbI
Tue May 12 23:38:28 +0000 2015,Check out these vintage Phoenix Suns Champion basketball shorts on eBay: http://t.co/kmsMVxshxl #suns #NBAPlayoffs #NBACombine
Tue May 12 23:05:41 +0000 2015,#Suns Tweets: P.J. Tucker and @DanMajerle stop by the Harley and Ruth Baker Branch of‚Ä¶ #NBA http://t.co/EwGtOThIj1 http://t.co/zjgejpBciQ
Tue May 12 22:55:10 +0000 2015,The Official BSotS Vernacular http://t.co/bcjXsM5ggM #Suns #NBA
Tue May 12 22:46:03 +0000 2015,Instagram : by robb737pilot - Good Night everyone!! Specially to my darling at home far away üòî‚ù§Ô∏è @_k_tea_ !!! #suns‚Ä¶ http://t.co/mhu0Ed0b0G
Tue May 12 22:35:10 +0000 2015,2015 NBA Draft Combine :Who to watch for the Phoenix Suns http://t.co/e2K2flk2wu #Suns #NBA
Tue May 12 22:33:39 +0000 2015,#Suns Tweets: Predict where the Suns land in the Lottery &ampamp‚Ä¶ http://t.co/ucml2qT2Ko #NBA http://t.co/EwGtOThIj1 http://t.co/cMZv0ZU4eY
Tue May 12 22:29:05 +0000 2015,Phoenix #Suns: Don‚Äôt Count On A Morris Twins Trade Anytime Soon - http://t.co/VhHHH96gpJ via @ValleyoftheSuns http://t.co/jnTxg18wQ9
Tue May 12 22:16:00 +0000 2015,RT @ValleyoftheSuns: ICYMI @Eric_Saar took a look at why the Phoenix #Suns should look at trading up in the 2015 NBA Draft:http://t.co/S‚Ä¶
Tue May 12 22:14:13 +0000 2015,RT @ValleyoftheSuns: ICYMI @Eric_Saar took a look at why the Phoenix #Suns should look at trading up in the 2015 NBA Draft:http://t.co/S‚Ä¶
Tue May 12 22:13:54 +0000 2015,Goran Dragic and Baby T prank the #Suns http://t.co/4cjJYlGJCc http://t.co/FoGzfYHpaG
Tue May 12 22:10:54 +0000 2015,ICYMI @Eric_Saar took a look at why the Phoenix #Suns should look at trading up in the 2015 NBA Draft:http://t.co/S4yEiSXRSG
Tue May 12 22:10:50 +0000 2015,I just had to get them... #Suns #retro8's #sneakerhead #sneakerfamily http://t.co/u7dwCtxJW1
Tue May 12 22:08:07 +0000 2015,#phoenixsuns #suns #GoSuns #phx New Phoenix Suns Rumors. Tuesday May 12 2015 http://t.co/PAA574Ra0B
Tue May 12 21:55:08 +0000 2015,Suns Retorter :What Will it Take to Move Up in NBA Draft? http://t.co/Z6aPU4XgC5 #Suns #NBA
Tue May 12 21:40:46 +0000 2015,#Phoenix #Suns #JasonKidd #32 #Nike #NikeGang #NewLegend #NiceKicks #YoungOG #SneakerGawd #SummerHeat‚Ä¶ https://t.co/dRCqiY9vMg
Tue May 12 21:38:28 +0000 2015,http://t.co/dveizoxDox [NBA] - Seventh Annual Caroline Symmes Celebrity Softball Challen #Suns http://t.co/Y9jGayQ7Wi
Tue May 12 21:35:08 +0000 2015,Pelicans Fire Monty Williams http://t.co/aCAX0l9QqD #Suns #NBA
Tue May 12 21:08:28 +0000 2015,#phoenixsuns #suns #GoSuns #phx Draft Notes: Russell Booker Towns Okafor http://t.co/9XgRteKESs
Tue May 12 21:04:12 +0000 2015,#beam #day #suns #shine @ Earth üåè https://t.co/KBDsI2Pib1
Tue May 12 21:04:10 +0000 2015,#Google As long as the #suns not blinding you that is #isI have #nocomplaints http://t.co/mDm7fgOeT6
Tue May 12 20:55:03 +0000 2015,Fallout From/Reaction To Monty Williams Firing http://t.co/HUGpGLzwOf #Suns #NBA
Tue May 12 20:38:16 +0000 2015,#Suns Tweets: It's never too early to try and figure out who‚Ä¶ http://t.co/1iufghX7Qo #NBA http://t.co/EwGtOThIj1 http://t.co/1yZVNe7G7W
Tue May 12 20:37:20 +0000 2015,RT NBA_Sneakers: #Suns Phoenix Suns 'put a premium' on player interviews at NBA Pre-Draft Combine: PHOENIX -- ... ‚Ä¶ http://t.co/0z1PvJVdpf
Tue May 12 20:34:47 +0000 2015,#Suns Phoenix Suns 'put a premium' on player interviews at NBA Pre-Draft Combine: PHOENIX -- ... http://t.co/l5yHpL1aFV #GoSuns #Phoenix
Tue May 12 20:32:44 +0000 2015,#Suns Tweets: The @NBA Draft Lottery is one week from today! Join us for a special‚Ä¶ http://t.co/aCXjl5DhOW #NBA http://t.co/EwGtOThIj1
Tue May 12 20:30:18 +0000 2015,DeMarre Carroll Believed To Have Injured Hip Pointer On Nene Screen http://t.co/i28Uy7ARPE #Suns #NBA
Tue May 12 20:20:05 +0000 2015,Hawaiian papayas for breakfast on the beach üåä‚òÄÔ∏èüå∫ #hawaii #waikiki #breakfast #foodie #suns‚Ä¶ http://t.co/QKHPDbnogR http://t.co/6uwxrID3rC
Tue May 12 20:18:51 +0000 2015,#Suns Wire: The Starting Five: Shooters have their say in‚Ä¶ http://t.co/3Q7ScqwcY8 #NBA http://t.co/EwGtOThIj1 http://t.co/6QOioiGiMj
Tue May 12 19:49:05 +0000 2015,#phoenixsuns #suns #GoSuns #phx Fallout From/Reaction To Monty Williams Firing http://t.co/FiajhEsVTr
Tue May 12 19:48:42 +0000 2015,#suns The Suns have missed the playoffs 5 years in a row now (Tied for longest drought in team history) http://t.co/PGzzz7mvFX #reddit
Tue May 12 19:42:12 +0000 2015,http://t.co/MkDZF8fsr1 ƒ∞stanbul Gezmesi ayrƒ± seyretmesi ayrƒ± g√ºzel ≈üehir ƒ∞STANBUL Mutlu ak≈üamlar #istanbul #suns‚Ä¶ http://t.co/OYAKCH6oiU
Tue May 12 19:25:38 +0000 2015,RT @ValleyoftheSuns: 2015 NBA Draft: Should The Phoenix #Suns Trade Up?http://t.co/S4yEiSXRSG http://t.co/D09JKEdaDH
Tue May 12 19:21:24 +0000 2015,http://t.co/InoMhZzwzW: ƒ∞stanbulGezmesi ayrƒ± seyretmesi ayrƒ± g√ºzel ≈üehir ƒ∞STANBULMutlu ak≈üamlar#istanbul #suns‚Ä¶ http://t.co/oXIcjdOkbN
Tue May 12 19:01:07 +0000 2015,A good number of fans want the #Suns to trade the Morris twins but here‚Äôs why it probably won‚Äôt happen anytime‚Ä¶ http://t.co/Ew0gAaqoIj
Tue May 12 19:00:10 +0000 2015,2015 NBA Draft: Should The Phoenix #Suns Trade Up?http://t.co/S4yEiSXRSG http://t.co/D09JKEdaDH
Tue May 12 18:59:55 +0000 2015,#suns Funniest moment in Suns history? http://t.co/hd83Bxzsny #reddit
Tue May 12 18:51:40 +0000 2015,Video - Goran Dragic and Baby T prank the #Suns http://t.co/WKoiR4avf5 http://t.co/V4XTYzqTr6
Tue May 12 18:49:52 +0000 2015,http://t.co/EEkB0NdMH9: DeAndre Jordan Free Facials | Feb 1 2014 http://t.co/sSiw1o30cY #deandre #facials #jordan #phoenix #suns
Tue May 12 18:30:14 +0000 2015,Len&amp#039s Mother Supported His Childhood Dream http://t.co/Lf26e1oc7S #Suns #NBA
Tue May 12 18:28:25 +0000 2015,RT @GeraldBourguet: A good number of fans want the #Suns to trade the Morris twins but here‚Äôs why it probably won‚Äôt happen anytime soon: h‚Ä¶
Tue May 12 18:19:16 +0000 2015,#Suns Tweets: The semifinals are under way and you decide who‚Ä¶ http://t.co/Udblcnp2Xb #NBA http://t.co/EwGtOThIj1 http://t.co/2wh2PVjYtd
Tue May 12 18:13:19 +0000 2015,angelina_the_beagle - HAPPY HAPPY PUPPY! ‚òÄÔ∏èüê∂ #beagle #beagles #bƒ´gls #suns #beaglestagram #instabeagle #dog #puppy‚Ä¶ http://t.co/UHB6p4gpJv
Tue May 12 18:11:18 +0000 2015,RT @GeraldBourguet: A good number of fans want the #Suns to trade the Morris twins but here‚Äôs why it probably won‚Äôt happen anytime soon: h‚Ä¶
Tue May 12 18:05:04 +0000 2015,A good number of fans want the #Suns to trade the Morris twins but here‚Äôs why it probably won‚Äôt happen anytime soon: http://t.co/VhHHH96gpJ
Tue May 12 17:50:13 +0000 2015,Atlantic Notes :Love Celtics Nets D-Will http://t.co/ZsgvHJX3yl #Suns #NBA
Tue May 12 17:38:13 +0000 2015,#Suns Tweets: Join us for our 2015 @NBA Draft Lottery Party one week from today May‚Ä¶ http://t.co/aCXjl5DhOW #NBA http://t.co/EwGtOThIj1
Tue May 12 17:30:12 +0000 2015,Q&ampA With Draft Prospect Chris Walker http://t.co/8fnAZ8bcDj #Suns #NBA
Tue May 12 17:10:03 +0000 2015,Woelfel On Thibodeau Carter-Williams Middleton http://t.co/4D5SFkxFNb #Suns #NBA
Tue May 12 17:00:17 +0000 2015,Phoenix #Suns: Don‚Äôt Count On A Morris Twins Tradehttp://t.co/czy3ZSukGI http://t.co/lFMSli9jf6
Tue May 12 16:51:40 +0000 2015,#longboardstuff from: personalliviabarreto | Um dia mau...Chega para quem merece ter um dia bom tamb√©m üçÄ‚òÄÔ∏èüôèüèΩ #suns‚Ä¶ http://t.co/2JJFHMa7tV
Tue May 12 16:36:47 +0000 2015,#Suns „ÄêRETWEET„Äë #Followback #Follow #TFB #TFBJP #F4F #FF #Me #Love #TF #Like #MGWV @FollowbackImage http://t.co/ZFvOeMXaE9
Tue May 12 16:35:41 +0000 2015,RT @topSuns: Dirk Nowitzki Won't Retire Before 2018 http://t.co/v99wlszVi0 #Suns #NBA
Tue May 12 16:25:11 +0000 2015,David Blatt Likens Coaching To Being Fighter Pilot http://t.co/IqGGRJviHx #Suns #NBA
Tue May 12 16:05:11 +0000 2015,Dirk Nowitzki Won't Retire Before 2018 http://t.co/v99wlszVi0 #Suns #NBA
Tue May 12 16:00:07 +0000 2015,http://t.co/EEkB0NdMH9: New York Knicks - Phoenix Suns 88 - 112... http://t.co/n8JU306RJC #description #knicks #link #phoenix #suns #york
Tue May 12 15:51:07 +0000 2015,SUNS Day LowClick Here -&gt http://t.co/vy6iA4sqWXTrending $SUNS $UBCP $ELON $PAHC #SUNS #investing #pennystocks
Tue May 12 15:45:10 +0000 2015,Kyrie Irving Has Left Knee Tendinitis http://t.co/Vq6NTQQVdX #Suns #NBA
Tue May 12 15:43:09 +0000 2015,AND THIS IS THE TASTIEST ONE I'VE EVER HAD! P.Delerm viens que je te r√©√©crive la pr√©face de ton bouquin! #Houblon #SunS
Tue May 12 15:40:14 +0000 2015,http://t.co/dveizoxDox [The Arizona Republic] - Curry back to MVP form as Warriors blast #Suns http://t.co/H3tsjXQVte
Tue May 12 15:35:43 +0000 2015,#Suns Tweets: Predict where the Suns land in the Lottery &ampamp‚Ä¶ http://t.co/ucml2qT2Ko #NBA http://t.co/EwGtOThIj1 http://t.co/3tvjnIki2B
Tue May 12 15:25:10 +0000 2015,The Official BSotS Vernacular http://t.co/bcjXsM5ggM #Suns #NBA
Tue May 12 15:14:45 +0000 2015,Vintage 1993 NBA Finals Chicago Bulls vs Phoenix Suns T Shirt ADULT M http://t.co/VJQ0bY3qPi #ShopEtsy #Suns http://t.co/HGPvdvOV3l
Tue May 12 15:05:09 +0000 2015,2015 NBA Draft Combine :Who to watch for the Phoenix Suns http://t.co/e2K2flk2wu #Suns #NBA
Tue May 12 14:38:27 +0000 2015,RT SunsViews: #suns #GoSuns #phx #phoenix Draft solutions for Suns Thunder Nets Celtics - NBA draft ‚Ä¶ http://t.co/0z1PvJVdpf
Tue May 12 14:37:06 +0000 2015,#suns #GoSuns #phx #phoenix Draft solutions for Suns Thunder Nets Celtics - NBA draft http://t.co/sxGgXjgX5Q
Tue May 12 14:27:22 +0000 2015,Ford-Pelton: Team draft fixes: Suns Thunder Nets Celtics #Suns #SunsNation http://t.co/kaoym4dEEW http://t.co/2a7MM9uY2S
Tue May 12 14:25:08 +0000 2015,Suns Retorter :What Will it Take to Move Up in NBA Draft? http://t.co/Z6aPU4XgC5 #Suns #NBA
Tue May 12 14:08:05 +0000 2015,#Suns 2015 NBA Draft: Should The Suns Trade Up?: The Phoenix Suns have a pretty good roster t... http://t.co/SFcfZjxcLe #GoSuns #Phoenix
Tue May 12 13:59:04 +0000 2015,http://t.co/dveizoxDox 2015 NBA Draft: Should The Suns Trade Up?  #Suns http://t.co/htr5dypLvZ
Tue May 12 13:58:15 +0000 2015,cant wait for the 2015 NBA Draft tho... i hope Sam Dekker would land for the 13th Pick with Phoenix Suns. they badly need a stretch 4. #Suns
Tue May 12 13:43:02 +0000 2015,http://t.co/dveizoxDox [True Hoop: Valley of the Suns] - 2015 NBA Draft: Should The Suns #Suns http://t.co/lE3N9kcPXT
Tue May 12 13:41:29 +0000 2015,Congrats all #Suns who participated in the Caribou Math Contest. Kudos to Cindy L. placing 9th in the World!! @wrdsb http://t.co/D48fmywhAa
Tue May 12 13:34:41 +0000 2015,http://t.co/EEkB0NdMH9: Watch Phoenix Suns vs Milwaukee... http://t.co/BAMF46b0AE #basketball #bucks #milwaukee #online #phoenix #suns
Tue May 12 13:17:36 +0000 2015,#suns Coach? http://t.co/0uMLEL94R2 #reddit
Tue May 12 13:10:20 +0000 2015,http://t.co/EEkB0NdMH9: Phoenix... http://t.co/j4pwdIzUuw #atlanta #basketball #hawks #march #monday #phoenix #prediction #preview #suns
Tue May 12 13:00:18 +0000 2015,DeMarre Carroll Believed To Have Injured Hip Pointer On Nene Screen http://t.co/i28Uy7ARPE #Suns #NBA
Tue May 12 12:50:48 +0000 2015,Check out Vintage Nike Kentucky Wildcats Rex Chapman Jersey - Sx XXL - All Sewn Authentic http://t.co/0bV0aeLLDT @eBay #Hornets #Suns #UK
Tue May 12 11:21:46 +0000 2015,#Suns Rockets Thrive When Down ‚Äì This Forgotten Day in Houston: ... awoke to find themselves ... http://t.co/YONrA7Yf2z #GoSuns #Phoenix
Tue May 12 11:00:13 +0000 2015,Len&amp#039s Mother Supported His Childhood Dream http://t.co/Lf26e1oc7S #Suns #NBA
Tue May 12 10:20:10 +0000 2015,Prospect Profile :Devin Booker http://t.co/TzEV7VHfuu #Suns #NBA
Tue May 12 10:00:09 +0000 2015,Atlantic Notes :Love Celtics Nets D-Will http://t.co/ZsgvHJX3yl #Suns #NBA
Tue May 12 09:40:03 +0000 2015,Q&ampA With Draft Prospect Chris Walker http://t.co/8fnAZ8bcDj #Suns #NBA
Tue May 12 09:15:12 +0000 2015,Dunc'd On Basketball Podcast :May 11th http://t.co/h36x7tfNwD #Suns #NBA
Tue May 12 08:55:12 +0000 2015,David Blatt Likens Coaching To Being Fighter Pilot http://t.co/IqGGRJviHx #Suns #NBA
Tue May 12 08:35:11 +0000 2015,Dirk Nowitzki Won't Retire Before 2018 http://t.co/v99wlszVi0 #Suns #NBA
Tue May 12 08:15:11 +0000 2015,Kyrie Irving Has Left Knee Tendinitis http://t.co/Vq6NTQQVdX #Suns #NBA
Tue May 12 07:53:18 +0000 2015,http://t.co/dveizoxDox [The Arizona Republic] - Curry back to form as Warriors bounce ba #Suns http://t.co/LSrEmS8Ikq
Tue May 12 07:27:55 +0000 2015,#suns How do you guys feel about Archie Goodwin? http://t.co/cRpMTstO4s #reddit
Tue May 12 07:10:27 +0000 2015,#sunsetlovers. #sunset_madness. #sunset. #suns. #naturelovers. #nature_perfection https://t.co/F8WM5xxcO4
Tue May 12 06:55:14 +0000 2015,#Suns Belief in the Clippers grows as they display staying power in playoffs: ... conference ... http://t.co/pEWiqibwX2 #GoSuns #Phoenix
