Wed May 13 01:02:35 +0000 2015,#Healthy #WeightLoss Guidelines to Assist You to Lose Weight in a Healthy Way http://t.co/e0jxfTX4VS #TrailBlazers #Diet
Wed May 13 01:02:34 +0000 2015,#NBA #Basketball 2014 Leaf Damian Lillard National Portland #TrailBlazers VIP Promo #8 MINT http://t.co/tkGRy4AMw4 #Cards #Card
Wed May 13 01:02:34 +0000 2015,#TrailBlazers #Cards 1986 FLEER #26 CLYDE DREXLER RC TRAIL BLAZERS HOF PSA 7 K2034362-545 http://t.co/jhC88d5yim #Onsale #Card
Wed May 13 00:57:36 +0000 2015,#Sporting #Goods 1990 DETROIT PISTONS PORTLAND #TrailBlazers ISIAH DREXLER #NBA FINALS T-SHIRT XL http://t.co/29TiKZzrZS #Portland
Wed May 13 00:57:35 +0000 2015,#TrailBlazers #Buzz 1990 DETROIT PISTONS PORTLAND TRAILBLAZERS ISIAH DREXLER #NBA FINALS… http://t.co/qMVrMtyhiu #Deals #Collectibles
Wed May 13 00:57:35 +0000 2015,#NBA #TrailBlazers Damian Lillard #Adidas 2014-2015 Swingman #Jersey http://t.co/7E50x4w8Ri #Sales #Discount
Wed May 13 00:54:35 +0000 2015,L #TrailBlazers #Buzz Portland Trailblazers Jacket for Infant #Deals #Collectibles http://t.co/JyI21icQMt
Wed May 13 00:47:13 +0000 2015,#TrailBlazers #Cards 2008-09 ROBIN LOPEZ RC LOT! CHROME XFRACTOR REFRACTOR! PORTLAND TRAIL BLAZERS! http://t.co/LpyAlSGQZ0 #Onsale #Card
Wed May 13 00:44:33 +0000 2015,L B #Sporting #Goods Greg Oden #NBA Series 14 Debut SP McFarlane figure Portland #TrailBlazers #Portland http://t.co/7EE1bVMcKK
Wed May 13 00:42:05 +0000 2015,#Sporting #Goods Reebok Portland #TrailBlazers Hoodie http://t.co/0mGgPHsjUN #Portland
Wed May 13 00:42:05 +0000 2015,#TrailBlazers #Buzz 1990 DETROIT PISTONS vs PORTLAND TRAILBLAZERS TICKETS #NBA FINALS T-SHIRT… http://t.co/9AofnW9Qc8 #Deals #Collectibles
Wed May 13 00:42:04 +0000 2015,#NBA #TrailBlazers Reebok Portland Trailblazers Hoodie http://t.co/bbiK8VKsJS #Sales #Discount
Wed May 13 00:32:05 +0000 2015,#Healthy #WeightLoss Weight Destroyer Program Review http://t.co/xMzR21gHJs #TrailBlazers #Diet
Wed May 13 00:30:37 +0000 2015,#NBA #Basketball ANDRE MILLER 2013-14 ELite Back to the Future Jersey PORTLAND #TrailBlazers http://t.co/f1qHnw9com #Cards #Card
Wed May 13 00:30:36 +0000 2015,#TrailBlazers #Cards 2000 - Fleer Authority Rookies - Erick Barkley - NUMBERED - ROOKIE - MINT 9!!! http://t.co/oruBAfd2jg #Onsale #Card
Wed May 13 00:29:22 +0000 2015,L #TrailBlazers #Cards 2014-15 Immaculate Lamarcus Aldridge 08/10/15 Blazers #31 #Onsale #Card http://t.co/Kiqqe9tmCg
Wed May 13 00:26:14 +0000 2015,#TrailBlazers #Buzz Reebok Portland Trailblazers Hoodie http://t.co/0FYyOzmDnJ #Deals #Collectibles
Wed May 13 00:26:13 +0000 2015,#NBA #TrailBlazers 1990 DETROIT PISTONS PORTLAND TRAILBLAZERS ISIAH DREXLER NBA FINALS T-SHIRT XL http://t.co/TRCxNy8SGE #Sales #Discount
Wed May 13 00:24:05 +0000 2015,L L L #TrailBlazers #Cards C.J. MCCOLLUM 2014/15 PANINI SELECT COPPER PRIZMS #Autograph AUTO #18/49 SS2380 #Onsale… http://t.co/Ns3I2ABAfF
Wed May 13 00:14:34 +0000 2015,#TrailBlazers #Cards LaMarcus Aldridge 2014-15 Prizm Refractor Card #28 Portland Trailblazers Texas http://t.co/hnhd2z3Qfx #Onsale #Card
Wed May 13 00:10:07 +0000 2015,#Sporting #Goods Portland #TrailBlazers Jacket for Infant http://t.co/tFPNuCJLyg #Portland
Wed May 13 00:10:07 +0000 2015,#TrailBlazers #Buzz Portland Trailblazers Jacket for Infant http://t.co/Oit16jkowA #Deals #Collectibles
Wed May 13 00:10:06 +0000 2015,#NBA #TrailBlazers Portland Trailblazers Jacket for Infant http://t.co/xT8wmYJ2Il #Sales #Discount
Wed May 13 00:08:35 +0000 2015,L #NBA #TrailBlazers #Adidas Climalite Long sleeve shirt - Portland Trail Blazers 2014-15 - 2XLT… #Sales #Discount http://t.co/37v3KouKrW
Wed May 13 00:02:40 +0000 2015,L L L #Sporting #Goods Greg Oden #NBA Series 14 Debut SP McFarlane figure Portland #TrailBlazers #Portland http://t.co/Lgcg6NWOJH
Wed May 13 00:02:06 +0000 2015,#Healthy #WeightLoss Is Losing Weight An Uphill Battle? Follow These Handy Tips To Achieve… http://t.co/tfj7PHfADO #TrailBlazers #Diet
Tue May 12 23:58:11 +0000 2015,#TrailBlazers #Cards 2013-14 Panini Basketball Knight School Damian Lillard Portland Trail Blazers http://t.co/FDjj1j5Iaf #Onsale #Card
Tue May 12 23:52:07 +0000 2015,L #TrailBlazers #Buzz #Adidas Climalite Long sleeve shirt - Portland Trail Blazers 2014-15 Gray… #Deals… http://t.co/5UViuiR4MU
Tue May 12 23:47:13 +0000 2015,L #NBA #TrailBlazers #Adidas Climalite Long sleeve shirt - Portland Trail Blazers 2014-15 Gray - 2XLT #Sales… http://t.co/s6nHNPZTN6
Tue May 12 23:42:34 +0000 2015,#TrailBlazers #Cards 2014-15 Immaculate Lamarcus Aldridge 08/10/15 Blazers #31 http://t.co/wLaM1h8Vpy #Onsale #Card
Tue May 12 23:36:04 +0000 2015,L #TrailBlazers #Cards Lot of 25 1989-90 Fleer Clyde Drexler #128 nrmtmt Trailblazers #Onsale #Card http://t.co/WkAkaLmFlA
Tue May 12 23:30:36 +0000 2015,#Healthy #WeightLoss How-To Slim Down Quickly - Developing The Correct State-Of Mind http://t.co/GRYj8nhO3Q #TrailBlazers #Diet
Tue May 12 23:30:36 +0000 2015,L L #TrailBlazers #Cards C.J. MCCOLLUM 2014/15 PANINI SELECT COPPER PRIZMS #Autograph AUTO #18/49 SS2380 #Onsale… http://t.co/vuxouVDYjn
Tue May 12 23:26:38 +0000 2015,#TrailBlazers #Cards CJ McCollum 2013 Prizm Red White &amp Blue RC Refractor http://t.co/9rd38jvxI5 #Onsale #Card
Tue May 12 23:23:10 +0000 2015,#TrailBlazers #Buzz #Adidas Climalite Long sleeve shirt - Portland Trail Blazers 2014-15 -… http://t.co/EYOBkfGbPK #Deals #Collectibles
Tue May 12 23:23:09 +0000 2015,#NBA #TrailBlazers #Adidas Climalite Long sleeve shirt - Portland Trail Blazers 2014-15 - 2XLT… http://t.co/iOn2h1KVHU #Sales #Discount
Tue May 12 23:20:10 +0000 2015,L L #Sporting #Goods Greg Oden #NBA Series 14 Debut SP McFarlane figure Portland #TrailBlazers #Portland http://t.co/XPFacp2xdw
Tue May 12 23:14:33 +0000 2015,#Healthy #WeightLoss Sleep and Weight Loss - How Are They Related? http://t.co/rN48D8u1Cn #TrailBlazers #Diet
Tue May 12 23:13:06 +0000 2015,L #TrailBlazers #Cards PORTLAND TRAIL BLAZERS 2014-15 IMMACULATE CASE GRAB BAG 5X INDEX CARD BREAK #Onsale #Card http://t.co/uNWuMVaeXB
Tue May 12 23:11:05 +0000 2015,#TrailBlazers #Cards 2012-13 DAMIAN LILLARD Leaf Ultimate State Pride AUTO RC http://t.co/erYtLOkopa #Onsale #Card
Tue May 12 23:08:10 +0000 2015,#TrailBlazers #Buzz #Adidas Climalite Long sleeve shirt - Portland Trail Blazers 2014-15 Gray… http://t.co/CS231B79p8 #Deals #Collectibles
Tue May 12 23:08:10 +0000 2015,#NBA #TrailBlazers #Adidas Climalite Long sleeve shirt - Portland Trail Blazers 2014-15 Gray - 2XLT http://t.co/6hP3vPcryL #Sales #Discount
Tue May 12 22:59:36 +0000 2015,#Healthy #WeightLoss Natural Results For Weight Loss http://t.co/5M5UVGwu0w #TrailBlazers #Diet
Tue May 12 22:54:35 +0000 2015,#TrailBlazers #Cards Lot of 25 1989-90 Fleer Clyde Drexler #128 nrmtmt Trailblazers http://t.co/HDSPBeCX9i #Onsale #Card
Tue May 12 22:47:09 +0000 2015,L #TrailBlazers #Cards C.J. MCCOLLUM 2014/15 PANINI SELECT COPPER PRIZMS #Autograph AUTO #18/49 SS2380 #Onsale #Card http://t.co/WDDMHNq11u
Tue May 12 22:44:07 +0000 2015,#Healthy #WeightLoss 8 Diet And Exercise Tricks To Lose 3 Inches From Your Waist In 1 Month http://t.co/EiqCo2zzvx #TrailBlazers #Diet
Tue May 12 22:42:05 +0000 2015,L B #TrailBlazers #Cards 1970-71 TOPPS #NBA BASKETBALL RICK ADELMAN #118 PORTLAND TRAIL BLAZERS NO CREASES… http://t.co/MryZ5x2wkd
Tue May 12 22:38:34 +0000 2015,#TrailBlazers #Cards 1989-90 Fleer #128 Clyde Drexler (Portland Trail Blazers) NM-MT http://t.co/xGy5d4woWR #Onsale #Card
Tue May 12 22:29:07 +0000 2015,#Healthy #WeightLoss Jillian Michaels’ New Workout: Lose Weight In Just 30 Minutes A Day http://t.co/DXwBe2Ntyv #TrailBlazers #Diet
Tue May 12 22:26:11 +0000 2015,L #Sporting #Goods Greg Oden #NBA Series 14 Debut SP McFarlane figure Portland #TrailBlazers #Portland http://t.co/yxaGZyDIZ1
Tue May 12 22:23:08 +0000 2015,#TrailBlazers #Cards PORTLAND TRAIL BLAZERS 2014-15 IMMACULATE CASE GRAB BAG 5X INDEX CARD BREAK http://t.co/8V79Ylyu5V #Onsale #Card
Tue May 12 22:20:10 +0000 2015,L #NBA #TrailBlazers Greg Oden NBA Series 14 Debut SP McFarlane figure Portland Trailblazers #Sales #Discount http://t.co/UsYLYeB7xC
Tue May 12 22:14:08 +0000 2015,#Healthy #WeightLoss 4 things people don’t tell you about major weight loss http://t.co/qORpNhFYI3 #TrailBlazers #Diet
Tue May 12 22:08:07 +0000 2015,#portland #trailblazers #RipCity Who Replaces LaMarcus Aldridge if He Leaves Portland? http://t.co/NQOT5G4vL5
Tue May 12 22:06:35 +0000 2015,#TrailBlazers #Cards 2014-15 Upper Deck SPx BILL WALTON Portland Trailblazers Boston Celtics UCLA http://t.co/zLGOma34jG #Onsale #Card
Tue May 12 21:59:20 +0000 2015,#Healthy #WeightLoss 8 Diet And Exercise Tricks To Lose 3 Inches From Your Waist In 1 Month http://t.co/ATzFNw2laP #TrailBlazers #Diet
Tue May 12 21:57:35 +0000 2015,L L #TrailBlazers #Buzz NEW #Adidas PORTLAND TRAIL BLAZERS RIP CITY #Basketball MENS 2X-LARGE… #Deals #Collectibles http://t.co/4Sx6RmbfEp
Tue May 12 21:50:34 +0000 2015,#TrailBlazers #Cards C.J. MCCOLLUM 2014/15 PANINI SELECT COPPER PRIZMS #Autograph AUTO #18/49 SS2380 http://t.co/iuvm9fcXM8 #Onsale #Card
Tue May 12 21:47:06 +0000 2015,L L L #TrailBlazers #Cards 1970-71 TOPPS #NBA BASKETBALL RICK ADELMAN #118 PORTLAND TRAIL BLAZERS NO CREASES… http://t.co/h1Q3cKOt9C
Tue May 12 21:43:06 +0000 2015,#Healthy #WeightLoss 4 things people don’t tell you about major weight loss http://t.co/2hAT8C649A #TrailBlazers #Diet
Tue May 12 21:35:11 +0000 2015,#TrailBlazers #Cards 2014-15 PRESTIGE PRESTIGIOUS POSTS #10 LaMARCUS ALDRIDGE PORTLAND TRAILBLAZERS http://t.co/Di1ES9ziMn #Onsale #Card
Tue May 12 21:32:10 +0000 2015,#Sporting #Goods Greg Oden #NBA Series 14 Debut SP McFarlane figure Portland #TrailBlazers http://t.co/AYaZIRpQZo #Portland
Tue May 12 21:32:09 +0000 2015,#TrailBlazers #Buzz Greg Oden #NBA Series 14 Debut SP McFarlane figure Portland Trailblazers http://t.co/E33y6cQl8X #Deals #Collectibles
Tue May 12 21:32:08 +0000 2015,#NBA #TrailBlazers Greg Oden NBA Series 14 Debut SP McFarlane figure Portland Trailblazers http://t.co/bN7wbC00p5 #Sales #Discount
Tue May 12 21:28:53 +0000 2015,It's all about the #trailblazers within the organization #goodread https://t.co/JdMUpF1rEZ
Tue May 12 21:27:07 +0000 2015,#Healthy #WeightLoss Number 1 Weight Management Tool I Give ALL My Clients - Part 2 http://t.co/OGqyUoyXKD #TrailBlazers #Diet
Tue May 12 21:27:06 +0000 2015,L #TrailBlazers #Cards PORTLAND TRAIL BLAZERS 2014-15 IMMACULATE CASE GRAB BAG 5X INDEX CARD BREAK #Onsale #Card http://t.co/tP31biMoxm
Tue May 12 21:20:10 +0000 2015,#TrailBlazers #Cards 2003-04 Flair #73 Bonzi Wells http://t.co/lFIPsNpFPV #Onsale #Card
Tue May 12 21:12:05 +0000 2015,#Healthy #WeightLoss 5 Foods to Help You Slim Down http://t.co/guLEpy6S2N #TrailBlazers #Diet
Tue May 12 21:08:50 +0000 2015,#arbonne #life #vegan #pure #safe #benficial we are #trailblazers #green #family #freedom #dreamers… https://t.co/80eFN64W1S
Tue May 12 21:05:10 +0000 2015,L #TrailBlazers #Buzz NEW #Adidas PORTLAND TRAIL BLAZERS RIP CITY #Basketball MENS 2X-LARGE… #Deals #Collectibles http://t.co/E7EkucGhC4
Tue May 12 21:02:34 +0000 2015,#TrailBlazers #Cards 2010-11 Gold Standard #27 - Marcus Camby! #299/299!!! MINT or Better!!! http://t.co/Yhbm4bRiOh #Onsale #Card
Tue May 12 20:59:34 +0000 2015,L L #TrailBlazers #Cards 1970-71 TOPPS #NBA BASKETBALL RICK ADELMAN #118 PORTLAND TRAIL BLAZERS NO CREASES #Onsale… http://t.co/Jbj0XEx12b
Tue May 12 20:57:15 +0000 2015,Can't wait for @cntraveler's @PilarGuzman_1 &amp @vanityfair's Chris Mitchell talk in our showroom tonight! #afterwork #Trailblazers
Tue May 12 20:56:34 +0000 2015,#Healthy #WeightLoss Your First Visit to Your Weight Loss Surgeon http://t.co/0eh1LykHQ9 #TrailBlazers #Diet
Tue May 12 20:47:08 +0000 2015,#TrailBlazers #Cards DAMIAN LILLARD 12 Card 1 ROOKIE 3 Insert 1 Logo Lot #NBA PORTLAND TRAILBLAZERS http://t.co/FsyAuzMw8B #Onsale #Card
Tue May 12 20:44:07 +0000 2015,L L L #TrailBlazers #Buzz BONZI WELLS #6 PORTLAND TRAIL BLAZERS SWINGMAN #NBA REWIND 1976 #Jersey… #Deals… http://t.co/wlVWepEyPZ
Tue May 12 20:41:37 +0000 2015,#Healthy #WeightLoss Why Weight Loss Surgery is the Best Option for Fighting Extreme Obesity http://t.co/EsfWy4oec5 #TrailBlazers #Diet
Tue May 12 20:38:03 +0000 2015,#TAMIKAFESTIVAL FINALE!! FANTASTIC! #GRATEFUL #EMPIRE TOUR LAUNCH #MASTERS #TRAILBLAZERS… https://t.co/pjRD1VavtQ
Tue May 12 20:35:58 +0000 2015,#TrailblazersNOTHING LIKE A GAME 7!!RANGERS VS CAPITALSWED. 7:30PMSAVE REAL BIG $$$$http://t.co/25Fs1VYoJ0 http://t.co/xEAVhTUvCh
Tue May 12 20:33:04 +0000 2015,L #TrailBlazers #Cards 1970/71 TOPPS STAN MCKENZIE NM+ PORTLAND TRAIL BLAZERS #52 #Onsale #Card http://t.co/xCPZq5nxzw
Tue May 12 20:30:05 +0000 2015,#TrailBlazers #Cards PORTLAND TRAIL BLAZERS 2014-15 IMMACULATE CASE GRAB BAG 5X INDEX CARD BREAK http://t.co/yWGBvtucyU #Onsale #Card
Tue May 12 20:17:06 +0000 2015,L #TrailBlazers #Cards 2014-15 panini select Damian Lillard Jersey and Letter Patch cards Limited #Onsale #Card http://t.co/Ab69QQ0LBg
Tue May 12 20:14:34 +0000 2015,#TrailBlazers #Cards PORTLAND TRAIL BLAZERS 2014-15 Panini #NBA Immaculate Select Prizm 12X Team Break http://t.co/LwYi78rLLn #Onsale #Card
Tue May 12 20:13:09 +0000 2015,#TrailBlazers #Buzz NEW #Adidas PORTLAND TRAIL BLAZERS RIP CITY #Basketball MENS 2X-LARGE… http://t.co/DFyTDnGzCq #Deals #Collectibles
Tue May 12 20:13:08 +0000 2015,#NBA #TrailBlazers NEW #Adidas PORTLAND TRAIL BLAZERS RIP CITY #Basketball MENS 2X-LARGE WHITE… http://t.co/fMDpFHz4ug #Sales #Discount
Tue May 12 20:11:35 +0000 2015,#Healthy #WeightLoss Reality check: Are low carb diets better than low fat for weight loss? http://t.co/8s5eYMU3vf #TrailBlazers #Diet
Tue May 12 20:11:34 +0000 2015,L #TrailBlazers #Cards 1970-71 TOPPS #NBA BASKETBALL RICK ADELMAN #118 PORTLAND TRAIL BLAZERS NO CREASES #Onsale… http://t.co/jdVHfF5z96
Tue May 12 20:02:47 +0000 2015,Such a beautiful lighting! #NBA #NBAPlayoffs #Playoffs2015 #trailblazers #blazers #memphisgrizzlies #grizzlies  http://t.co/Y71UkHm0HM
Tue May 12 19:59:18 +0000 2015,#TrailBlazers #Cards 1985-86 Star/Franz Trail Blazers #10 Terry Porter Rookie BGS 9.5 Gem Mint http://t.co/ETgiprQuTX #Onsale #Card
Tue May 12 19:51:35 +0000 2015,RT @gb_pdx: Go buy my prints and shirts on http://t.co/wu3bjOx8dp !!! #trailblazers #NBA #trillblazin @TRILLBLAZIN http://t.co/TmLbDpKqYj
Tue May 12 19:49:05 +0000 2015,L #TrailBlazers #Cards 1998-99 - SP Authentic - Bonzi Wells - NUMBERED - ROOKIE - GRADED MINT 9 by PSA! #Onsale… http://t.co/4SkWljzwM6
Tue May 12 19:44:06 +0000 2015,L L #TrailBlazers #Buzz BONZI WELLS #6 PORTLAND TRAIL BLAZERS SWINGMAN #NBA REWIND 1976 #Jersey… #Deals… http://t.co/hSQIwOoKPT
Tue May 12 19:42:07 +0000 2015,#TrailBlazers #Cards 1970/71 TOPPS STAN MCKENZIE NM+ PORTLAND TRAIL BLAZERS #52 http://t.co/rbgpMCxulW #Onsale #Card
Tue May 12 19:41:12 +0000 2015,#Healthy #WeightLoss Sleep and Weight Loss - How Are They Related? http://t.co/1d2SmCFwzk #TrailBlazers #Diet
Tue May 12 19:32:14 +0000 2015,L #TrailBlazers #Buzz lanyard keychain badge holder #NBA PICK YOUR TEAM #Deals #Collectibles http://t.co/JW1KNwtBOd
Tue May 12 19:26:05 +0000 2015,#TrailBlazers #Cards 2014-15 panini select Damian Lillard Jersey and Letter Patch cards Limited http://t.co/SUbJ7m10Gp #Onsale #Card
Tue May 12 19:22:07 +0000 2015,L L #Sporting #Goods Dairy Queen Portland #TrailBlazers Clyde Drexler Glass Vintage #NBA #Portland http://t.co/DoMbWulGWK
Tue May 12 19:19:22 +0000 2015,Oregonian: You be the #TrailBlazers GM: Should Steve Blake stay or go? http://t.co/ecqYCfVN1N http://t.co/j1wBZBUKBb
Tue May 12 19:16:07 +0000 2015,L L #NBA #TrailBlazers Dairy Queen Portland Trailblazers Clyde Drexler Glass Vintage Nba #Sales #Discount http://t.co/5gUi28Zyqt
