Wed May 13 01:07:11 +0000 2015,Biggest winner in the @kevinlove trade? #Twolves. Biggest winner in @kevinlove injury? #Cavs... The "SuperðŸŒŸ" no one misses.
Wed May 13 01:03:07 +0000 2015,RT @DWolfsonKSTP: Royce White update: #Clippers FO bosses Dave Wohl (former #Twolves ass't) &amp Kevin Eastman came to town to see Royce workoâ€¦
Wed May 13 00:45:30 +0000 2015,RT @DWolfsonKSTP: Royce White update: #Clippers FO bosses Dave Wohl (former #Twolves ass't) &amp Kevin Eastman came to town to see Royce workoâ€¦
Wed May 13 00:37:29 +0000 2015,RT @MinnesotaMunn: My personal 2 tix to either a future #TWolves or #Lynx game if you take a selfie with this $ bill at #Cuzzys http://t.coâ€¦
Wed May 13 00:37:21 +0000 2015,Blue Jays Bills Timberwolves and Oilers Are Parched in the Postseason| http://t.co/xYwQXe19Vn #NBA #TWolves
Wed May 13 00:13:55 +0000 2015,RT @DWolfsonKSTP: #Twolves are not one of the nine teams to watch him this week. https://t.co/ZQmVhC3P6m
Wed May 13 00:12:32 +0000 2015,RT @DWolfsonKSTP: #Twolves are not one of the nine teams to watch him this week. https://t.co/ZQmVhC3P6m
Wed May 13 00:11:51 +0000 2015,#Twolves are not one of the nine teams to watch him this week. https://t.co/ZQmVhC3P6m
Wed May 13 00:08:45 +0000 2015,RT @DWolfsonKSTP: Royce White update: #Clippers FO bosses Dave Wohl (former #Twolves ass't) &amp Kevin Eastman came to town to see Royce workoâ€¦
Wed May 13 00:02:19 +0000 2015,No Ceilings :Andrew Wiggins' Offense Could Defy Projections Next Season| http://t.co/4d8gyFDsgj #NBA #TWolves
Tue May 12 23:21:47 +0000 2015,NBA Playoffs: Bulls at Cavaliers Clippers at... #Twolves #MinnesotaTimberwolves http://t.co/oXHFBNNqJu http://t.co/mehvEMVRDl
Tue May 12 23:20:30 +0000 2015,http://t.co/y2mpdiy2PY [SB Nation: Canis Hoopus] - NBA Playoffs: Bulls at Cavaliers Clip #NBA #TWolves http://t.co/z0b9RTue7x
Tue May 12 23:08:09 +0000 2015,#Timberwolves #TWolves #Wolves NBA Playoffs: Bulls at Cavaliers Clippers at Rockets http://t.co/7sEpJ3JF6Y
Tue May 12 23:03:41 +0000 2015,RT @MNTimberwolves RT @WolvesRadio: Like most teams #twolves will have a large contingent at NBA Draft Scouting Combine in C  #timberwolves
Tue May 12 23:03:29 +0000 2015,RT @MNTimberwolves A good read indeed. https://t.co/QovFtLGpbR  #timberwolves #twolves
Tue May 12 22:54:35 +0000 2015,Royce White update: #Clippers FO bosses Dave Wohl (former #Twolves ass't) &amp Kevin Eastman came to town to see Royceâ€¦ http://t.co/EmbtpxIPx3
Tue May 12 22:54:04 +0000 2015,RT @WolvesRadio: Like most teams #twolves will have a large contingent at NBA Draft Scouting Combine in Chicago. Details/TV sched: http://â€¦
Tue May 12 22:52:27 +0000 2015,RT @DWolfsonKSTP: Royce White update: #Clippers FO bosses Dave Wohl (former #Twolves ass't) &amp Kevin Eastman came to town to see Royce workoâ€¦
Tue May 12 22:37:36 +0000 2015,RT @DWolfsonKSTP: Royce White update: #Clippers FO bosses Dave Wohl (former #Twolves ass't) &amp Kevin Eastman came to town to see Royce workoâ€¦
Tue May 12 22:36:30 +0000 2015,RT @DWolfsonKSTP: Royce White update: #Clippers FO bosses Dave Wohl (former #Twolves ass't) &amp Kevin Eastman came to town to see Royce workoâ€¦
Tue May 12 22:36:28 +0000 2015,The bounce brothers are real!! The league better watch out because they're comin! #Twolves http://t.co/0RqGBilNPV
Tue May 12 22:35:50 +0000 2015,http://t.co/LpVHdHWD04 DARKO MILICIC NBA Detroit Pistons Minnesota Timberwolves Signed #TWolves http://t.co/pRHHMpEmBR
Tue May 12 22:31:58 +0000 2015,RT @WolvesRadio: Like most teams #twolves will have a large contingent at NBA Draft Scouting Combine in Chicago. Details/TV sched: http://â€¦
Tue May 12 22:17:36 +0000 2015,RT @DWolfsonKSTP: Royce White update: #Clippers FO bosses Dave Wohl (former #Twolves ass't) &amp Kevin Eastman came to town to see Royce workoâ€¦
Tue May 12 22:15:16 +0000 2015,RT @DWolfsonKSTP: Royce White update: #Clippers FO bosses Dave Wohl (former #Twolves ass't) &amp Kevin Eastman came to town to see Royce workoâ€¦
Tue May 12 22:14:56 +0000 2015,RT @DWolfsonKSTP: Royce White update: #Clippers FO bosses Dave Wohl (former #Twolves ass't) &amp Kevin Eastman came to town to see Royce workoâ€¦
Tue May 12 22:09:15 +0000 2015,RT @DWolfsonKSTP: Royce White update: #Clippers FO bosses Dave Wohl (former #Twolves ass't) &amp Kevin Eastman came to town to see Royce workoâ€¦
Tue May 12 22:08:09 +0000 2015,#Timberwolves #TWolves #Wolves New Minnesota Timberwolves Rumors. Tuesday May 12 2015 http://t.co/PnQzUkxIX5
Tue May 12 22:07:47 +0000 2015,RT @DWolfsonKSTP: You don't like Porzingis? But yeah T-minus 1 week until the #Twolves find out if they can get Okafor! https://t.co/yYzr7â€¦
Tue May 12 22:06:35 +0000 2015,RT @DWolfsonKSTP: Royce White update: #Clippers FO bosses Dave Wohl (former #Twolves ass't) &amp Kevin Eastman came to town to see Royce workoâ€¦
Tue May 12 22:06:20 +0000 2015,Royce White update: #Clippers FO bosses Dave Wohl (former #Twolves ass't) &amp Kevin Eastman came to town to see Royce workout recently.
Tue May 12 21:28:21 +0000 2015,http://t.co/LpVHdHWD04 DV1296 Minnesota Timberwolves Logo Sport Art 32x24 Print POSTER #TWolves http://t.co/xuN2MPme8l
Tue May 12 21:08:12 +0000 2015,#Timberwolves #TWolves #Wolves Draft Notes: Russell Booker Towns Okafor http://t.co/kAGJWjdhH9
Tue May 12 21:06:10 +0000 2015,RT @WolvesRadio: Like most teams #twolves will have a large contingent at NBA Draft Scouting Combine in Chicago. Details/TV sched: http://â€¦
Tue May 12 20:50:10 +0000 2015,http://t.co/y2mpdiy2PY [NBA] - Making The NBA Draft Lottery Easier To Understand  #NBA #TWolves http://t.co/8OLzEmRQhj
Tue May 12 20:44:03 +0000 2015,http://t.co/vzOUYGKlWD Making The NBA Draft Lottery Easier To Understand  #TWolves http://t.co/Qg66H0Am9P
Tue May 12 20:42:14 +0000 2015,RT @WolvesRadio: Like most teams #twolves will have a large contingent at NBA Draft Scouting Combine in Chicago. Details/TV sched: http://â€¦
Tue May 12 20:38:19 +0000 2015,#Wolves Tweets: Like most teams #twolves will have a large contingent at NBA Draftâ€¦ http://t.co/ybAy0yqUOX #NBA http://t.co/f1Cox6rXP7
Tue May 12 20:34:10 +0000 2015,RT @WolvesRadio: Like most teams #twolves will have a large contingent at NBA Draft Scouting Combine in Chicago. Details/TV sched: http://â€¦
Tue May 12 20:23:58 +0000 2015,Those days when there is no news about our team. Just waiting for the NBA Draft Lottery. #Twolves http://t.co/8Xo7s6fmIK
Tue May 12 20:21:06 +0000 2015,RT @WolvesRadio: Like most teams #twolves will have a large contingent at NBA Draft Scouting Combine in Chicago. Details/TV sched: http://â€¦
Tue May 12 20:19:17 +0000 2015,Like most teams #twolves will have a large contingent at NBA Draft Scouting Combine in Chicago. Details/TV sched: http://t.co/uRKnVQABOi
Tue May 12 19:56:13 +0000 2015,RT @DWolfsonKSTP: A #Twolves go-to question in Combine interviews last year was "How many pennies are in a million dollars?" Wonder what iâ€¦
Tue May 12 19:52:58 +0000 2015,#Timberwolves #TWolves #Forum Draft Combine starts today. http://t.co/fPtf9CzAew
Tue May 12 19:50:09 +0000 2015,#Wolves Tweets: My personal 2 tix to either a future #TWolves or #Lynx game if you take a selfie with this $â€¦ #NBA http://t.co/f1Cox6rXP7
Tue May 12 19:48:05 +0000 2015,#Timberwolves #TWolves #Forum Monte Williams fired http://t.co/e2x7Djgi9w
Tue May 12 19:47:06 +0000 2015,RT @MinnesotaMunn: My personal 2 tix to either a future #TWolves or #Lynx game if you take a selfie with this $ bill at #Cuzzys http://t.coâ€¦
Tue May 12 19:46:09 +0000 2015,A #Twolves go-to question in Combine interviews last year was "How many pennies are in a million dollars?" Wonder what it'll be this week?
Tue May 12 19:42:24 +0000 2015,RT @mistertoro: Love my @MNTimberwolves family thanks @jlutty28 for sharing the picture. #TWolves #EntertainmentFamily http://t.co/whTMc1lBâ€¦
Tue May 12 19:29:03 +0000 2015,RT @DWolfsonKSTP: Sorry #Twolves fans but this is where I can see Thibs landing if he is ultimately out in Chicago. https://t.co/NoG8kRxCâ€¦
Tue May 12 19:09:04 +0000 2015,RT @MinnesotaMunn: Had a blast with #Twolves membership team and seat members today at #TheNook #MolitorBurger http://t.co/w6g2ps3mhf
Tue May 12 19:06:45 +0000 2015,@AshleyHeinlein @WolvesMembers Fun day telling &amp sharing stories over Molitor Burgers and sweet potato fries with our #Twolves seat members
Tue May 12 19:02:19 +0000 2015,Wolves Big Board 2012| http://t.co/WbEI0btHeZ #NBA #TWolves
Tue May 12 18:58:47 +0000 2015,Had a blast with #Twolves membership team and seat members today at #TheNook #MolitorBurger http://t.co/w6g2ps3mhf
Tue May 12 18:54:05 +0000 2015,Love my #MNTimberwolves family thanks #jlutty28 for sharing the picture. #TWolves #EntertainmentFamilyâ€¦ http://t.co/Iav2uxC2EF
Tue May 12 18:52:48 +0000 2015,RT @mistertoro: Love my @MNTimberwolves family thanks @jlutty28 for sharing the picture. #TWolves #EntertainmentFamily http://t.co/whTMc1lBâ€¦
Tue May 12 18:27:17 +0000 2015,5 grandes hitos de Wiggins en Minnesota| http://t.co/vrOPCJKEwi #NBA #TWolves
Tue May 12 18:26:26 +0000 2015,RT @mistertoro: Love my @MNTimberwolves family thanks @jlutty28 for sharing the picture. #TWolves #EntertainmentFamily http://t.co/whTMc1lBâ€¦
Tue May 12 18:19:42 +0000 2015,RT @MNTimberwolves People don't forget. ðŸ˜Ž #DunkFesthttps://t.co/SKc9eUBSXo  #timberwolves #twolves
Tue May 12 18:19:35 +0000 2015,http://t.co/y2mpdiy2PY [Pioneer Press] - Wizards' John Wall shows improvement with left h #NBA #TWolves http://t.co/i6LEk8TCQ9
Tue May 12 18:18:51 +0000 2015,RT @mistertoro: Love my @MNTimberwolves family thanks @jlutty28 for sharing the picture. #TWolves #EntertainmentFamily http://t.co/whTMc1lBâ€¦
Tue May 12 18:18:46 +0000 2015,RT @mistertoro: Love my @MNTimberwolves family thanks @jlutty28 for sharing the picture. #TWolves #EntertainmentFamily http://t.co/whTMc1lBâ€¦
Tue May 12 18:18:36 +0000 2015,Take a selfie with the $ Bill with Twitter handle at #TheNook &amp 2 of my personal #Twolves seats for aâ€¦ https://t.co/92yQ4JwMs2
Tue May 12 18:18:32 +0000 2015,RT @mistertoro: Love my @MNTimberwolves family thanks @jlutty28 for sharing the picture. #TWolves #EntertainmentFamily http://t.co/whTMc1lBâ€¦
Tue May 12 18:18:08 +0000 2015,Love my @MNTimberwolves family thanks @jlutty28 for sharing the picture. #TWolves #EntertainmentFamily http://t.co/whTMc1lBuE
Tue May 12 18:10:18 +0000 2015,http://t.co/vzOUYGKlWD Playoff Roundup | Muscala Is The Man  #TWolves http://t.co/I95YtALaeX
Tue May 12 17:22:36 +0000 2015,RT @DWolfsonKSTP: Sorry #Twolves fans but this is where I can see Thibs landing if he is ultimately out in Chicago. https://t.co/NoG8kRxCâ€¦
Tue May 12 17:17:13 +0000 2015,NBA Playoffs :Hawks at Wizards Warriors at Girzzlies| http://t.co/7SLUwPgUwK #NBA #TWolves
Tue May 12 17:08:12 +0000 2015,#Timberwolves #TWolves #Forum What happens at 4? http://t.co/N3YXav7WZg
Tue May 12 16:56:34 +0000 2015,Sorry #Twolves fans but this is where I can see Thibs landing if he is ultimately out in Chicago. https://t.co/NoG8kRxCrz
Tue May 12 16:18:13 +0000 2015,http://t.co/LpVHdHWD04 DV0264 Ricky Rubio Minnesota Timberwolves Jump Shot 32x24 Print #TWolves http://t.co/Kd7ZOTjrmv
Tue May 12 16:06:19 +0000 2015,RT @fsnorth: Minnesota #Timberwolves season report card: Nikola Pekovic #TWolves @PhilErvin http://t.co/dEREGddCYT via @fsnorth
Tue May 12 15:51:30 +0000 2015,Here is the @DraftExpress profile on Nikola Milutinov #Twolves #NBA #NBADraftLottery http://t.co/t4v2BLEtfT
Tue May 12 15:47:28 +0000 2015,@DWolfsonKSTP #Twolves are you serious about the wolves wanting Okafor? He's the last one I want
Tue May 12 15:38:34 +0000 2015,http://t.co/y2mpdiy2PY [Fansided: Dunking with Wolves] - Wolvesâ€™ Positional Breakdown: Sh #NBA #TWolves http://t.co/xRIClwozw2
Tue May 12 15:23:07 +0000 2015,@DWolfsonKSTP If #Twolves at 4 &amp Mudiay on the board could you see us slide down a couple? Grab Porzingas or Winslow?
Tue May 12 15:18:43 +0000 2015,Wolvesâ€™ Positional Breakdown: Shooting Guard: This is Part TwoÂ of a five-part series that will examin... http://t.co/b26M27V40p #TWolves
Tue May 12 15:14:18 +0000 2015,RT @DWolfsonKSTP: You don't like Porzingis? But yeah T-minus 1 week until the #Twolves find out if they can get Okafor! https://t.co/yYzr7â€¦
Tue May 12 15:12:23 +0000 2015,NBA Predictions| http://t.co/Tvho5s69EL #NBA #TWolves
Tue May 12 15:09:33 +0000 2015,You don't like Porzingis? But yeah T-minus 1 week until the #Twolves find out if they can get Okafor! https://t.co/yYzr7dHrZm
Tue May 12 14:58:02 +0000 2015,http://t.co/LpVHdHWD04 Girl Scout Minnesota Timberwolves "A Night with the Wolves" pat #TWolves http://t.co/tUbl1ZXsrB
Tue May 12 14:08:51 +0000 2015,Minnesota #Timberwolves season report card: Nikola Pekovic #TWolves @PhilErvin http://t.co/dEREGddCYT via @fsnorth
Tue May 12 14:02:19 +0000 2015,Roster Review | Gorgui Dieng| http://t.co/tudggaMAPu #NBA #TWolves
Tue May 12 13:37:04 +0000 2015,#Timberwolves #TWolves #Wolves Hawks Warriors Even Series' Wolves Prefer Okafor? http://t.co/OWhRByZFVp
Tue May 12 12:12:32 +0000 2015,http://t.co/LpVHdHWD04 Chauncy Billups Bobblehead Minnesota Timberwolves #4 NEW  #TWolves http://t.co/KCeVYwmn2l
Tue May 12 11:42:11 +0000 2015,Thunder&amp#8217s Playoff Streak Ends at 5 Years| http://t.co/qHXJPOMtuv #NBA #TWolves
Tue May 12 10:32:07 +0000 2015,Blue Jays Bills Timberwolves and Oilers Are Parched in the Postseason| http://t.co/xYwQXe19Vn #NBA #TWolves
Tue May 12 09:57:29 +0000 2015,No Ceilings :Andrew Wiggins' Offense Could Defy Projections Next Season| http://t.co/4d8gyFDsgj #NBA #TWolves
Tue May 12 09:22:27 +0000 2015,Early NBA Draft metrics andÃ‚Â thoughts| http://t.co/vKNeEmA1K0 #NBA #TWolves
Tue May 12 09:20:07 +0000 2015,RT @DWolfsonKSTP: 20-year-old big Nikola Milutinov is a potential stash guy at 31 or 36. Hear #Twolves Euro scout Zarko Durisic is a fan. Tâ€¦
Tue May 12 09:19:53 +0000 2015,RT @DWolfsonKSTP: 20-year-old big Nikola Milutinov is a potential stash guy at 31 or 36. Hear #Twolves Euro scout Zarko Durisic is a fan. Tâ€¦
Tue May 12 08:47:25 +0000 2015,LeBron James hits jumper at buzzer Cavaliers beat Bulls 86-84 to tie Eastern semifinal at 2-2| http://t.co/5VLuIFd1X0 #NBA #TWolves
Tue May 12 07:55:16 +0000 2015,RT @DWolfsonKSTP: 20-year-old big Nikola Milutinov is a potential stash guy at 31 or 36. Hear #Twolves Euro scout Zarko Durisic is a fan. Tâ€¦
Tue May 12 07:02:19 +0000 2015,5 grandes hitos de Wiggins en Minnesota| http://t.co/vrOPCJKEwi #NBA #TWolves
Tue May 12 05:45:06 +0000 2015,http://t.co/qbG97MyA7H MVP Stephen Curry scores 33 points as Warriors rout Grizzlies 101- #NBA #TWolves http://t.co/SjdCkzjnOz
Tue May 12 04:52:35 +0000 2015,http://t.co/y2mpdiy2PY [Pioneer Press] - MVP Stephen Curry scores 33 points as Warriors r #NBA #TWolves http://t.co/uvWrzz4oaw
Tue May 12 04:51:29 +0000 2015,#Timberwolves #TWolves MVP Stephen Curry scores 33 points as Warriors rout Grizzlies 101-84 to tie series at 2-2 http://t.co/F10LIs4Efi
Tue May 12 04:46:27 +0000 2015,#Timberwolves #TWolves Teague Millsap lead the way Pierce misses late Hawks top Wizards 106-101 to tie series http://t.co/1I9dzxLevH
Tue May 12 04:41:32 +0000 2015,#Timberwolves #TWolves Cavaliers coach David Blatt owns up to late-game decisions says LeBron "bailed us all .. http://t.co/ieJtpxAJDd
Tue May 12 04:37:10 +0000 2015,#Timberwolves #TWolves Injuries still a concern for both Cavs and Bulls while Clippers try for trip to West f.. http://t.co/fZMHHKUwl9
