Wed May 13 00:49:05 +0000 2015,RT @NBAJazz_fans: Western Notes :Pondexter Draft Jazz| http://t.co/1OzWPtokro #NBA #UtahJazz
Wed May 13 00:37:36 +0000 2015,Western Notes :Pondexter Draft Jazz| http://t.co/1OzWPtokro #NBA #UtahJazz
Wed May 13 00:18:47 +0000 2015,#ESPN #UtahJazz On this day Malone Stockton lead Utah to first Western Conference finals http://t.co/v4Od719iud http://t.co/a5mtzFEDK1
Wed May 13 00:18:46 +0000 2015,#ESPN #UtahJazz Utah Jazz Draft Prospects 2015: Kristaps Porzingis http://t.co/KvWxY9fl7M http://t.co/a5mtzFEDK1
Wed May 13 00:18:46 +0000 2015,#ESPN #UtahJazz Dakota's 2015 Jazz Big Board 1.0 http://t.co/H2DJWIt5xF http://t.co/a5mtzFEDK1
Wed May 13 00:02:34 +0000 2015,Jazz Hold On to Beat the Knicks| http://t.co/ICrkkhJQps #NBA #UtahJazz
Tue May 12 23:36:04 +0000 2015,#UtahJazz #jazznation #gojazz #forum Nice Rodney Hood Interview http://t.co/Qk2PRvJXNY
Tue May 12 23:28:48 +0000 2015,#NBA #UtahJazz - HIGHLAND MINT NBA FINALS CHICAGO BULLS UTAH JAZZ  .999 FINE SILVER COI... http://t.co/5RGCFeVRus http://t.co/k33Sm3HFUt
Tue May 12 23:28:48 +0000 2015,#NBA #UtahJazz - Utah Jazz 2 7/8" Vintage Retro 1979-1996 Logo Patch Emblem Basketball:... http://t.co/t8bsUkOFIU http://t.co/k33Sm3HFUt
Tue May 12 23:28:48 +0000 2015,#NBA #UtahJazz - Utah Jazz 2 1/2" Logo Patch Emblem  Basketball 5 Patch Lot:  $3.99 (0 ... http://t.co/Jqzz0uImfV http://t.co/k33Sm3HFUt
Tue May 12 23:28:48 +0000 2015,#NBA #UtahJazz - HIGHLAND MINT NBA FINALS CHICAGO BULLS UTAH JAZZ  .999 FINE SILVER COI... http://t.co/aAiaK3ofW5 http://t.co/lQmogZfBKD
Tue May 12 23:28:48 +0000 2015,#NBA #UtahJazz - Utah Jazz 2 1/2" Logo Patch Emblem  Basketball:  $1.99 (0 Bids)End Dat... http://t.co/6P7NvL2TuX http://t.co/k33Sm3HFUt
Tue May 12 23:28:48 +0000 2015,#NBA #UtahJazz - Utah Jazz Key Loop Keychain Lanyard  Basketball:  $0.99 (0 Bids)End Da... http://t.co/6EMxleNBpz http://t.co/k33Sm3HFUt
Tue May 12 22:57:03 +0000 2015,#NBA #UtahJazz - Utah Jazz 2 7/8" Vintage Retro 1979-1996 Logo Patch Emblem Basketball:... http://t.co/g9Al2LI0Y6 http://t.co/lQmogZfBKD
Tue May 12 22:57:03 +0000 2015,#NBA #UtahJazz - Utah Jazz 2 1/2" Logo Patch Emblem  Basketball:  $1.99 (0 Bids)End Dat... http://t.co/tTjwFH4uws http://t.co/lQmogZfBKD
Tue May 12 22:57:02 +0000 2015,#NBA #UtahJazz - Utah Jazz 2 1/2" Logo Patch Emblem  Basketball 5 Patch Lot:  $3.99 (0 ... http://t.co/TUCPEypdaT http://t.co/lQmogZfBKD
Tue May 12 22:57:02 +0000 2015,#NBA #UtahJazz - Utah Jazz Key Loop Keychain Lanyard  Basketball:  $0.99 (0 Bids)End Da... http://t.co/G6kopvO2YO http://t.co/lQmogZfBKD
Tue May 12 22:37:05 +0000 2015,#UtahJazz #jazznation #gojazz #utah New Utah Jazz Rumors. Tuesday May 12 2015 http://t.co/T77zlkzQwA
Tue May 12 22:30:13 +0000 2015,Southwest Notes :Dumars Rockets Parsons http://t.co/rnHnyDDv1K #UtahJazz #NBA
Tue May 12 22:21:13 +0000 2015,#NBA #UtahJazz - Utah Jazz Adidas NBA Retro Style Flat Brim Snapback Adjustable Hat Cap... http://t.co/8sh2Eu7RsG http://t.co/lQmogZfBKD
Tue May 12 22:21:13 +0000 2015,#NBA #UtahJazz - Utah Jazz Adidas NBA Black/Yellow Structured FlexFit Hat Cap L/XL:  $9... http://t.co/htpb59N2Pu http://t.co/lQmogZfBKD
Tue May 12 22:21:12 +0000 2015,#NBA #UtahJazz - Utah Jazz Adidas NBA Womens Cursive Mesh Snap Hat Cap OSFA:  $9.99 (0 ... http://t.co/zB8OxjTlD5 http://t.co/lQmogZfBKD
Tue May 12 22:21:12 +0000 2015,#NBA #UtahJazz - Utah Jazz Adidas NBA Blue/Yellow Structured Snapback Hat Cap OSFA:  $9... http://t.co/sr1W0kmvoz http://t.co/lQmogZfBKD
Tue May 12 22:21:12 +0000 2015,#NBA #UtahJazz - Utah Jazz Vintage Nba Authentic Shorts:  $70.00End Date: Tuesday May-1... http://t.co/pWgYLs1h5R http://t.co/lQmogZfBKD
Tue May 12 22:21:11 +0000 2015,#NBA #UtahJazz - Utah Jazz Adidas NBA Retro Style Flat Brim Snapback Adjustable Hat Cap... http://t.co/QWSzAN3xRN http://t.co/k33Sm3HFUt
Tue May 12 22:21:11 +0000 2015,#NBA #UtahJazz - Utah Jazz Adidas NBA Black/Yellow Structured FlexFit Hat Cap L/XL:  $9... http://t.co/aUIx4Nbp0q http://t.co/k33Sm3HFUt
Tue May 12 22:21:10 +0000 2015,#NBA #UtahJazz - Utah Jazz Adidas NBA Womens Cursive Mesh Snap Hat Cap OSFA:  $9.99 (0 ... http://t.co/Al9zK5d2eB http://t.co/k33Sm3HFUt
Tue May 12 22:21:10 +0000 2015,#NBA #UtahJazz - Utah Jazz Adidas NBA Blue/Yellow Structured Snapback Hat Cap OSFA:  $9... http://t.co/buV0bBJJ22 http://t.co/k33Sm3HFUt
Tue May 12 22:21:10 +0000 2015,#NBA #UtahJazz - Utah Jazz Vintage Nba Authentic Shorts:  $70.00End Date: Tuesday May-1... http://t.co/O7zwmSQ4bZ http://t.co/k33Sm3HFUt
Tue May 12 22:10:12 +0000 2015,Pelicans Fire Monty Williams http://t.co/7aCViecFNS #UtahJazz #NBA
Tue May 12 21:50:11 +0000 2015,Evaluating Last Year‚Äôs Rookie Scale Extensions http://t.co/aAOaRQRZaZ #UtahJazz #NBA
Tue May 12 21:42:26 +0000 2015,Cavaliers Win Fourth Straight Pistons Hold Off the Magic| http://t.co/gV9M7IbukN #NBA #UtahJazz
Tue May 12 21:36:16 +0000 2015,#UtahJazz #jazznation #gojazz #forum http://t.co/brjLdAQwXb - Jazz to Participate in 2015 NBA Draft Lottery http://t.co/NsNTCZxuPS
Tue May 12 21:30:10 +0000 2015,Fallout From/Reaction To Monty Williams Firing http://t.co/kwwuDUts87 #UtahJazz #NBA
Tue May 12 21:16:59 +0000 2015,#NBA #UtahJazz - Deron Williams Jersey Utah Jazz/Brooklyn Nets Youth Size L:  $19.99End... http://t.co/PrRtkGcS1U http://t.co/lQmogZfBKD
Tue May 12 21:16:59 +0000 2015,#NBA #UtahJazz - UTAH JAZZ Official NBA Basketball Large Iron On Patch:  $12.95End Date... http://t.co/eIZ39xRJIg http://t.co/lQmogZfBKD
Tue May 12 21:08:09 +0000 2015,#UtahJazz Jazz to Participate in 2015 NBA Draft Lottery http://t.co/vOf8gCPO09
Tue May 12 20:51:07 +0000 2015,#NBA #UtahJazz - NBA Utah Jazz Zip Up Hoodie Jacket Size Large - Retail $80 NBA Store: ... http://t.co/Jnyt5PxXAH http://t.co/lQmogZfBKD
Tue May 12 20:42:43 +0000 2015,#NBA #UtahJazz - Jazz to Participate in 2015 NBA Draft Lottery: SALT LAKE CITY (May 12... http://t.co/XV03a0KB85 http://t.co/lQmogZfBKD
Tue May 12 20:36:13 +0000 2015,#UtahJazz #jazznation #gojazz #forum Nikola Pekovic - what would you guys think? http://t.co/NfSuzOPU63
Tue May 12 20:32:22 +0000 2015,Rod Hundley an Outsize Personality on and Off the Court Dies at 80| http://t.co/dKcvvnn5pY #NBA #UtahJazz
Tue May 12 20:25:09 +0000 2015,LeBron James hits jumper at buzzer lifts Cavaliers over Bulls http://t.co/1lVUugr8lx #UtahJazz #NBA
Tue May 12 20:12:39 +0000 2015,Game Preview :Jazz at Rockets| http://t.co/9SFoYCJNGe #NBA #UtahJazz
Tue May 12 20:12:39 +0000 2015,#NBA #UtahJazz - RARE!!  BOOZER Throwback NBA Adidas Authentic Utah Jazz Jersey BOYS LA... http://t.co/dBP2RE8W4r http://t.co/lQmogZfBKD
Tue May 12 20:12:21 +0000 2015,#NBA #UtahJazz - John Stockton Utah Jazz MED Adidas Throwback Hardwood Classics Swingma... http://t.co/FQwQrah9xX http://t.co/lQmogZfBKD
Tue May 12 20:12:21 +0000 2015,#NBA #UtahJazz - John Stockton Utah Jazz MED Adidas Throwback Hardwood Classics Swingma... http://t.co/Y1HD5uj2at http://t.co/k33Sm3HFUt
Tue May 12 20:12:20 +0000 2015,#NBA #UtahJazz - VINTAGE  NBA HOOPS  ACTION PHOTO'S  UTAH JAZZ  #53 MARK EATON  8"X10":... http://t.co/NDnuL99EAb http://t.co/k33Sm3HFUt
Tue May 12 20:12:20 +0000 2015,#NBA #UtahJazz - NEW HAT CAP ADIDAS UTAH JAZZ SIZE ADJUSTABLE SNAPBACK NAVY BLUE YELLOW... http://t.co/SfuruoWNW3 http://t.co/k33Sm3HFUt
Tue May 12 20:05:08 +0000 2015,Clippers rout Rockets 128-95 to take 3-1 series lead http://t.co/wzDWGVZNjz #UtahJazz #NBA
Tue May 12 19:37:37 +0000 2015,Nets Drop to 3-10 in January With a Drubbing by the Jazz| http://t.co/OzrKDEqDzJ #NBA #UtahJazz
Tue May 12 19:27:17 +0000 2015,#NBA #UtahJazz - VINTAGE  NBA HOOPS  ACTION PHOTO'S  UTAH JAZZ  #53 MARK EATON  8"X10":... http://t.co/JFX6QV4sD0 http://t.co/lQmogZfBKD
Tue May 12 19:27:17 +0000 2015,#NBA #UtahJazz - NEW HAT CAP ADIDAS UTAH JAZZ SIZE ADJUSTABLE SNAPBACK NAVY BLUE YELLOW... http://t.co/6coVIPrSyj http://t.co/lQmogZfBKD
Tue May 12 19:02:35 +0000 2015,Western Notes :D-League Donovan Williams| http://t.co/SYufr8dBWv #NBA #UtahJazz
Tue May 12 18:47:01 +0000 2015,#UtahJazz #jazznation #gojazz #forum Breaking News --- THERE"S A GENERAL SPORTS FORUM!!! http://t.co/3SN0j1QSxz
Tue May 12 18:41:59 +0000 2015,#UtahJazz #jazznation #gojazz #forum Pelicans Coach Canned http://t.co/kLd32DaM3V
Tue May 12 18:37:07 +0000 2015,#UtahJazz #jazznation #gojazz #forum Christianity shrinking in U.S. Mormon numbers essentially flat http://t.co/bf7IBFU57P
Tue May 12 18:35:40 +0000 2015,#NBA #UtahJazz - VINTAGE  NBA HOOPS  ACTION PHOTO'S  UTAH JAZZ  #12 JOHN STOCKTON  8"X1... http://t.co/5Gj2JYcnSA http://t.co/lQmogZfBKD
Tue May 12 18:35:40 +0000 2015,#NBA #UtahJazz - UTAH JAZZ  OUTDOOR VERTICAL FLAG  SIZE 29" X 39"  (USED):  $10.99End D... http://t.co/ynTMHUAbjX http://t.co/lQmogZfBKD
Tue May 12 18:35:39 +0000 2015,#NBA #UtahJazz - Two Utah Jazz Patches 2 1/2" NBA Basketball Lot Iron On for Shirt Jack... http://t.co/MjVJkWMlRq http://t.co/lQmogZfBKD
Tue May 12 18:08:16 +0000 2015,#NBA #UtahJazz - NBA Finals Mini Basketball 1997 Finals Utah Jazz v.Chicago Bulls Micha... http://t.co/eimB2PehJ8 http://t.co/lQmogZfBKD
Tue May 12 18:05:03 +0000 2015,Woelfel On Thibodeau Carter-Williams Middleton http://t.co/se1ZayZSDf #UtahJazz #NBA
Tue May 12 17:52:30 +0000 2015,Northwest Notes :Singler Donovan Draft Gee| http://t.co/dSWMfKSEef #NBA #UtahJazz
Tue May 12 17:36:14 +0000 2015,#UtahJazz #jazznation #gojazz #forum Horses http://t.co/4KMG51pA8X
Tue May 12 17:36:13 +0000 2015,#UtahJazz #jazznation #gojazz #utah Offseason Target: Jrue Holiday http://t.co/aH8DSNi5n1
Tue May 12 17:15:48 +0000 2015,#NBA #UtahJazz - Purple Utah Jazz T-shirt - Size Large:  $10.00End Date: Thursday Jun-1... http://t.co/4eJsxwooF9 http://t.co/k33Sm3HFUt
Tue May 12 17:08:09 +0000 2015,#UtahJazz #jazznation #gojazz #utah Here are the 76ers' new logos featuring Dribbling Ben Franklin (Ball Don'.. http://t.co/MafzMq0wsI
Tue May 12 16:51:27 +0000 2015,#UtahJazz #jazznation #gojazz #forum http://t.co/brjLdAQwXb - Top 10 Jazz Games of 2014-15 (1-5) http://t.co/c4cdUb5bv2
Tue May 12 16:46:22 +0000 2015,#UtahJazz #jazznation #gojazz #forum BREAKING THIS NEWS! IMPORTANT RE:JAKE HEAPS http://t.co/ISdrUrPLjf
Tue May 12 16:44:16 +0000 2015,#NBA #UtahJazz - Purple Utah Jazz T-shirt - Size Large:  $10.00End Date: Thursday Jun-1... http://t.co/YzEra1tlGo http://t.co/lQmogZfBKD
Tue May 12 16:42:26 +0000 2015,Jazz and Partners Contribute Nearly $240000 in Charitable Donations This Season| http://t.co/0rekYRin66 #NBA #UtahJazz
Tue May 12 16:41:24 +0000 2015,#UtahJazz #jazznation #gojazz #forum The Basketball Tournament - Team Utah http://t.co/swzkD9cP9H
Tue May 12 16:37:07 +0000 2015,#UtahJazz #jazznation #gojazz #forum Locked on Jazz - TIP OFF - May 12 - Lots to catch up on http://t.co/YIVJkbINAv
Tue May 12 16:18:50 +0000 2015,#NBA #UtahJazz - Top 10 Jazz Games of 2014-15 (1-5): By Matt Payne utahjazz.c... http://t.co/VbxCBmBXNQ http://t.co/lQmogZfBKD
Tue May 12 16:16:51 +0000 2015,#UtahJazz News Morning links: Jazz's Rodney Hood prepping for next season Combine begins with no invitation f... http://t.co/L2fqHwzfWL
Tue May 12 16:08:09 +0000 2015,#UtahJazz Top 10 Jazz Games of 2014-15 (5-1) http://t.co/tr4Cd4aWWU
Tue May 12 15:52:51 +0000 2015,#NBA #UtahJazz - Vintage Utah Jazz Youth Nba Shirt Size Medium Adidas Jersey Malone Sto... http://t.co/tH12RTGm8C http://t.co/lQmogZfBKD
Tue May 12 15:52:51 +0000 2015,#NBA #UtahJazz - Matt Harpring Utah Jazz Adidas Basketball Jersey Youth Medium Baby Blu... http://t.co/p0VdDkkLpu http://t.co/lQmogZfBKD
Tue May 12 15:32:22 +0000 2015,Nets Fall to the Jazz Tony Parker Lifts the Spurs| http://t.co/wKhYy9g6J4 #NBA #UtahJazz
Tue May 12 14:55:07 +0000 2015,Stockton to Malone #stance #utahjazz Air Jordan 5 grape üçáüçá #takeflight #kotd #kicks0l0gy #‚Ä¶ http://t.co/Qe0wCrNjHc http://t.co/tbzpoRe1tU
Tue May 12 14:48:02 +0000 2015,Stockton to Malone #stance #utahjazz Air Jordan 5 grape üçáüçá #takeflight #kotd #kicks0l0gy #‚Ä¶ http://t.co/ztZ9E34Oik http://t.co/4picf1zX80
Tue May 12 14:47:08 +0000 2015,#flickr Stockton to Malone #stance #utahjazz Air Jordan 5 grape üçáüçá #takeflight #kotd #kick‚Ä¶ http://t.co/ohsgFXHs4U http://t.co/xd5FbO0gNw
Tue May 12 14:37:36 +0000 2015,Jazz Rookie Bryce Cotton Selected to All-NBA D-League Second Team| http://t.co/j3WC9zpI97 #NBA #UtahJazz
Tue May 12 14:15:12 +0000 2015,Playoff Teamwork &amp Celebration Defense Fouls Graduation and Love for Joe Ingles -- Downbeat #1623 http://t.co/EKYHyKt5Gd #UtahJazz #NBA
Tue May 12 14:02:34 +0000 2015,Top 10 Jazz Games of 2014-15 (6-10)| http://t.co/fhqBYNjHRy #NBA #UtahJazz
Tue May 12 13:53:20 +0000 2015,My daughter's homework assignment...I never got homework like this. #TheMailman #UtahJazz http://t.co/qVIzZg56e3
Tue May 12 13:21:10 +0000 2015,#NBA #UtahJazz - Vintage NBA Utah Jazz Adrian Dantley Mitchell and Ness hardwood classi... http://t.co/RZF91wZfSv http://t.co/k33Sm3HFUt
Tue May 12 12:52:45 +0000 2015,#NBA #UtahJazz - Vintage NBA Utah Jazz Adrian Dantley Mitchell and Ness hardwood classi... http://t.co/KYe1BQxwL8 http://t.co/lQmogZfBKD
Tue May 12 12:17:28 +0000 2015,The Roundup√¢¬Ä¬îJazz 91 Rockets 117| http://t.co/PA2COp5wJz #NBA #UtahJazz
Tue May 12 12:15:09 +0000 2015,Western Notes :Chandler Kings Milutinov http://t.co/Zf1maUTkbX #UtahJazz #NBA
Tue May 12 11:55:09 +0000 2015,Prospect Profile :Devin Booker http://t.co/sWc4K97Iqi #UtahJazz #NBA
Tue May 12 11:35:08 +0000 2015,Atlantic Notes :Love Celtics Nets D-Will http://t.co/W5jfRrFONK #UtahJazz #NBA
Tue May 12 11:15:07 +0000 2015,Q&ampA With Draft Prospect Chris Walker http://t.co/gs4kzjOpfA #UtahJazz #NBA
Tue May 12 09:57:44 +0000 2015,Northwest Notes :Lopez Kaman Jazz| http://t.co/DjDYT4m9vY #NBA #UtahJazz
Tue May 12 09:22:42 +0000 2015,Jazz Hold On to Beat the Knicks| http://t.co/ICrkkhJQps #NBA #UtahJazz
Tue May 12 09:01:07 +0000 2015,#SBNation #UtahJazz Utah Jazz Search For The Blue Ocean: The Downbeat http://t.co/MGnqttv8YJ http://t.co/a5mtzFEDK1
Tue May 12 08:47:40 +0000 2015,2015-16 National Anthem Auditions| http://t.co/E7E2gWLvhB #NBA #UtahJazz
Tue May 12 08:34:29 +0000 2015,Utah Jazz sign JP Gibson http://t.co/15phTNCP1e  #cancer #dream #jpgibson #utahjazz
Tue May 12 08:12:38 +0000 2015,Western Notes :Pondexter Draft Jazz| http://t.co/1OzWPtokro #NBA #UtahJazz
Tue May 12 08:06:23 +0000 2015,Date un occhio al mio primo video e datemi consigli grazie :) https://t.co/emPgu0wpYz #NBA2K14 #NBA #BASKET #UTAHJAZZ #GAMEPLAY
Tue May 12 07:37:36 +0000 2015,Cavaliers Win Fourth Straight Pistons Hold Off the Magic| http://t.co/gV9M7IbukN #NBA #UtahJazz
